customer_id,order_date,amount,channel
C00001,2025-08-29,2772.0,App
C00001,2026-02-05,2980.0,Web
C00001,2026-03-10,3503.0,App
C00002,2025-07-08,11555.0,App
C00002,2025-08-08,5557.0,Web
C00002,2025-08-22,14363.0,App
C00002,2025-08-24,6975.0,Store
C00002,2025-09-20,10109.0,Web
C00002,2025-10-11,6924.0,App
C00002,2025-10-17,6979.0,Store
C00002,2025-11-09,5750.0,Web
C00003,2025-09-11,6457.0,Web
C00003,2025-11-03,3495.0,Web
C00003,2025-11-21,5895.0,App
C00004,2025-05-01,2423.0,App
C00004,2025-05-16,4564.0,App
C00004,2025-09-13,3646.0,Store
C00005,2025-04-25,5802.0,Web
C00005,2025-07-03,2823.0,App
C00005,2025-08-28,5324.0,Web
C00005,2025-09-22,7143.0,Web
C00005,2025-10-28,5608.0,Web
C00005,2025-11-18,4880.0,Web
C00005,2026-01-26,4442.0,Web
C00005,2026-04-25,3305.0,Web
C00005,2026-05-12,4485.0,Web
C00005,2026-06-15,7639.0,Web
C00005,2026-06-24,4401.0,Web
C00006,2025-03-29,4474.0,Web
C00006,2025-04-20,5595.0,Web
C00006,2025-06-01,2151.0,Store
C00006,2025-07-19,3150.0,Web
C00006,2025-09-30,1455.0,Store
C00006,2025-12-10,1795.0,Store
C00006,2026-02-11,5069.0,Web
C00006,2026-05-08,2564.0,App
C00006,2026-06-07,1920.0,App
C00007,2025-07-30,5079.0,Web
C00007,2025-08-31,3064.0,Web
C00007,2025-09-22,3227.0,Web
C00007,2025-10-28,4449.0,Web
C00007,2026-02-01,3356.0,App
C00008,2025-09-06,3438.0,Web
C00008,2025-12-21,4310.0,Store
C00008,2026-02-14,4044.0,App
C00009,2025-07-30,5112.0,App
C00009,2025-09-12,3937.0,App
C00009,2025-10-01,5357.0,Web
C00009,2025-10-21,6447.0,App
C00009,2025-11-02,4410.0,Web
C00009,2026-01-10,9395.0,Web
C00009,2026-05-05,5079.0,Web
C00010,2025-05-25,3630.0,App
C00010,2025-06-10,2140.0,Store
C00010,2025-07-23,3173.0,Web
C00011,2025-03-16,6257.0,Web
C00011,2025-04-15,8344.0,Web
C00011,2025-05-04,7892.0,Web
C00011,2025-05-07,10084.0,Store
C00011,2025-05-28,5823.0,Web
C00011,2025-06-21,7157.0,Web
C00011,2025-06-25,6904.0,Store
C00011,2025-07-23,9026.0,App
C00011,2025-07-28,4928.0,Web
C00011,2025-08-07,10070.0,Web
C00011,2025-08-12,8305.0,Web
C00011,2025-08-21,4449.0,App
C00011,2025-08-27,10768.0,Web
C00011,2025-10-04,15419.0,Store
C00011,2025-10-20,10017.0,Store
C00011,2025-11-02,11624.0,Web
C00011,2025-12-12,7268.0,App
C00012,2025-05-03,3100.0,Web
C00012,2025-05-25,1681.0,Web
C00012,2025-06-24,4885.0,Web
C00012,2025-09-08,2677.0,App
C00012,2025-11-27,3689.0,Web
C00012,2025-12-14,2364.0,Web
C00013,2025-04-25,1996.0,Web
C00013,2025-06-03,4268.0,Web
C00013,2025-07-01,2431.0,Web
C00014,2025-03-09,5127.0,Web
C00014,2025-03-15,2635.0,App
C00014,2025-04-29,1991.0,Web
C00014,2025-08-15,2869.0,App
C00014,2026-01-11,3583.0,Web
C00015,2025-05-09,6322.0,Web
C00015,2025-05-30,7475.0,Web
C00015,2025-07-05,9265.0,App
C00015,2025-08-01,9701.0,Web
C00015,2025-08-31,7791.0,Web
C00015,2025-09-13,8658.0,Web
C00015,2025-10-12,7215.0,Web
C00015,2025-11-01,5572.0,Web
C00015,2025-12-05,6438.0,App
C00015,2025-12-15,7101.0,App
C00016,2026-06-12,3365.0,Web
C00016,2026-07-18,4092.0,Web
C00017,2025-03-15,939.0,Web
C00017,2025-04-24,2160.0,Web
C00017,2025-05-08,2245.0,Web
C00018,2025-06-07,4159.0,App
C00018,2025-06-22,2195.0,App
C00018,2025-07-02,3787.0,Web
C00018,2025-07-29,5414.0,App
C00018,2025-09-04,6420.0,Web
C00018,2025-09-11,3470.0,App
C00018,2025-10-01,7030.0,Web
C00018,2025-10-21,2517.0,App
C00018,2025-11-17,2802.0,App
C00018,2025-12-14,6131.0,App
C00018,2026-01-25,9006.0,Web
C00018,2026-02-13,5623.0,App
C00018,2026-03-31,4542.0,App
C00018,2026-04-22,1918.0,Web
C00018,2026-05-14,2055.0,Store
C00018,2026-05-20,4861.0,App
C00018,2026-06-02,4000.0,Store
C00019,2025-09-29,3230.0,Web
C00019,2025-12-06,3255.0,App
C00019,2026-03-08,2674.0,Web
C00019,2026-05-14,5203.0,Web
C00020,2025-03-03,1974.0,App
C00020,2025-04-20,3044.0,Web
C00020,2025-06-08,1899.0,App
C00021,2025-04-19,2760.0,Store
C00021,2025-05-06,5178.0,App
C00021,2025-12-17,4052.0,Web
C00021,2025-12-25,1755.0,App
C00022,2025-05-09,4651.0,App
C00022,2025-06-12,7465.0,App
C00022,2025-07-26,12560.0,Store
C00022,2025-09-02,6621.0,Web
C00022,2025-09-24,8251.0,Web
C00022,2025-10-09,8540.0,Web
C00022,2025-10-17,4908.0,Web
C00022,2025-11-08,8435.0,Web
C00022,2025-11-26,4331.0,Store
C00022,2026-01-03,5667.0,Web
C00022,2026-01-31,10280.0,Web
C00023,2025-04-24,1734.0,App
C00023,2025-10-14,4823.0,App
C00023,2025-11-01,2720.0,App
C00023,2025-12-28,4664.0,App
C00023,2026-02-20,2193.0,App
C00024,2025-04-11,2181.0,App
C00024,2025-08-17,4369.0,Web
C00024,2025-11-19,3329.0,Web
C00024,2025-12-10,1797.0,Web
C00024,2025-12-21,2930.0,Web
C00024,2026-02-10,5889.0,Web
C00025,2025-03-19,3076.0,Web
C00025,2025-05-17,3635.0,Web
C00025,2025-07-28,7894.0,App
C00025,2025-08-15,1995.0,App
C00026,2025-04-22,4544.0,App
C00026,2025-06-07,5974.0,Web
C00026,2025-11-02,3398.0,Web
C00026,2025-11-23,3661.0,Web
C00026,2026-02-15,3835.0,App
C00026,2026-05-13,2200.0,Web
C00026,2026-07-11,6515.0,App
C00027,2025-07-21,1912.0,App
C00028,2025-05-20,7737.0,Web
C00028,2025-06-23,6029.0,Web
C00028,2025-07-07,9159.0,Web
C00028,2025-07-11,7894.0,Web
C00028,2025-08-17,6432.0,App
C00028,2025-08-21,5210.0,App
C00028,2025-10-04,8264.0,App
C00028,2025-10-13,4922.0,App
C00028,2025-10-17,8739.0,Web
C00028,2025-10-28,18868.0,Web
C00028,2025-11-13,12070.0,Web
C00028,2025-12-01,9676.0,Web
C00028,2025-12-26,7303.0,Web
C00028,2026-01-14,3818.0,Web
C00028,2026-03-05,4737.0,Web
C00028,2026-03-20,11789.0,Web
C00028,2026-04-09,5707.0,App
C00028,2026-04-28,5891.0,App
C00028,2026-05-01,7101.0,Store
C00028,2026-05-07,5189.0,App
C00028,2026-05-24,4898.0,App
C00028,2026-06-15,7393.0,Web
C00028,2026-06-17,5508.0,App
C00028,2026-08-08,5806.0,Web
C00029,2025-05-10,3585.0,Web
C00029,2025-06-19,4298.0,Web
C00029,2025-08-13,6250.0,Web
C00029,2025-09-07,4214.0,App
C00029,2025-09-30,3784.0,Web
C00029,2025-12-30,4263.0,App
C00029,2026-01-22,2775.0,Web
C00029,2026-02-08,5410.0,App
C00029,2026-04-01,2259.0,Web
C00029,2026-04-26,3864.0,Web
C00029,2026-06-27,6254.0,Web
C00030,2025-06-20,1303.0,Web
C00030,2025-07-03,3218.0,Web
C00030,2025-08-13,1320.0,Web
C00031,2025-10-05,4378.0,Store
C00031,2025-12-09,1627.0,App
C00031,2026-01-20,2928.0,Store
C00032,2025-04-25,2832.0,Web
C00032,2025-05-28,5304.0,Web
C00032,2025-08-14,2275.0,App
C00032,2025-08-16,3075.0,Web
C00032,2025-10-26,3435.0,Web
C00032,2026-01-18,6383.0,Web
C00033,2026-07-08,2354.0,Web
C00033,2026-08-02,2508.0,Store
C00034,2025-03-29,9057.0,Web
C00034,2025-04-21,4662.0,Web
C00034,2025-05-07,12536.0,Web
C00034,2025-05-23,3870.0,Web
C00034,2025-06-09,4813.0,Web
C00034,2025-08-07,8164.0,Store
C00034,2025-08-08,12631.0,Web
C00034,2025-11-07,7877.0,Web
C00034,2025-11-16,8590.0,Web
C00034,2025-11-26,7098.0,Web
C00034,2025-12-10,4925.0,Web
C00034,2025-12-13,5942.0,Web
C00034,2025-12-31,4616.0,Web
C00035,2025-05-21,1086.0,Web
C00035,2025-06-14,1815.0,Store
C00035,2025-06-23,3559.0,Store
C00036,2025-08-09,6331.0,Web
C00036,2025-10-01,2614.0,App
C00036,2025-10-08,2601.0,Web
C00036,2025-10-15,3412.0,Web
C00036,2025-10-22,3025.0,Web
C00036,2025-11-04,6243.0,Web
C00036,2026-01-25,5312.0,App
C00036,2026-02-16,7164.0,Web
C00036,2026-02-19,5409.0,App
C00036,2026-03-17,5017.0,Web
C00036,2026-04-25,7458.0,App
C00036,2026-06-06,5570.0,Web
C00036,2026-06-18,4743.0,Store
C00037,2025-05-19,6216.0,Store
C00037,2025-06-12,6294.0,Web
C00037,2025-08-17,5261.0,App
C00037,2025-09-03,4167.0,Web
C00037,2025-09-23,4001.0,Web
C00037,2025-12-12,2671.0,Web
C00037,2026-01-30,3344.0,App
C00037,2026-02-27,3599.0,App
C00037,2026-03-13,2944.0,Web
C00037,2026-04-02,5504.0,Web
C00037,2026-04-09,7449.0,Web
C00037,2026-05-19,3210.0,App
C00037,2026-06-07,5170.0,App
C00038,2025-06-21,3200.0,App
C00038,2025-07-14,3069.0,Store
C00038,2025-07-28,3645.0,Web
C00039,2026-06-27,3993.0,App
C00039,2026-07-13,4267.0,App
C00040,2025-04-22,1697.0,Web
C00040,2025-05-09,2302.0,App
C00040,2025-06-04,3503.0,Store
C00041,2025-06-09,7686.0,Web
C00041,2025-06-19,10236.0,Web
C00041,2025-07-09,5615.0,Web
C00041,2025-07-27,5662.0,Store
C00041,2025-08-04,7517.0,App
C00041,2025-08-20,8158.0,Store
C00041,2025-09-05,5287.0,Web
C00041,2025-10-09,6872.0,App
C00041,2025-11-03,6826.0,App
C00041,2025-12-01,3249.0,App
C00041,2026-01-04,6533.0,Store
C00042,2025-07-22,2241.0,App
C00042,2025-11-26,1856.0,App
C00042,2025-12-27,4055.0,Web
C00042,2026-02-08,1430.0,Web
C00043,2025-03-26,2302.0,Web
C00043,2025-04-27,2274.0,Web
C00043,2025-06-13,2366.0,Web
C00043,2025-06-16,4398.0,App
C00043,2025-11-27,2017.0,App
C00043,2026-03-01,3714.0,Web
C00043,2026-04-06,4426.0,App
C00043,2026-05-07,3040.0,Web
C00044,2026-08-02,2466.0,Web
C00045,2025-05-24,2168.0,Web
C00045,2025-07-16,2324.0,Web
C00045,2025-08-31,2459.0,Store
C00045,2025-09-09,3721.0,Web
C00045,2026-04-14,5776.0,Store
C00045,2026-04-25,5079.0,App
C00046,2025-05-02,9131.0,Web
C00046,2025-05-27,3122.0,Web
C00046,2025-08-25,3760.0,Web
C00046,2025-11-30,3786.0,App
C00046,2026-01-02,2681.0,App
C00046,2026-02-12,2280.0,Web
C00046,2026-05-03,8218.0,Web
C00046,2026-06-04,4968.0,App
C00047,2025-05-13,12450.0,Web
C00047,2025-05-15,8530.0,Store
C00047,2025-07-22,22165.0,Web
C00047,2025-08-06,4647.0,Web
C00047,2025-09-09,5542.0,App
C00047,2025-09-23,8168.0,Web
C00047,2025-10-16,8107.0,Web
C00047,2025-11-02,13960.0,Web
C00047,2025-11-21,5583.0,Web
C00047,2026-01-01,9683.0,App
C00048,2026-06-16,2427.0,App
C00048,2026-06-23,2733.0,App
C00049,2025-05-25,3359.0,Web
C00049,2025-06-11,1328.0,Web
C00049,2025-07-05,2019.0,App
C00050,2025-04-09,3917.0,App
C00050,2025-05-20,9083.0,App
C00050,2025-06-12,3469.0,App
C00050,2025-07-01,3516.0,Web
C00050,2025-07-18,4381.0,Web
C00050,2025-09-29,5447.0,Web
C00050,2025-10-09,3868.0,App
C00050,2025-11-23,2459.0,Store
C00050,2026-01-07,3265.0,Web
C00050,2026-03-05,7706.0,App
C00050,2026-03-29,4756.0,Web
C00050,2026-06-22,5528.0,Web
C00051,2025-03-09,5815.0,App
C00051,2025-04-20,3279.0,Store
C00051,2025-05-24,4904.0,App
C00051,2025-06-26,3823.0,App
C00051,2025-08-17,4670.0,Web
C00051,2025-08-31,4177.0,Web
C00051,2025-09-18,2042.0,Web
C00051,2025-09-26,7229.0,App
C00051,2025-10-11,4468.0,Web
C00051,2025-12-18,3802.0,App
C00051,2026-02-06,3689.0,Web
C00051,2026-05-24,5327.0,Web
C00052,2025-04-05,7044.0,Web
C00052,2025-04-24,4460.0,App
C00052,2025-05-05,7386.0,App
C00052,2025-05-06,4216.0,Web
C00052,2025-05-27,9055.0,App
C00052,2025-06-09,8589.0,Web
C00052,2025-06-12,14672.0,Web
C00052,2025-06-17,10124.0,App
C00052,2025-07-15,6489.0,Web
C00052,2025-07-18,10019.0,App
C00052,2025-07-28,4614.0,Web
C00052,2025-09-17,5373.0,Web
C00052,2025-10-08,8455.0,Web
C00052,2025-11-02,3535.0,App
C00052,2025-11-14,7427.0,App
C00052,2025-11-17,5265.0,App
C00052,2025-12-04,7796.0,Store
C00052,2025-12-10,5160.0,App
C00052,2025-12-15,8729.0,App
C00052,2025-12-31,7576.0,Web
C00052,2026-01-06,12284.0,Store
C00052,2026-01-20,7542.0,App
C00052,2026-01-28,5750.0,App
C00052,2026-02-11,6902.0,Web
C00052,2026-02-21,4701.0,Web
C00052,2026-03-07,8674.0,App
C00052,2026-04-14,9250.0,Web
C00052,2026-05-09,17857.0,Web
C00052,2026-05-22,6053.0,Store
C00052,2026-06-25,6851.0,Web
C00052,2026-07-15,6151.0,Web
C00052,2026-08-17,8105.0,Web
C00052,2026-08-21,8600.0,Web
C00052,2026-08-27,7385.0,App
C00053,2025-09-19,3296.0,Web
C00053,2025-12-03,4860.0,Web
C00053,2025-12-18,4552.0,Web
C00053,2026-01-05,2944.0,Web
C00053,2026-02-08,2777.0,Web
C00053,2026-05-25,1446.0,App
C00053,2026-06-22,1966.0,Web
C00053,2026-08-12,3650.0,Web
C00054,2025-06-22,2761.0,Web
C00055,2025-03-09,2320.0,App
C00055,2025-04-01,3716.0,Web
C00055,2025-08-08,7050.0,App
C00055,2025-08-17,6567.0,Web
C00055,2025-11-19,3719.0,Web
C00055,2026-01-27,3895.0,Web
C00056,2025-03-08,2112.0,Web
C00056,2025-06-06,1056.0,Web
C00056,2025-06-07,2552.0,App
C00056,2025-09-14,4455.0,Store
C00056,2025-10-12,2698.0,Web
C00056,2025-12-09,4536.0,Web
C00056,2026-02-26,3382.0,Web
C00057,2025-03-23,3203.0,Store
C00057,2025-06-11,3749.0,App
C00057,2025-07-04,3920.0,Web
C00058,2025-04-26,2988.0,Web
C00058,2025-05-26,1814.0,App
C00058,2025-07-09,4653.0,Web
C00059,2025-06-08,2857.0,Web
C00059,2025-06-27,1313.0,Web
C00059,2025-10-02,3040.0,Web
C00059,2025-10-16,3822.0,App
C00059,2025-12-06,3623.0,App
C00059,2026-01-07,8476.0,Web
C00059,2026-03-08,3611.0,App
C00059,2026-04-21,6565.0,App
C00059,2026-06-18,4581.0,Web
C00059,2026-07-01,4538.0,Web
C00059,2026-07-08,3305.0,Web
C00060,2025-03-01,3560.0,Web
C00060,2025-03-15,3476.0,Web
C00060,2025-04-09,2763.0,Web
C00060,2025-04-27,2533.0,Web
C00060,2025-06-28,4269.0,App
C00060,2025-08-25,3641.0,App
C00060,2025-09-11,7187.0,Web
C00060,2025-10-12,5190.0,App
C00060,2025-12-01,5132.0,App
C00060,2026-01-11,3429.0,Web
C00060,2026-02-24,4397.0,Web
C00060,2026-03-10,5333.0,Web
C00060,2026-06-13,6147.0,Web
C00061,2025-07-08,3920.0,Web
C00061,2025-09-08,2400.0,Web
C00061,2025-09-26,3107.0,Web
C00062,2025-07-23,3154.0,App
C00062,2025-08-27,2430.0,Web
C00062,2025-09-18,2602.0,App
C00063,2025-07-11,2485.0,Web
C00063,2025-07-26,2648.0,App
C00064,2025-04-29,3412.0,Web
C00064,2025-08-14,4646.0,Web
C00064,2025-09-07,2029.0,App
C00064,2025-12-31,2474.0,App
C00064,2026-03-31,3429.0,Web
C00065,2025-07-20,5778.0,Web
C00065,2025-07-27,2417.0,App
C00065,2025-08-30,3597.0,Web
C00066,2025-04-06,3139.0,App
C00066,2025-05-06,2846.0,App
C00066,2025-07-12,1486.0,Web
C00067,2025-06-21,3885.0,Web
C00067,2025-07-18,2316.0,Web
C00067,2025-07-31,2335.0,Web
C00068,2026-07-28,8142.0,Web
C00068,2026-08-11,2899.0,App
C00069,2025-05-09,15989.0,Web
C00069,2025-05-24,7781.0,App
C00069,2025-06-10,4966.0,Web
C00069,2025-07-29,8015.0,Store
C00069,2025-08-21,4688.0,App
C00069,2025-08-31,4946.0,App
C00069,2025-10-09,5227.0,App
C00069,2025-11-04,6441.0,App
C00069,2025-11-14,10445.0,App
C00069,2025-12-19,9213.0,Web
C00069,2025-12-23,9036.0,Web
C00069,2025-12-29,5122.0,App
C00069,2026-01-01,6226.0,Web
C00069,2026-01-03,8276.0,Web
C00069,2026-02-06,6039.0,App
C00069,2026-02-23,6826.0,Web
C00069,2026-02-26,8782.0,Web
C00069,2026-03-13,6660.0,App
C00069,2026-04-10,8144.0,Web
C00069,2026-04-18,13140.0,App
C00069,2026-04-30,7085.0,Web
C00069,2026-06-22,11370.0,App
C00069,2026-07-04,9152.0,App
C00069,2026-07-08,4503.0,Web
C00069,2026-07-18,5116.0,Web
C00069,2026-07-21,5621.0,Web
C00069,2026-08-14,5579.0,Web
C00069,2026-08-21,7291.0,Web
C00070,2025-07-15,6163.0,Web
C00070,2025-08-25,5583.0,Web
C00070,2025-10-13,7718.0,Web
C00070,2025-11-12,3931.0,Web
C00071,2026-06-17,6426.0,Web
C00071,2026-07-05,4255.0,Web
C00072,2025-04-17,10465.0,App
C00072,2025-05-04,5498.0,Store
C00072,2025-06-12,8662.0,Web
C00072,2025-07-01,7555.0,Store
C00072,2025-07-29,3875.0,App
C00072,2025-08-08,13720.0,App
C00072,2025-08-30,4263.0,Web
C00072,2025-09-10,8170.0,Web
C00072,2025-09-23,8086.0,App
C00072,2025-10-07,7769.0,Web
C00072,2025-10-23,5933.0,Web
C00072,2025-11-28,9423.0,App
C00072,2025-12-11,4086.0,App
C00073,2025-03-10,5174.0,Web
C00073,2025-03-22,2641.0,Web
C00073,2025-04-22,1978.0,Web
C00073,2025-08-08,2611.0,Web
C00073,2025-08-24,971.0,Web
C00073,2025-10-25,2996.0,Web
C00073,2025-12-08,2930.0,App
C00073,2026-01-18,4584.0,Web
C00074,2026-06-26,2655.0,App
C00074,2026-07-03,4292.0,Web
C00075,2025-07-01,7576.0,Web
C00075,2025-07-14,4688.0,Store
C00075,2025-08-16,5450.0,Store
C00075,2025-09-30,4747.0,Web
C00075,2025-12-09,6479.0,Web
C00075,2026-01-12,3509.0,Web
C00075,2026-02-08,3114.0,Web
C00075,2026-03-15,3575.0,Web
C00075,2026-03-28,4803.0,Web
C00075,2026-04-11,4225.0,Web
C00075,2026-05-07,6132.0,App
C00075,2026-05-10,7778.0,Web
C00075,2026-05-29,3124.0,Web
C00075,2026-06-20,3441.0,Web
C00076,2026-07-04,5271.0,Store
C00076,2026-07-25,3172.0,Web
C00077,2026-07-01,7134.0,App
C00077,2026-07-22,4667.0,Web
C00078,2025-04-18,2258.0,Web
C00078,2025-05-21,5009.0,Web
C00078,2025-06-12,3355.0,Web
C00079,2025-07-11,3267.0,Web
C00079,2025-08-09,3331.0,App
C00079,2025-08-28,2195.0,Web
C00080,2025-03-11,3230.0,App
C00080,2025-03-22,5818.0,Store
C00080,2025-09-13,4260.0,Web
C00080,2025-11-15,2133.0,Store
C00081,2025-05-02,1301.0,App
C00081,2025-07-24,1784.0,App
C00081,2025-08-06,4158.0,App
C00082,2025-05-19,9792.0,App
C00082,2025-07-24,7233.0,Web
C00082,2025-09-30,4681.0,Web
C00082,2025-10-03,5718.0,Web
C00082,2025-10-13,6532.0,App
C00082,2025-10-30,7706.0,App
C00082,2025-11-23,5967.0,App
C00082,2025-12-15,5084.0,App
C00082,2026-01-02,4654.0,Web
C00082,2026-01-09,3958.0,Web
C00082,2026-02-05,6498.0,Web
C00083,2025-09-07,2794.0,App
C00083,2025-12-12,3731.0,Web
C00083,2025-12-19,2749.0,Web
C00083,2026-03-12,4674.0,App
C00084,2025-06-14,6319.0,Store
C00084,2025-07-27,2793.0,App
C00084,2025-08-25,5609.0,Web
C00084,2025-09-12,2809.0,Store
C00084,2025-11-10,2546.0,Web
C00084,2025-12-17,5079.0,Web
C00084,2026-01-14,5690.0,Web
C00084,2026-02-25,6625.0,Web
C00084,2026-03-28,5631.0,Web
C00085,2025-05-15,9047.0,Web
C00085,2025-05-24,9150.0,Web
C00085,2025-06-09,8618.0,App
C00085,2025-06-19,8652.0,Store
C00085,2025-06-22,8369.0,App
C00085,2025-06-28,13583.0,Web
C00085,2025-07-17,11068.0,Web
C00085,2025-07-23,5192.0,App
C00085,2025-08-21,9941.0,Web
C00085,2025-09-11,10283.0,App
C00085,2025-09-30,8402.0,Web
C00085,2025-10-16,11181.0,Web
C00085,2025-10-24,8037.0,App
C00085,2025-11-16,8072.0,Web
C00085,2025-11-24,7851.0,Store
C00085,2025-12-24,3713.0,Web
C00085,2026-02-02,7316.0,Web
C00085,2026-02-19,5955.0,Web
C00085,2026-03-28,4968.0,Web
C00085,2026-04-03,12430.0,Web
C00085,2026-04-24,8977.0,Web
C00085,2026-05-09,7447.0,App
C00085,2026-06-04,6175.0,App
C00085,2026-06-06,8347.0,Web
C00085,2026-07-01,10646.0,Web
C00085,2026-07-10,5634.0,Web
C00085,2026-07-25,7512.0,App
C00086,2025-06-06,4074.0,App
C00086,2025-06-25,6184.0,App
C00086,2025-09-23,2718.0,App
C00086,2025-10-03,4625.0,Web
C00086,2025-10-18,5073.0,Store
C00086,2026-01-20,7328.0,App
C00086,2026-01-27,2448.0,App
C00086,2026-03-09,4673.0,Web
C00086,2026-04-24,2990.0,Web
C00086,2026-06-14,5650.0,Web
C00087,2025-05-16,1605.0,App
C00087,2025-07-09,3645.0,Web
C00087,2025-10-21,1940.0,Web
C00087,2025-11-25,5003.0,App
C00088,2025-03-25,4407.0,App
C00088,2025-04-23,2087.0,App
C00088,2025-06-11,1459.0,Web
C00089,2025-04-23,6581.0,App
C00089,2025-08-03,3112.0,Web
C00089,2025-08-21,6036.0,App
C00089,2025-08-26,3730.0,App
C00089,2025-10-17,4646.0,App
C00089,2025-12-06,8135.0,Web
C00089,2025-12-19,6375.0,Web
C00089,2026-01-02,6346.0,Web
C00089,2026-03-02,9904.0,Web
C00089,2026-04-15,3483.0,Web
C00089,2026-05-11,3111.0,Web
C00089,2026-06-27,3458.0,Web
C00089,2026-08-07,4169.0,App
C00090,2025-04-13,3253.0,Web
C00090,2025-05-02,2783.0,Web
C00090,2025-06-04,1495.0,Web
C00091,2025-07-24,4867.0,Web
C00091,2025-09-21,5354.0,Web
C00091,2025-11-14,5873.0,Web
C00091,2025-12-01,2851.0,App
C00091,2025-12-30,4497.0,App
C00091,2026-02-15,9003.0,Web
C00091,2026-03-15,9163.0,Web
C00091,2026-04-02,6851.0,Web
C00091,2026-05-04,5283.0,App
C00091,2026-06-16,3088.0,App
C00091,2026-07-01,6153.0,Web
C00092,2025-03-21,1705.0,Web
C00092,2025-03-29,2635.0,Store
C00092,2025-05-10,2995.0,App
C00093,2025-03-08,4537.0,App
C00093,2025-03-25,6540.0,Web
C00093,2025-04-06,7309.0,Web
C00093,2025-05-13,7644.0,Web
C00093,2025-06-08,8314.0,Web
C00093,2025-06-15,9739.0,Web
C00093,2025-07-06,5537.0,Store
C00093,2025-08-07,5554.0,App
C00093,2025-08-15,11722.0,Store
C00093,2025-09-05,9240.0,Web
C00093,2025-09-30,6153.0,Web
C00093,2025-10-23,6795.0,Web
C00093,2025-11-02,6805.0,App
C00093,2025-11-16,7133.0,Web
C00093,2025-12-31,8324.0,App
C00094,2025-06-18,6609.0,Web
C00094,2025-06-19,5625.0,Web
C00094,2025-07-29,8471.0,App
C00094,2025-08-26,5809.0,App
C00094,2025-08-29,8075.0,App
C00094,2025-09-07,7125.0,Web
C00094,2025-09-26,6343.0,Web
C00094,2025-10-01,6289.0,Web
C00094,2025-10-29,5905.0,App
C00094,2025-11-14,3965.0,Web
C00094,2025-11-28,8066.0,Web
C00094,2025-12-19,7650.0,App
C00094,2026-01-10,9498.0,App
C00094,2026-02-02,5857.0,Web
C00095,2026-06-28,1764.0,Web
C00095,2026-07-13,3303.0,Web
C00096,2025-05-01,2013.0,App
C00096,2025-06-05,3918.0,Store
C00096,2025-07-15,791.0,App
C00097,2025-03-04,10493.0,Web
C00097,2025-03-17,9223.0,App
C00097,2025-04-12,10485.0,Web
C00097,2025-05-14,8653.0,Store
C00097,2025-09-02,8868.0,App
C00097,2025-09-23,8465.0,Web
C00097,2025-10-05,9560.0,App
C00097,2025-10-10,3733.0,Web
C00097,2025-10-29,4172.0,App
C00097,2025-11-17,5452.0,Web
C00097,2025-11-20,6741.0,App
C00098,2025-05-26,5240.0,App
C00098,2025-09-15,4836.0,Web
C00098,2025-10-22,4942.0,Web
C00098,2026-01-27,7796.0,Web
C00098,2026-03-05,3632.0,App
C00098,2026-04-25,4129.0,Web
C00099,2025-06-01,3686.0,Web
C00099,2025-08-23,3080.0,Web
C00099,2025-09-26,9839.0,App
C00099,2025-12-07,5562.0,Web
C00099,2026-01-21,5803.0,Web
C00099,2026-02-17,6572.0,Web
C00099,2026-03-06,6283.0,Web
C00099,2026-03-29,3913.0,Web
C00099,2026-05-23,5147.0,App
C00099,2026-06-18,4145.0,Web
C00100,2025-08-17,3114.0,Web
C00100,2025-09-09,1664.0,Web
C00100,2025-11-21,2434.0,App
C00100,2026-01-14,2789.0,Web
C00101,2025-07-25,2166.0,Web
C00101,2025-10-27,2795.0,App
C00101,2026-03-01,4492.0,App
C00102,2025-07-20,2172.0,App
C00102,2025-07-31,1432.0,App
C00102,2025-08-20,2469.0,App
C00103,2026-07-21,2213.0,Web
C00103,2026-08-14,5758.0,App
C00104,2025-08-11,4736.0,Web
C00104,2025-12-24,2846.0,Web
C00104,2026-02-22,4593.0,Store
C00104,2026-06-11,6815.0,App
C00105,2025-09-16,2729.0,Web
C00105,2026-03-19,2940.0,Web
C00106,2025-04-28,3365.0,App
C00106,2025-05-27,3876.0,Web
C00106,2025-10-29,2771.0,Web
C00106,2026-01-10,2836.0,Web
C00106,2026-03-06,6820.0,Web
C00107,2025-07-04,21683.0,App
C00107,2025-07-25,3184.0,Web
C00107,2025-08-04,8998.0,Store
C00107,2025-08-22,3746.0,Store
C00107,2025-08-28,8191.0,Web
C00107,2025-09-28,6562.0,Web
C00107,2025-10-26,7382.0,App
C00107,2025-10-30,5127.0,Web
C00107,2025-10-31,9271.0,Web
C00107,2025-11-03,4249.0,Web
C00108,2026-07-31,3619.0,App
C00109,2025-03-01,2394.0,Web
C00109,2025-03-22,6118.0,Web
C00109,2025-03-31,6264.0,Web
C00109,2025-06-28,4703.0,Web
C00109,2025-07-29,3262.0,Store
C00109,2025-07-31,3120.0,App
C00109,2025-08-29,6957.0,Web
C00109,2025-10-06,2522.0,Web
C00109,2025-11-15,7066.0,Web
C00109,2025-11-29,4320.0,Web
C00109,2026-01-07,4442.0,Web
C00109,2026-02-15,2331.0,App
C00109,2026-03-26,4353.0,App
C00109,2026-05-26,5900.0,Web
C00109,2026-06-09,2704.0,App
C00110,2025-08-05,4596.0,Web
C00110,2025-08-22,2945.0,Web
C00110,2025-12-08,2275.0,Store
C00111,2025-05-23,2522.0,App
C00111,2025-07-08,4302.0,Web
C00111,2025-07-27,2249.0,App
C00112,2026-06-30,4777.0,App
C00113,2026-06-20,5076.0,Web
C00113,2026-06-28,4147.0,Web
C00114,2025-05-19,3201.0,Web
C00114,2025-08-31,1783.0,Web
C00114,2025-09-14,1803.0,App
C00115,2025-07-16,4137.0,Web
C00115,2025-08-24,4237.0,Web
C00115,2025-09-18,4893.0,App
C00115,2025-11-04,3487.0,Web
C00115,2026-01-09,5501.0,Web
C00115,2026-03-16,8250.0,App
C00115,2026-04-11,2729.0,Web
C00115,2026-05-02,2939.0,App
C00115,2026-06-13,3804.0,App
C00115,2026-07-10,3876.0,Web
C00116,2025-08-16,3711.0,App
C00116,2025-10-26,7648.0,App
C00116,2025-11-10,3102.0,Web
C00116,2026-01-11,4857.0,Store
C00117,2025-04-14,4935.0,App
C00117,2025-06-02,3598.0,Web
C00117,2025-07-03,2375.0,App
C00117,2025-08-25,3268.0,Web
C00117,2026-04-11,2551.0,Web
C00118,2025-09-06,3212.0,Web
C00118,2025-09-15,978.0,Web
C00118,2025-10-06,1941.0,Web
C00118,2025-12-20,3215.0,App
C00119,2025-06-28,7589.0,Web
C00119,2025-07-17,9208.0,Web
C00119,2025-08-01,6377.0,App
C00119,2025-09-03,7034.0,Web
C00119,2025-09-18,5596.0,Web
C00119,2025-10-04,9680.0,App
C00119,2025-10-31,5534.0,App
C00119,2025-11-08,11863.0,App
C00119,2025-11-28,6316.0,Web
C00119,2025-12-07,7105.0,App
C00119,2025-12-23,9200.0,App
C00119,2025-12-27,7114.0,Web
C00119,2026-01-05,6356.0,Web
C00119,2026-01-16,6981.0,Web
C00119,2026-02-02,9645.0,Web
C00120,2025-04-02,3050.0,Store
C00120,2025-06-09,2488.0,Web
C00120,2025-06-28,3691.0,Web
C00121,2025-05-13,3352.0,Web
C00121,2025-06-11,2435.0,Web
C00121,2025-06-23,2137.0,Web
C00122,2025-05-16,2640.0,App
C00122,2025-06-10,3729.0,App
C00123,2025-05-21,4019.0,Store
C00123,2025-10-22,7655.0,App
C00123,2025-11-03,2587.0,Web
C00123,2025-11-13,5790.0,App
C00123,2025-11-27,7523.0,Web
C00123,2025-12-13,4762.0,Store
C00123,2026-03-11,5752.0,Web
C00123,2026-04-01,9335.0,App
C00123,2026-04-06,10062.0,App
C00123,2026-05-12,4503.0,Web
C00123,2026-06-02,3730.0,App
C00123,2026-06-20,3195.0,Web
C00123,2026-07-03,6822.0,Web
C00124,2025-05-04,7141.0,Web
C00124,2025-05-09,5873.0,Store
C00124,2025-05-28,6249.0,Web
C00124,2025-06-06,12841.0,Web
C00124,2025-06-15,4964.0,App
C00124,2025-07-26,5073.0,Web
C00124,2025-08-10,12397.0,App
C00124,2025-08-28,8778.0,App
C00124,2025-09-06,14817.0,Web
C00124,2025-09-17,6025.0,App
C00124,2025-10-03,7373.0,Web
C00124,2025-11-03,5598.0,App
C00124,2025-11-12,7417.0,Web
C00125,2025-03-18,6420.0,App
C00125,2025-03-22,12557.0,Web
C00125,2025-04-06,9958.0,Web
C00125,2025-04-18,8403.0,Web
C00125,2025-04-23,6723.0,Store
C00125,2025-05-18,8451.0,Web
C00125,2025-05-24,7468.0,App
C00125,2025-05-28,5964.0,Store
C00125,2025-06-24,7872.0,App
C00125,2025-07-06,8257.0,Web
C00125,2025-07-15,6598.0,Web
C00125,2025-08-12,10325.0,Web
C00125,2025-08-18,11814.0,App
C00125,2025-08-21,10566.0,Store
C00125,2025-09-27,6831.0,App
C00125,2025-11-15,9803.0,Web
C00125,2025-11-30,7733.0,Web
C00125,2025-12-14,4883.0,App
C00125,2026-01-12,9522.0,Web
C00125,2026-02-16,7920.0,App
C00125,2026-02-23,18652.0,Web
C00125,2026-03-08,12531.0,App
C00125,2026-03-27,9651.0,App
C00125,2026-04-24,8210.0,Web
C00125,2026-05-20,7968.0,Web
C00125,2026-06-12,5296.0,App
C00125,2026-07-16,4094.0,Web
C00125,2026-07-31,5544.0,Web
C00126,2025-05-23,2134.0,App
C00126,2025-06-10,2104.0,App
C00126,2025-06-27,3267.0,App
C00127,2026-06-22,5654.0,Web
C00127,2026-07-20,4990.0,Web
C00128,2025-07-25,1485.0,Web
C00128,2025-09-26,3148.0,App
C00128,2025-12-13,4626.0,App
C00128,2026-01-08,2990.0,App
C00128,2026-03-22,4162.0,Web
C00128,2026-03-30,4389.0,App
C00128,2026-04-10,3548.0,App
C00128,2026-05-08,4736.0,Web
C00128,2026-05-15,5934.0,Store
C00128,2026-07-08,4199.0,Web
C00128,2026-07-31,3850.0,App
C00129,2025-07-09,6322.0,Web
C00129,2025-10-05,7503.0,App
C00129,2025-10-28,3615.0,Web
C00129,2025-12-18,3743.0,Store
C00129,2025-12-25,4201.0,Web
C00129,2025-12-29,4358.0,Web
C00129,2026-02-05,3084.0,Web
C00129,2026-03-07,7658.0,Web
C00129,2026-05-06,6572.0,Web
C00129,2026-05-25,4084.0,App
C00130,2025-05-02,4307.0,App
C00130,2025-07-27,2187.0,Web
C00130,2025-08-27,2618.0,Web
C00131,2025-06-26,4234.0,Store
C00131,2025-07-26,7086.0,App
C00131,2025-08-22,2237.0,Web
C00131,2025-09-10,10137.0,App
C00131,2025-10-05,12269.0,Web
C00131,2025-10-14,1563.0,Web
C00131,2025-11-12,4439.0,Web
C00131,2025-12-21,3462.0,Web
C00131,2026-02-14,4152.0,Store
C00131,2026-03-13,3904.0,Store
C00131,2026-03-26,6386.0,Web
C00131,2026-04-29,4412.0,App
C00131,2026-06-04,3206.0,Web
C00131,2026-06-27,4308.0,Web
C00131,2026-07-09,5671.0,Web
C00132,2025-04-21,2221.0,Web
C00132,2025-10-04,6905.0,Web
C00132,2025-11-24,1742.0,App
C00132,2025-12-14,6543.0,Web
C00132,2026-01-24,2002.0,Web
C00132,2026-03-15,3162.0,App
C00133,2025-05-05,1289.0,Web
C00133,2025-05-17,2718.0,Web
C00133,2025-06-06,5079.0,Web
C00134,2026-06-18,7681.0,Web
C00134,2026-08-01,1851.0,Web
C00135,2025-06-23,2184.0,App
C00135,2025-08-07,1853.0,App
C00136,2025-05-13,6661.0,App
C00136,2025-06-04,8608.0,App
C00136,2025-06-16,4350.0,Web
C00136,2025-07-01,12810.0,App
C00136,2025-07-26,6367.0,App
C00136,2025-08-03,10869.0,App
C00136,2025-08-17,7207.0,Store
C00136,2025-08-27,9321.0,App
C00136,2025-10-12,9517.0,Web
C00136,2025-11-09,6423.0,App
C00136,2025-11-21,11027.0,Web
C00136,2025-12-02,5769.0,App
C00136,2026-01-20,9880.0,Web
C00136,2026-03-07,6564.0,Web
C00136,2026-03-29,8504.0,Web
C00136,2026-04-13,6401.0,Web
C00136,2026-04-18,7657.0,Store
C00136,2026-04-26,5166.0,Web
C00136,2026-05-01,8206.0,App
C00136,2026-06-03,7642.0,Web
C00136,2026-06-08,6229.0,Store
C00136,2026-06-19,7381.0,Web
C00136,2026-06-21,7886.0,Web
C00136,2026-06-25,6065.0,Web
C00136,2026-07-20,7193.0,App
C00136,2026-08-09,5292.0,Store
C00137,2025-10-01,3138.0,App
C00137,2026-02-21,1768.0,Web
C00138,2025-04-07,5141.0,App
C00138,2025-07-31,2855.0,Web
C00138,2025-08-29,2467.0,Web
C00139,2025-04-20,2851.0,Web
C00139,2025-08-29,4524.0,Web
C00139,2026-01-13,2668.0,App
C00139,2026-03-10,2859.0,App
C00139,2026-06-25,3403.0,Store
C00139,2026-08-06,2989.0,Web
C00140,2025-06-25,4560.0,Web
C00140,2025-07-11,3120.0,App
C00140,2025-08-04,2691.0,Web
C00140,2025-08-17,4210.0,App
C00140,2025-08-30,3410.0,Web
C00140,2025-09-17,5010.0,Web
C00140,2025-10-03,2635.0,Store
C00140,2025-10-16,6389.0,App
C00140,2025-11-20,4834.0,Web
C00140,2026-01-11,4980.0,Store
C00140,2026-03-06,8214.0,Web
C00140,2026-03-12,3874.0,Web
C00140,2026-04-09,3453.0,App
C00140,2026-05-04,3707.0,Web
C00140,2026-07-27,4273.0,Web
C00141,2025-06-18,1080.0,Web
C00141,2025-07-10,5517.0,App
C00141,2025-07-26,2536.0,App
C00142,2025-03-16,1735.0,Store
C00142,2025-07-18,2467.0,App
C00142,2025-08-21,4935.0,App
C00143,2025-08-11,4327.0,Store
C00143,2026-02-04,5148.0,Web
C00143,2026-03-19,2751.0,Web
C00143,2026-04-11,1977.0,Web
C00143,2026-05-04,3273.0,App
C00143,2026-06-09,3909.0,Web
C00143,2026-07-19,1639.0,Web
C00144,2025-05-06,2943.0,App
C00144,2025-05-13,2125.0,Store
C00144,2025-06-03,5002.0,Web
C00145,2025-07-24,5029.0,Web
C00145,2025-08-11,4641.0,Web
C00145,2025-08-18,2996.0,Web
C00146,2026-07-13,2273.0,Web
C00146,2026-07-28,4613.0,App
C00147,2026-07-19,8278.0,Web
C00148,2025-03-23,5601.0,Web
C00148,2025-05-11,3413.0,Web
C00148,2025-07-08,6077.0,App
C00149,2025-06-16,10149.0,Web
C00149,2025-07-05,6729.0,App
C00149,2025-07-15,9585.0,Store
C00149,2025-07-30,9559.0,Web
C00149,2025-08-24,6842.0,Web
C00149,2025-09-18,5535.0,App
C00149,2025-10-24,5648.0,App
C00149,2025-11-12,9458.0,Web
C00149,2025-11-13,6951.0,App
C00149,2025-11-27,4891.0,App
C00150,2025-05-21,9320.0,App
C00150,2025-06-20,11489.0,Web
C00150,2025-07-03,7888.0,Web
C00150,2025-07-22,14137.0,App
C00150,2025-08-14,10134.0,Web
C00150,2025-09-13,8104.0,Web
C00150,2025-09-30,8217.0,App
C00150,2025-10-14,7895.0,Web
C00150,2025-10-19,4856.0,App
C00150,2025-10-23,7291.0,App
C00150,2025-11-09,8130.0,App
C00150,2025-11-28,6505.0,Web
C00150,2025-12-20,8469.0,Web
C00150,2025-12-27,7581.0,Web
C00150,2026-01-06,9865.0,App
C00150,2026-01-23,9490.0,Store
C00150,2026-02-03,7978.0,Store
C00150,2026-04-11,4663.0,Web
C00150,2026-04-20,14083.0,App
C00150,2026-05-10,7160.0,Web
C00150,2026-06-06,7315.0,App
C00150,2026-07-04,6675.0,Web
C00150,2026-07-14,6342.0,Web
C00150,2026-08-06,12918.0,Web
C00151,2025-09-26,3220.0,Web
C00151,2026-01-10,2763.0,Web
C00151,2026-03-17,1904.0,App
C00151,2026-04-17,3426.0,App
C00152,2025-09-13,4032.0,App
C00152,2025-11-21,2075.0,Web
C00152,2026-01-19,4781.0,App
C00152,2026-03-14,2716.0,App
C00153,2025-07-16,3901.0,App
C00153,2025-08-19,5763.0,Web
C00153,2025-09-14,5463.0,App
C00153,2025-09-28,3719.0,Web
C00153,2025-11-14,5905.0,App
C00153,2025-12-30,9722.0,Web
C00153,2026-01-21,5574.0,Store
C00153,2026-02-13,5789.0,Store
C00153,2026-03-16,6039.0,Web
C00153,2026-04-11,2573.0,Web
C00153,2026-04-29,5549.0,Web
C00153,2026-05-12,3073.0,App
C00154,2025-06-07,3235.0,Web
C00154,2025-08-06,1965.0,Store
C00154,2025-08-20,3086.0,Web
C00155,2025-07-29,6041.0,Web
C00155,2025-09-05,3851.0,Web
C00155,2025-09-26,3048.0,Web
C00155,2025-10-28,7302.0,App
C00155,2025-12-09,4736.0,App
C00155,2025-12-27,12516.0,Web
C00155,2026-01-12,3988.0,Web
C00155,2026-02-15,10161.0,Web
C00155,2026-03-09,4335.0,Web
C00155,2026-03-20,7876.0,Web
C00155,2026-04-04,9099.0,Web
C00155,2026-06-30,3066.0,Web
C00156,2025-08-06,2938.0,App
C00156,2025-08-09,2397.0,Web
C00156,2025-09-12,1619.0,Web
C00157,2026-06-12,3096.0,Web
C00157,2026-07-02,4443.0,App
C00158,2025-07-30,1809.0,Web
C00158,2025-08-07,1310.0,App
C00158,2025-09-01,1616.0,Web
C00159,2025-07-17,3188.0,App
C00159,2025-11-26,3436.0,App
C00159,2026-03-09,6345.0,App
C00159,2026-03-25,1624.0,Web
C00159,2026-04-14,2099.0,App
C00159,2026-05-17,11173.0,Web
C00159,2026-06-03,2797.0,App
C00159,2026-06-06,1351.0,Store
C00160,2025-10-02,5069.0,App
C00160,2025-11-04,2288.0,Web
C00160,2025-11-23,5810.0,Web
C00160,2026-01-18,6059.0,Web
C00160,2026-04-01,4438.0,Web
C00160,2026-04-16,2034.0,Store
C00161,2025-07-27,3353.0,Web
C00161,2025-08-08,4843.0,Store
C00161,2025-10-17,5515.0,App
C00161,2026-01-02,3933.0,Store
C00161,2026-02-05,6458.0,Web
C00161,2026-02-17,4899.0,Web
C00161,2026-02-24,6328.0,App
C00161,2026-04-08,4988.0,Web
C00161,2026-04-29,5366.0,App
C00161,2026-05-31,3584.0,Web
C00162,2025-10-04,2936.0,Store
C00162,2025-12-23,1737.0,Store
C00163,2026-08-03,4032.0,App
C00164,2025-04-24,12856.0,Store
C00164,2025-04-25,6366.0,App
C00164,2025-05-09,8629.0,Web
C00164,2025-05-17,8698.0,Web
C00164,2025-05-24,6079.0,App
C00164,2025-06-01,5672.0,Web
C00164,2025-06-06,6648.0,App
C00164,2025-06-23,6334.0,App
C00164,2025-07-07,4517.0,Web
C00164,2025-07-20,5990.0,Web
C00164,2025-07-23,8260.0,Web
C00164,2025-08-12,11720.0,Web
C00164,2025-09-02,9136.0,Store
C00164,2025-10-12,3029.0,App
C00164,2025-11-01,9418.0,App
C00164,2025-12-16,6189.0,Web
C00164,2025-12-25,8818.0,Web
C00164,2026-02-04,7488.0,App
C00164,2026-02-25,7034.0,Web
C00164,2026-03-16,7260.0,Web
C00164,2026-03-29,7466.0,Web
C00164,2026-04-09,12046.0,App
C00164,2026-04-18,7473.0,App
C00164,2026-05-30,11003.0,Web
C00164,2026-06-12,10456.0,App
C00164,2026-07-03,9503.0,Web
C00164,2026-07-27,4026.0,Web
C00164,2026-08-20,11123.0,Web
C00165,2025-07-11,4797.0,Web
C00165,2025-07-27,3735.0,App
C00165,2025-09-17,2489.0,App
C00166,2025-04-04,7648.0,Web
C00166,2025-04-07,5352.0,App
C00166,2025-04-21,9671.0,Web
C00166,2025-04-24,5676.0,Web
C00166,2025-05-06,5203.0,Web
C00166,2025-05-24,5835.0,App
C00166,2025-06-22,10276.0,App
C00166,2025-07-14,6734.0,Web
C00166,2025-08-16,5532.0,Web
C00166,2025-08-25,9755.0,Web
C00166,2025-10-06,14934.0,Web
C00166,2025-11-21,7592.0,Web
C00166,2025-11-23,10864.0,Web
C00166,2025-11-27,10138.0,App
C00166,2025-12-14,5707.0,App
C00166,2025-12-26,7120.0,Store
C00167,2025-09-24,5378.0,Web
C00167,2025-11-05,2533.0,Store
C00167,2026-02-19,4244.0,Web
C00168,2025-04-02,1688.0,App
C00168,2025-05-17,1757.0,Web
C00168,2025-06-07,3415.0,Store
C00168,2025-07-05,4050.0,Web
C00168,2025-11-09,1248.0,App
C00168,2025-12-13,2737.0,Web
C00168,2026-01-04,6552.0,App
C00169,2026-07-11,3101.0,App
C00169,2026-07-20,3655.0,Web
C00170,2025-07-01,1869.0,App
C00170,2025-09-25,2320.0,Web
C00170,2025-11-16,3439.0,Store
C00171,2026-07-02,1702.0,Web
C00171,2026-07-27,3895.0,App
C00172,2025-06-20,2704.0,Web
C00172,2025-07-18,4528.0,App
C00172,2025-07-25,2231.0,Web
C00173,2026-07-26,4242.0,Web
C00173,2026-08-03,4110.0,App
C00174,2025-09-14,2696.0,Store
C00174,2026-05-07,2577.0,App
C00175,2025-04-03,4600.0,Web
C00175,2025-04-14,6042.0,Web
C00175,2025-04-29,4277.0,App
C00175,2025-05-15,7318.0,Web
C00175,2025-07-19,3883.0,Web
C00175,2025-07-28,10561.0,Web
C00175,2025-09-27,10787.0,App
C00175,2025-11-11,5167.0,Web
C00175,2025-12-25,5757.0,Web
C00175,2026-01-09,7434.0,App
C00175,2026-03-05,2871.0,Web
C00175,2026-03-18,2731.0,Store
C00175,2026-06-10,7629.0,Web
C00175,2026-08-15,5150.0,App
C00176,2025-06-16,3097.0,Web
C00176,2025-06-24,9268.0,App
C00176,2025-07-09,6866.0,Store
C00176,2025-08-08,7110.0,App
C00176,2025-08-14,4163.0,App
C00176,2025-08-25,5124.0,Web
C00176,2025-09-08,6366.0,Web
C00176,2025-09-16,5947.0,App
C00176,2025-09-30,7842.0,Web
C00176,2025-10-13,9230.0,App
C00176,2025-10-22,16652.0,Web
C00176,2025-11-16,7472.0,Web
C00176,2025-12-08,11118.0,Web
C00176,2026-01-03,5628.0,Web
C00176,2026-01-30,4187.0,Web
C00176,2026-02-03,6652.0,App
C00176,2026-02-07,4302.0,App
C00176,2026-03-02,7563.0,Web
C00176,2026-03-12,5726.0,Web
C00176,2026-03-21,3797.0,App
C00176,2026-03-29,13816.0,Web
C00176,2026-04-24,6234.0,Web
C00176,2026-06-16,4242.0,Web
C00176,2026-07-13,10304.0,App
C00176,2026-07-23,5831.0,App
C00176,2026-08-17,11020.0,App
C00177,2025-07-12,5233.0,App
C00177,2025-07-19,7996.0,App
C00177,2025-07-27,7425.0,App
C00177,2025-08-25,6877.0,App
C00177,2025-10-16,6887.0,Web
C00177,2025-11-11,6836.0,Store
C00177,2025-12-10,6203.0,Store
C00177,2025-12-27,7408.0,Web
C00177,2026-01-07,5631.0,App
C00177,2026-02-02,17877.0,Web
C00178,2025-06-07,3381.0,App
C00178,2025-08-18,1821.0,App
C00178,2025-10-24,2158.0,Web
C00178,2025-12-17,5318.0,Web
C00179,2025-09-03,4009.0,Web
C00179,2025-12-18,3626.0,Web
C00179,2026-01-14,4035.0,Store
C00179,2026-05-14,3467.0,App
C00180,2025-09-12,859.0,Web
C00180,2025-10-24,2038.0,Web
C00180,2026-02-08,5191.0,Web
C00181,2025-05-25,3451.0,App
C00181,2025-07-12,2059.0,Store
C00181,2025-08-18,5619.0,App
C00181,2026-02-03,4040.0,Store
C00182,2025-09-21,1698.0,Web
C00183,2025-08-08,2066.0,Web
C00183,2025-09-05,1864.0,App
C00184,2026-07-01,4433.0,Web
C00184,2026-08-12,3143.0,Web
C00185,2025-08-10,1836.0,App
C00185,2025-11-20,5774.0,Web
C00185,2025-12-08,3094.0,Store
C00185,2026-01-30,1454.0,App
C00185,2026-04-02,4358.0,Web
C00186,2025-03-06,1612.0,Web
C00186,2025-04-24,3746.0,Web
C00186,2025-06-06,3064.0,Store
C00187,2025-06-27,8336.0,Store
C00187,2025-08-08,9941.0,App
C00187,2025-09-10,4496.0,App
C00187,2025-09-19,6760.0,Web
C00187,2025-09-24,6959.0,Web
C00187,2025-10-23,6478.0,App
C00187,2025-10-30,8240.0,App
C00187,2025-11-25,8808.0,Web
C00188,2025-07-26,4330.0,App
C00188,2025-08-23,4268.0,Web
C00188,2025-11-24,9622.0,App
C00188,2026-01-18,5065.0,App
C00188,2026-03-29,2421.0,Web
C00188,2026-04-10,5456.0,Web
C00188,2026-05-04,5741.0,App
C00188,2026-05-22,4390.0,Web
C00188,2026-06-22,2841.0,Web
C00189,2025-06-28,2954.0,Web
C00189,2025-07-16,4128.0,Web
C00189,2025-09-19,2012.0,App
C00189,2025-09-30,1771.0,App
C00189,2025-10-31,3801.0,Store
C00189,2025-12-17,1928.0,Web
C00189,2026-02-21,1928.0,App
C00190,2026-07-23,3851.0,App
C00190,2026-07-29,4425.0,App
C00191,2025-08-15,2628.0,Store
C00191,2025-10-03,3499.0,Web
C00191,2025-12-16,1896.0,Web
C00191,2026-02-27,5700.0,Store
C00191,2026-03-25,3440.0,App
C00192,2026-07-15,4121.0,App
C00192,2026-07-26,1983.0,Web
C00193,2025-05-04,5568.0,App
C00193,2025-06-13,4274.0,Web
C00193,2025-06-24,8634.0,App
C00193,2025-08-17,3905.0,Web
C00193,2025-10-03,4957.0,Store
C00193,2025-11-24,5883.0,App
C00193,2025-12-20,3254.0,Web
C00193,2026-01-15,4483.0,Web
C00193,2026-03-01,4149.0,Web
C00193,2026-03-29,3758.0,Store
C00193,2026-04-27,3871.0,Web
C00193,2026-06-26,7201.0,App
C00194,2025-09-20,2965.0,App
C00194,2025-12-16,1372.0,App
C00194,2025-12-19,4285.0,Web
C00195,2025-06-14,3409.0,App
C00195,2025-07-01,1776.0,Store
C00195,2025-07-12,1926.0,App
C00195,2025-09-28,9476.0,Web
C00195,2025-12-10,10621.0,Store
C00195,2026-02-20,4790.0,Web
C00195,2026-03-03,3320.0,Web
C00195,2026-03-08,4096.0,Web
C00195,2026-03-15,6546.0,App
C00195,2026-03-31,3757.0,Web
C00195,2026-05-10,5076.0,App
C00196,2025-04-29,4823.0,Web
C00196,2025-06-02,2373.0,Store
C00196,2025-06-06,6910.0,Web
C00196,2025-09-01,4457.0,App
C00196,2025-09-29,6330.0,Web
C00196,2025-11-06,6083.0,Web
C00196,2025-12-22,3388.0,Web
C00196,2026-01-16,3201.0,App
C00196,2026-02-13,5999.0,Web
C00196,2026-04-01,4088.0,Web
C00196,2026-04-20,6713.0,Web
C00196,2026-05-02,4298.0,Web
C00196,2026-05-24,6950.0,Web
C00196,2026-06-17,5467.0,Web
C00197,2025-04-16,1866.0,App
C00197,2025-06-05,4726.0,Web
C00197,2025-08-01,4973.0,Store
C00198,2025-10-01,1990.0,Web
C00198,2025-10-19,3970.0,Web
C00199,2025-08-11,4775.0,Web
C00199,2025-08-23,7693.0,Web
C00199,2025-09-13,4403.0,Web
C00199,2025-09-22,4012.0,Web
C00199,2025-11-16,3532.0,Web
C00199,2025-12-03,2231.0,Web
C00199,2026-01-06,5154.0,Web
C00199,2026-02-20,10496.0,App
C00199,2026-04-03,5544.0,Web
C00199,2026-05-12,6075.0,App
C00199,2026-06-20,3913.0,App
C00199,2026-06-30,4186.0,Web
C00199,2026-07-28,6843.0,Web
C00200,2026-06-20,5349.0,App
C00200,2026-07-06,1725.0,App
C00201,2025-06-20,3603.0,App
C00201,2025-07-30,3451.0,Web
C00201,2025-09-30,3309.0,App
C00201,2026-03-21,2441.0,App
C00201,2026-05-20,3662.0,App
C00201,2026-07-13,7881.0,Web
C00202,2025-08-06,2699.0,Store
C00202,2025-09-17,4775.0,App
C00202,2025-11-23,2984.0,Web
C00202,2026-02-04,2533.0,Web
C00202,2026-03-25,4982.0,Store
C00203,2025-06-20,1261.0,Web
C00203,2025-07-02,1848.0,Store
C00203,2025-07-13,1314.0,Web
C00204,2025-06-28,7346.0,App
C00204,2025-07-03,2969.0,App
C00204,2025-07-17,9500.0,App
C00204,2025-08-16,2701.0,App
C00204,2025-10-06,4020.0,App
C00204,2025-11-30,3156.0,Store
C00204,2025-12-17,11074.0,Web
C00204,2026-01-21,3774.0,Store
C00204,2026-02-20,3778.0,Web
C00204,2026-03-26,3979.0,App
C00204,2026-05-02,4796.0,Web
C00204,2026-06-16,4047.0,App
C00205,2025-04-12,4757.0,Web
C00205,2025-04-29,6181.0,Web
C00205,2025-05-07,6604.0,App
C00205,2025-05-16,9258.0,Store
C00205,2025-06-03,5401.0,Web
C00205,2025-06-21,6779.0,Web
C00205,2025-07-19,7112.0,App
C00205,2025-07-28,6432.0,Web
C00205,2025-08-19,9996.0,Web
C00205,2025-09-02,9418.0,Store
C00205,2025-09-12,11319.0,App
C00205,2025-09-26,6702.0,Store
C00205,2025-10-11,11462.0,Web
C00205,2025-10-16,4668.0,Web
C00205,2025-10-21,4629.0,Web
C00205,2025-11-14,4920.0,Store
C00205,2025-11-25,7549.0,Web
C00205,2025-12-12,11462.0,Web
C00205,2026-01-04,6095.0,Web
C00205,2026-01-18,6368.0,App
C00205,2026-02-09,6977.0,App
C00205,2026-02-24,9195.0,App
C00205,2026-03-12,6366.0,Web
C00205,2026-04-13,6243.0,App
C00205,2026-04-26,4699.0,Web
C00205,2026-05-20,6160.0,Web
C00205,2026-05-24,11362.0,Web
C00205,2026-06-10,7768.0,Web
C00205,2026-07-18,5808.0,Web
C00206,2026-08-01,4278.0,App
C00206,2026-08-03,3648.0,Web
C00207,2025-05-01,1561.0,App
C00207,2025-05-19,4055.0,Web
C00207,2025-06-10,5471.0,Web
C00207,2025-08-25,8896.0,App
C00207,2025-09-13,9061.0,App
C00207,2025-10-18,2676.0,Web
C00207,2025-11-06,4013.0,Store
C00207,2025-12-17,2467.0,App
C00207,2026-01-23,8477.0,App
C00207,2026-02-25,6921.0,Web
C00207,2026-05-01,5310.0,App
C00207,2026-05-09,4933.0,App
C00207,2026-05-15,8018.0,Web
C00207,2026-05-27,7493.0,Store
C00207,2026-07-03,7335.0,Store
C00208,2025-05-19,1527.0,Web
C00208,2025-06-08,3735.0,App
C00208,2025-06-17,3276.0,Web
C00209,2025-04-17,5555.0,App
C00209,2025-06-11,2868.0,App
C00209,2025-08-04,3741.0,Web
C00209,2025-09-03,10004.0,App
C00209,2025-11-28,2619.0,App
C00209,2025-12-04,2916.0,Web
C00209,2025-12-28,6729.0,Web
C00209,2026-02-15,3884.0,Web
C00209,2026-02-28,2877.0,Web
C00209,2026-04-28,8505.0,Web
C00209,2026-07-08,5550.0,Web
C00209,2026-07-10,3962.0,Web
C00210,2025-03-16,2691.0,App
C00210,2025-03-24,1845.0,Web
C00210,2025-04-08,5196.0,Web
C00211,2025-05-31,3681.0,Web
C00211,2025-06-18,3497.0,App
C00211,2025-08-06,4601.0,Web
C00212,2025-08-09,2987.0,App
C00212,2025-08-15,4130.0,App
C00212,2025-09-28,1246.0,Store
C00213,2025-07-22,7037.0,Web
C00213,2025-09-08,2394.0,Web
C00213,2025-10-07,7925.0,Web
C00213,2025-11-25,7919.0,Web
C00213,2025-12-07,2886.0,App
C00213,2026-01-28,1683.0,App
C00213,2026-03-11,4484.0,App
C00213,2026-05-05,7231.0,Web
C00213,2026-05-27,8723.0,Web
C00213,2026-06-14,3258.0,App
C00213,2026-06-22,9302.0,Web
C00214,2025-04-05,2720.0,Web
C00214,2025-05-29,2770.0,Store
C00214,2025-07-21,3718.0,App
C00214,2025-09-18,1903.0,Store
C00215,2025-08-11,4406.0,App
C00215,2025-10-15,931.0,Store
C00215,2025-10-22,2585.0,Web
C00215,2026-01-18,6008.0,Web
C00215,2026-01-23,3173.0,Web
C00215,2026-04-15,4734.0,Web
C00215,2026-05-21,1511.0,App
C00216,2025-10-02,2636.0,Store
C00216,2025-12-30,3267.0,Web
C00216,2026-01-02,2385.0,Web
C00216,2026-06-23,2443.0,Web
C00216,2026-08-08,3807.0,App
C00217,2025-07-08,2748.0,App
C00217,2025-08-22,4053.0,Web
C00217,2025-09-26,3169.0,App
C00217,2025-12-20,5565.0,Web
C00217,2026-02-15,5530.0,Web
C00217,2026-02-23,3835.0,Store
C00217,2026-03-09,10211.0,Store
C00217,2026-04-28,3439.0,Store
C00217,2026-05-10,4400.0,Web
C00217,2026-06-15,5960.0,Web
C00217,2026-08-15,6595.0,Web
C00218,2025-03-17,5587.0,App
C00218,2025-04-07,4088.0,Web
C00218,2025-04-20,6704.0,App
C00218,2025-05-12,3255.0,App
C00218,2025-05-30,2722.0,Web
C00218,2025-06-26,1286.0,App
C00218,2025-07-20,4488.0,Web
C00218,2025-08-10,3323.0,Web
C00218,2025-08-16,5412.0,App
C00218,2025-08-27,2098.0,App
C00218,2025-11-05,3563.0,Web
C00218,2025-11-26,5571.0,Store
C00218,2025-12-23,3057.0,App
C00218,2026-01-15,5437.0,App
C00218,2026-04-12,3694.0,Web
C00218,2026-04-29,4555.0,Web
C00218,2026-05-15,5856.0,Web
C00218,2026-07-02,6757.0,App
C00218,2026-08-09,4790.0,Web
C00219,2025-08-15,5510.0,Web
C00219,2025-09-07,2772.0,Web
C00219,2025-12-04,6679.0,Store
C00219,2026-02-10,3906.0,Web
C00219,2026-03-19,2131.0,Web
C00220,2025-06-30,3675.0,Web
C00220,2025-09-14,6358.0,Web
C00220,2025-10-01,4334.0,App
C00220,2025-10-15,12524.0,Web
C00220,2025-10-18,15051.0,App
C00220,2025-11-25,4871.0,App
C00220,2025-12-04,7718.0,Web
C00220,2026-01-01,5041.0,Web
C00220,2026-01-16,6331.0,App
C00220,2026-01-28,13262.0,App
C00221,2026-07-06,3921.0,Web
C00221,2026-07-11,3019.0,App
C00222,2025-05-25,1748.0,Web
C00222,2025-06-18,2341.0,Web
C00222,2025-06-27,3292.0,Web
C00223,2025-08-02,2592.0,Web
C00224,2025-04-14,4199.0,Web
C00224,2025-06-14,4282.0,Web
C00224,2025-08-05,2086.0,Web
C00224,2026-01-01,1793.0,Store
C00225,2026-07-09,9461.0,Web
C00226,2025-10-05,5972.0,App
C00226,2025-10-27,3399.0,Web
C00226,2025-12-25,3101.0,App
C00226,2026-01-24,1985.0,Web
C00226,2026-03-13,4461.0,Web
C00226,2026-05-06,3159.0,App
C00226,2026-05-17,2323.0,Web
C00226,2026-06-05,3461.0,Store
C00227,2025-06-05,3648.0,App
C00227,2025-06-25,4298.0,App
C00227,2025-07-04,9815.0,Web
C00227,2025-07-18,12013.0,Web
C00227,2025-07-29,5927.0,Web
C00227,2025-08-14,11773.0,Web
C00227,2025-08-20,9755.0,Web
C00227,2025-09-14,7042.0,App
C00227,2025-09-24,6869.0,App
C00227,2025-10-18,8016.0,Web
C00227,2025-11-13,10230.0,App
C00227,2025-11-17,8647.0,Store
C00227,2025-12-12,5938.0,App
C00227,2025-12-14,7080.0,App
C00227,2025-12-23,15054.0,App
C00227,2026-01-09,8216.0,Web
C00227,2026-02-06,10201.0,Web
C00227,2026-02-22,9090.0,Store
C00227,2026-03-05,8280.0,App
C00227,2026-03-10,7816.0,App
C00227,2026-03-23,10301.0,Store
C00227,2026-04-02,9677.0,Web
C00227,2026-04-10,8253.0,Web
C00227,2026-04-22,5902.0,App
C00227,2026-06-03,8612.0,Web
C00227,2026-06-14,7350.0,App
C00227,2026-06-20,6755.0,App
C00227,2026-07-02,19216.0,App
C00227,2026-07-22,4391.0,Web
C00227,2026-08-02,10524.0,App
C00228,2025-03-25,2760.0,App
C00228,2025-05-14,1741.0,App
C00228,2025-08-25,1648.0,Web
C00229,2025-06-19,2367.0,Web
C00229,2025-07-01,4120.0,App
C00229,2025-07-16,3018.0,Web
C00230,2025-06-30,9259.0,Web
C00230,2025-08-18,2601.0,Web
C00230,2025-09-08,9629.0,Web
C00230,2025-09-23,4284.0,Web
C00230,2025-10-19,2630.0,Web
C00230,2026-01-04,3416.0,Web
C00230,2026-02-27,2385.0,Web
C00230,2026-04-19,5995.0,Store
C00230,2026-07-24,3047.0,Web
C00231,2025-04-20,4296.0,Web
C00231,2025-05-27,4556.0,App
C00231,2025-07-15,7185.0,App
C00231,2025-07-29,5228.0,App
C00231,2025-08-09,3024.0,App
C00231,2025-09-11,8833.0,App
C00231,2025-10-17,4105.0,App
C00231,2025-12-11,3847.0,App
C00231,2025-12-24,1488.0,Web
C00231,2026-01-10,5949.0,Store
C00231,2026-04-26,4806.0,App
C00232,2025-04-13,5993.0,Web
C00232,2025-04-17,6099.0,Store
C00232,2025-04-19,8668.0,Web
C00232,2025-06-10,5556.0,Web
C00232,2025-07-09,6715.0,Web
C00232,2025-08-03,6101.0,Web
C00232,2025-08-14,2818.0,Web
C00232,2025-08-25,7365.0,App
C00232,2025-09-30,6618.0,Web
C00232,2025-10-03,11008.0,Web
C00232,2025-10-16,7068.0,Web
C00233,2025-05-28,1945.0,Web
C00233,2025-11-15,4438.0,Web
C00234,2025-07-05,2088.0,Web
C00234,2025-08-02,3348.0,App
C00234,2025-09-13,2737.0,App
C00235,2025-09-16,4926.0,Web
C00235,2025-09-27,6411.0,App
C00235,2026-01-05,2930.0,Store
C00235,2026-03-14,1741.0,App
C00236,2025-04-16,3445.0,Web
C00236,2025-06-29,5434.0,Web
C00236,2025-09-16,7338.0,Web
C00236,2025-11-28,4397.0,Web
C00236,2026-02-24,6751.0,Web
C00237,2025-07-31,2398.0,Web
C00238,2025-09-19,4047.0,Web
C00238,2025-12-18,6548.0,App
C00238,2026-01-09,6555.0,Web
C00239,2025-03-25,12313.0,App
C00239,2025-04-21,9261.0,Web
C00239,2025-05-26,7440.0,App
C00239,2025-06-12,9098.0,Web
C00239,2025-06-22,8245.0,App
C00239,2025-07-10,8523.0,Web
C00239,2025-08-08,6999.0,Web
C00239,2025-09-09,5886.0,Web
C00239,2025-09-12,6692.0,Web
C00239,2025-12-01,4175.0,Web
C00239,2025-12-10,10103.0,Web
C00239,2026-01-04,4884.0,Store
C00239,2026-02-10,6973.0,Web
C00239,2026-02-24,9440.0,Web
C00239,2026-03-29,10094.0,Web
C00239,2026-04-01,4043.0,App
C00239,2026-05-04,7287.0,Web
C00239,2026-06-04,8838.0,Web
C00239,2026-06-24,7663.0,App
C00239,2026-07-23,12045.0,Web
C00240,2025-08-09,9248.0,Web
C00240,2025-09-17,10364.0,Web
C00240,2025-11-18,5666.0,Web
C00240,2025-12-05,6974.0,Web
C00240,2026-01-20,1345.0,Web
C00240,2026-04-20,4269.0,App
C00240,2026-06-12,7173.0,App
C00241,2025-04-14,2361.0,App
C00241,2025-07-14,7390.0,Web
C00241,2025-09-27,3400.0,Web
C00241,2026-01-03,3512.0,Web
C00241,2026-01-12,3457.0,Store
C00242,2025-04-17,3335.0,App
C00242,2025-06-09,4070.0,Web
C00242,2025-08-11,3857.0,Web
C00242,2025-08-31,4148.0,Web
C00242,2025-09-17,3146.0,App
C00242,2025-10-02,2797.0,Store
C00242,2026-01-27,1952.0,App
C00242,2026-02-08,2595.0,Web
C00243,2026-07-24,3420.0,Store
C00244,2025-04-06,2504.0,Web
C00244,2025-04-27,1391.0,App
C00244,2025-06-10,3437.0,App
C00245,2025-05-24,3470.0,Web
C00245,2025-06-22,3379.0,App
C00245,2025-07-15,2411.0,Web
C00246,2025-04-02,1412.0,Web
C00246,2025-04-10,1979.0,Store
C00246,2025-07-10,1249.0,Web
C00246,2025-09-16,2112.0,Web
C00246,2026-02-10,6235.0,Web
C00246,2026-03-02,7985.0,Web
C00246,2026-05-15,3515.0,Web
C00247,2025-03-15,6069.0,Web
C00247,2025-04-20,2633.0,Web
C00247,2025-05-21,2724.0,App
C00248,2025-05-16,3965.0,App
C00248,2025-06-09,7733.0,Web
C00248,2025-09-09,5910.0,App
C00248,2025-09-27,13424.0,Web
C00248,2025-10-03,13643.0,App
C00248,2025-10-16,14160.0,Web
C00248,2025-11-07,5076.0,Web
C00249,2025-03-15,6263.0,App
C00249,2025-03-30,10142.0,App
C00249,2025-04-21,10964.0,App
C00249,2025-05-09,10309.0,App
C00249,2025-05-25,6651.0,App
C00249,2025-06-22,3336.0,App
C00249,2025-06-27,6698.0,App
C00249,2025-07-20,5411.0,Web
C00249,2025-07-22,6741.0,Web
C00249,2025-08-31,5578.0,Web
C00249,2025-09-16,7003.0,Web
C00249,2025-10-18,4903.0,App
C00249,2025-10-19,4506.0,Web
C00249,2025-11-17,10822.0,Web
C00249,2025-11-26,5024.0,App
C00249,2025-12-14,7055.0,Web
C00249,2026-01-12,9853.0,App
C00249,2026-01-29,9715.0,Web
C00250,2025-04-19,6369.0,Web
C00250,2025-05-22,4042.0,Web
C00250,2025-07-09,5495.0,Web
C00250,2025-07-12,8451.0,App
C00250,2025-08-15,7892.0,Web
C00250,2025-09-09,8701.0,Web
C00250,2025-09-18,8555.0,Store
C00250,2025-10-09,14649.0,App
C00250,2025-10-15,5430.0,App
C00250,2025-10-30,4002.0,Web
C00250,2025-11-17,4884.0,Store
C00251,2025-04-02,4137.0,Web
C00251,2025-04-29,2792.0,Web
C00251,2025-05-09,1987.0,App
C00252,2025-08-10,3363.0,App
C00252,2025-09-10,3717.0,App
C00252,2025-12-04,1438.0,Web
C00252,2026-03-16,1909.0,Web
C00252,2026-04-11,1022.0,Store
C00253,2025-05-08,2693.0,Web
C00253,2025-06-09,1372.0,App
C00253,2025-06-14,1913.0,Web
C00254,2026-07-26,3201.0,Store
C00254,2026-08-17,12484.0,Web
C00255,2026-07-19,1723.0,App
C00255,2026-07-23,3939.0,Web
C00256,2025-07-02,1730.0,Web
C00256,2025-07-25,2424.0,Web
C00256,2025-08-28,4301.0,App
C00256,2025-10-01,5509.0,App
C00256,2025-11-12,5887.0,App
C00256,2026-02-05,4015.0,Web
C00256,2026-03-23,3047.0,Web
C00257,2025-03-04,3873.0,App
C00257,2025-06-24,2303.0,App
C00257,2025-08-06,5006.0,Web
C00257,2025-09-13,4453.0,Web
C00258,2025-05-05,5525.0,Web
C00258,2025-07-06,3397.0,Web
C00258,2025-07-24,5700.0,App
C00258,2025-07-30,6539.0,Web
C00258,2025-08-13,3648.0,Web
C00258,2025-09-10,4516.0,Web
C00258,2025-10-05,3226.0,App
C00258,2025-11-06,2920.0,Store
C00258,2025-11-23,6988.0,App
C00258,2025-11-26,3698.0,Web
C00258,2025-12-19,1758.0,App
C00258,2025-12-27,9352.0,Web
C00258,2026-01-27,3349.0,App
C00258,2026-03-11,4182.0,Web
C00258,2026-04-02,8898.0,Web
C00258,2026-04-13,4361.0,Web
C00258,2026-05-16,4324.0,Web
C00259,2025-04-08,5375.0,App
C00259,2025-05-19,4321.0,Web
C00259,2025-06-23,10270.0,Web
C00259,2025-08-29,6362.0,Store
C00259,2025-09-14,3420.0,Web
C00259,2025-11-28,2636.0,Web
C00259,2026-01-24,5790.0,App
C00259,2026-02-21,4514.0,App
C00259,2026-03-25,2606.0,Store
C00259,2026-03-27,5479.0,Store
C00259,2026-04-27,4145.0,App
C00259,2026-06-20,5707.0,Web
C00259,2026-07-15,5508.0,Web
C00260,2025-07-26,4628.0,Web
C00260,2025-08-13,3375.0,App
C00261,2025-03-26,6437.0,Web
C00261,2025-05-31,7348.0,Web
C00261,2025-07-08,7121.0,Web
C00261,2025-08-01,2873.0,Web
C00261,2025-08-18,7779.0,App
C00261,2025-10-11,4000.0,App
C00261,2025-10-20,3412.0,Store
C00261,2025-11-14,4313.0,Web
C00261,2025-12-05,6436.0,App
C00261,2025-12-14,5729.0,Web
C00261,2026-01-12,4167.0,App
C00261,2026-02-08,6453.0,App
C00261,2026-02-22,4881.0,Web
C00261,2026-05-10,3670.0,App
C00261,2026-07-03,3477.0,Web
C00262,2025-04-19,3787.0,Store
C00262,2025-05-26,2256.0,App
C00262,2025-09-30,1707.0,Web
C00262,2025-10-30,2403.0,App
C00262,2025-11-19,8463.0,Web
C00262,2026-01-23,4205.0,Web
C00263,2026-07-26,1916.0,App
C00263,2026-08-09,3810.0,Web
C00264,2025-08-07,3725.0,App
C00264,2025-09-26,4869.0,Web
C00264,2025-11-14,6179.0,Web
C00264,2025-12-31,7439.0,Web
C00264,2026-02-04,4378.0,Web
C00264,2026-02-11,2388.0,Web
C00264,2026-03-10,2322.0,App
C00264,2026-04-03,4051.0,Web
C00264,2026-06-22,1812.0,App
C00265,2025-09-24,1394.0,App
C00265,2026-01-30,2338.0,App
C00266,2025-06-23,6998.0,Web
C00266,2025-08-14,5561.0,Web
C00266,2025-08-31,13076.0,Web
C00266,2025-09-28,5225.0,Web
C00266,2025-11-22,6101.0,Store
C00266,2025-12-25,5184.0,Store
C00266,2026-02-04,4436.0,App
C00266,2026-03-03,4162.0,App
C00266,2026-05-05,5192.0,App
C00266,2026-07-12,5685.0,App
C00267,2026-07-08,3865.0,Web
C00267,2026-07-17,5792.0,Web
C00268,2025-06-27,3710.0,Web
C00268,2025-07-08,5625.0,App
C00268,2025-08-28,5636.0,App
C00268,2025-09-23,3331.0,Web
C00268,2026-01-24,2464.0,Web
C00268,2026-03-13,2055.0,Web
C00268,2026-04-01,4746.0,App
C00268,2026-05-25,5200.0,Web
C00268,2026-07-02,2877.0,Web
C00269,2025-07-24,4415.0,App
C00269,2025-10-03,5674.0,Web
C00269,2026-01-12,4235.0,Web
C00269,2026-02-18,3094.0,App
C00269,2026-05-02,6969.0,Web
C00269,2026-05-17,6181.0,App
C00269,2026-06-10,3043.0,App
C00270,2025-04-01,8982.0,Web
C00270,2025-04-29,9543.0,App
C00270,2025-05-16,4866.0,Web
C00270,2025-05-25,5447.0,Web
C00270,2025-06-02,12931.0,Web
C00270,2025-06-15,8330.0,Web
C00270,2025-06-20,6141.0,Web
C00270,2025-07-21,7199.0,Web
C00270,2025-08-01,11005.0,Web
C00270,2025-08-05,10435.0,Web
C00270,2025-09-09,4504.0,App
C00270,2025-09-22,13332.0,Web
C00270,2025-10-15,10552.0,App
C00270,2025-10-24,7134.0,Store
C00270,2025-11-29,4958.0,App
C00270,2025-12-06,10882.0,App
C00270,2025-12-18,8890.0,App
C00270,2025-12-20,4518.0,App
C00270,2026-01-24,6938.0,Store
C00270,2026-02-01,22474.0,Store
C00270,2026-02-20,7568.0,Web
C00270,2026-03-13,5804.0,App
C00270,2026-04-14,5287.0,App
C00270,2026-05-02,13991.0,Web
C00270,2026-05-16,10124.0,Web
C00270,2026-06-14,12315.0,App
C00270,2026-07-05,8208.0,App
C00270,2026-07-17,11671.0,Web
C00271,2025-04-18,6231.0,App
C00271,2025-04-28,9635.0,Web
C00271,2025-05-25,3577.0,App
C00271,2025-06-30,3145.0,App
C00271,2025-09-03,3072.0,Store
C00271,2025-09-28,6870.0,Web
C00271,2025-10-22,7251.0,App
C00271,2025-11-25,3723.0,Web
C00271,2025-12-16,1964.0,Web
C00271,2025-12-24,3524.0,Web
C00271,2026-01-04,5746.0,Web
C00271,2026-03-22,4494.0,App
C00271,2026-05-17,4961.0,Web
C00271,2026-06-19,3744.0,Web
C00272,2025-03-25,4758.0,Web
C00272,2025-04-06,5759.0,Store
C00272,2025-05-05,4834.0,Web
C00272,2025-09-18,5333.0,App
C00272,2025-10-02,2712.0,Store
C00272,2025-10-10,5761.0,Web
C00272,2025-10-21,3800.0,Web
C00272,2025-11-19,5308.0,App
C00272,2026-01-12,6669.0,App
C00272,2026-02-15,6031.0,Store
C00272,2026-02-24,5306.0,Web
C00272,2026-04-18,5967.0,App
C00272,2026-04-23,6079.0,Web
C00272,2026-05-03,8395.0,App
C00272,2026-05-24,4553.0,App
C00273,2025-07-24,3028.0,Web
C00273,2025-07-30,3202.0,Store
C00273,2025-09-03,3021.0,App
C00273,2025-09-14,7045.0,App
C00273,2025-09-29,3935.0,App
C00273,2025-12-10,5080.0,App
C00273,2025-12-31,10260.0,App
C00273,2026-01-21,4596.0,Web
C00273,2026-01-31,6122.0,App
C00273,2026-02-25,5684.0,Web
C00273,2026-04-03,3648.0,Web
C00273,2026-04-24,7051.0,App
C00274,2025-03-09,2077.0,Web
C00274,2025-03-29,1763.0,App
C00274,2025-06-14,1531.0,Web
C00275,2025-05-10,2904.0,Web
C00275,2025-06-07,3593.0,App
C00275,2025-06-16,1756.0,Store
C00276,2025-05-15,5722.0,Web
C00276,2025-06-15,6442.0,App
C00276,2025-07-15,7085.0,App
C00276,2025-07-27,5380.0,Store
C00276,2025-08-11,6569.0,App
C00276,2025-08-14,9626.0,Web
C00276,2025-08-26,5331.0,Web
C00276,2025-09-20,7055.0,App
C00276,2025-10-02,9040.0,Store
C00276,2025-11-01,5286.0,App
C00276,2025-11-16,10351.0,Web
C00276,2025-11-28,7237.0,Web
C00276,2025-12-08,6658.0,App
C00276,2025-12-21,3493.0,App
C00276,2026-01-10,6190.0,Web
C00277,2026-07-01,6418.0,Web
C00277,2026-07-22,4333.0,App
C00278,2025-06-06,6121.0,App
C00278,2025-06-11,1272.0,Web
C00278,2025-06-30,6878.0,Web
C00279,2025-04-05,3235.0,Web
C00279,2025-06-04,3307.0,Web
C00279,2025-08-09,3263.0,Web
C00279,2025-09-30,968.0,Web
C00279,2026-02-12,2910.0,Web
C00280,2025-08-05,5047.0,App
C00280,2026-03-05,5431.0,Web
C00280,2026-03-09,3239.0,App
C00281,2025-03-09,5803.0,Web
C00281,2025-03-22,12423.0,Web
C00281,2025-03-28,7571.0,App
C00281,2025-05-16,4873.0,Web
C00281,2025-06-04,7215.0,Web
C00281,2025-06-28,7531.0,App
C00281,2025-07-01,5194.0,Web
C00281,2025-07-23,8393.0,App
C00281,2025-09-04,10522.0,Store
C00281,2025-09-16,8179.0,App
C00281,2025-10-02,6225.0,Store
C00281,2025-10-20,7144.0,Web
C00281,2025-11-07,7513.0,Web
C00281,2025-11-17,8119.0,Web
C00281,2025-11-24,11097.0,Web
C00281,2025-12-14,8276.0,Web
C00281,2025-12-21,4605.0,Web
C00281,2026-01-31,6180.0,Web
C00281,2026-02-15,7975.0,Web
C00281,2026-03-19,11152.0,App
C00281,2026-04-20,11851.0,Web
C00281,2026-04-27,14004.0,Web
C00281,2026-05-24,7877.0,Web
C00281,2026-07-01,9829.0,App
C00281,2026-08-08,4523.0,Web
C00281,2026-08-15,8746.0,App
C00282,2025-03-10,6563.0,Web
C00282,2025-05-25,4557.0,Web
C00282,2025-06-18,3307.0,Web
C00282,2025-07-20,3275.0,Web
C00282,2025-08-10,3515.0,Web
C00282,2025-09-18,5115.0,App
C00282,2026-01-03,5682.0,Web
C00282,2026-03-07,2621.0,Web
C00282,2026-03-27,3773.0,Web
C00282,2026-05-17,5087.0,Web
C00282,2026-07-08,3221.0,App
C00283,2026-07-03,2127.0,Store
C00283,2026-07-19,3298.0,App
C00284,2026-07-11,2986.0,App
C00285,2025-05-01,2260.0,Web
C00285,2025-05-09,3246.0,App
C00285,2025-05-22,1458.0,Store
C00286,2025-06-07,6315.0,Web
C00286,2025-06-24,5198.0,Web
C00286,2025-07-02,7918.0,App
C00286,2025-07-06,6358.0,Web
C00286,2025-07-11,6409.0,Web
C00286,2025-07-30,6826.0,Web
C00286,2025-09-07,8557.0,App
C00286,2025-09-30,5791.0,Web
C00286,2025-10-04,5384.0,Web
C00286,2025-10-23,8205.0,Web
C00287,2025-05-11,8256.0,App
C00287,2025-05-22,8143.0,App
C00287,2025-05-27,11284.0,Web
C00287,2025-06-15,7181.0,Web
C00287,2025-07-11,10053.0,Web
C00287,2025-08-09,4143.0,Web
C00287,2025-09-02,4277.0,Web
C00287,2025-09-14,3384.0,Web
C00287,2025-09-17,9907.0,App
C00287,2025-11-02,9526.0,Web
C00287,2025-11-10,10299.0,App
C00287,2025-12-14,5936.0,App
C00287,2025-12-16,6178.0,Store
C00287,2026-01-04,7213.0,Web
C00287,2026-01-17,12472.0,Store
C00287,2026-01-20,13613.0,App
C00287,2026-02-05,9935.0,Web
C00287,2026-02-17,8449.0,Web
C00287,2026-03-01,12008.0,Web
C00287,2026-03-07,6880.0,App
C00287,2026-03-24,6562.0,App
C00287,2026-03-28,7192.0,Web
C00287,2026-04-09,5342.0,App
C00287,2026-04-10,7078.0,Web
C00287,2026-04-15,5089.0,Web
C00287,2026-04-22,10772.0,App
C00287,2026-05-25,9102.0,Store
C00287,2026-06-26,12410.0,App
C00287,2026-07-16,4254.0,Web
C00287,2026-07-28,14640.0,Web
C00288,2025-03-29,6551.0,App
C00288,2025-05-25,6380.0,Web
C00288,2025-06-24,13734.0,Web
C00288,2025-07-06,5057.0,Web
C00288,2025-07-16,10296.0,Web
C00288,2025-07-20,4709.0,Web
C00288,2025-08-08,8871.0,App
C00288,2025-08-11,9039.0,App
C00288,2025-09-21,5900.0,Store
C00288,2025-10-14,4607.0,Store
C00288,2025-11-01,3540.0,App
C00288,2025-11-21,5688.0,Web
C00288,2025-12-14,8481.0,Web
C00289,2025-06-09,3387.0,Web
C00289,2025-08-03,4192.0,App
C00290,2025-06-01,3690.0,Web
C00290,2025-06-18,3253.0,App
C00290,2025-07-11,2920.0,App
C00290,2025-07-20,6885.0,Web
C00290,2025-08-04,2103.0,App
C00290,2025-09-09,3302.0,App
C00290,2025-10-01,4843.0,Web
C00290,2025-11-08,8678.0,App
C00290,2026-01-17,5760.0,Web
C00290,2026-02-24,3290.0,Web
C00290,2026-04-12,8509.0,Web
C00290,2026-04-18,2684.0,Web
C00290,2026-06-26,5132.0,Web
C00291,2025-03-18,2212.0,App
C00291,2025-06-14,2019.0,App
C00291,2025-07-10,5464.0,Web
C00291,2025-07-29,2835.0,App
C00291,2025-11-09,2387.0,Web
C00291,2025-11-16,5975.0,Store
C00292,2025-03-20,4945.0,Web
C00292,2025-05-01,3773.0,Web
C00292,2025-05-11,6389.0,Store
C00292,2025-05-23,6955.0,Web
C00292,2025-06-15,4501.0,Web
C00292,2025-07-12,4405.0,App
C00292,2025-08-29,8723.0,App
C00292,2025-10-13,4578.0,App
C00292,2025-11-19,4757.0,Web
C00292,2026-01-21,5602.0,App
C00292,2026-03-06,4438.0,Web
C00292,2026-04-21,3324.0,App
C00292,2026-05-03,5369.0,Web
C00292,2026-07-08,4545.0,App
C00293,2025-07-16,2541.0,App
C00293,2025-11-02,3322.0,App
C00293,2026-03-13,3753.0,App
C00294,2025-06-19,4072.0,App
C00294,2025-07-25,5585.0,Web
C00294,2025-08-10,3559.0,Web
C00294,2025-11-24,2726.0,App
C00294,2026-02-12,7305.0,Web
C00294,2026-04-03,3854.0,Store
C00294,2026-05-22,4650.0,App
C00294,2026-06-09,3616.0,Web
C00295,2025-09-17,1506.0,Store
C00295,2025-11-16,6960.0,Store
C00295,2025-12-12,4519.0,App
C00295,2026-01-31,4217.0,App
C00295,2026-05-05,1448.0,Web
C00295,2026-07-07,2214.0,App
C00296,2025-05-17,4102.0,Web
C00296,2025-09-18,4259.0,Web
C00296,2025-10-08,1767.0,Web
C00296,2026-02-08,2768.0,App
C00296,2026-04-17,7292.0,App
C00296,2026-05-09,2034.0,Web
C00296,2026-06-15,3832.0,Web
C00297,2025-05-15,3425.0,App
C00297,2025-07-12,5338.0,App
C00297,2025-12-03,4620.0,Store
C00297,2025-12-27,2988.0,Web
C00297,2026-02-17,1382.0,App
C00297,2026-02-26,4365.0,App
C00298,2025-08-08,3062.0,Web
C00298,2025-08-28,1987.0,App
C00298,2025-10-14,2277.0,Web
C00298,2026-01-13,2648.0,Web
C00298,2026-02-19,8011.0,Web
C00298,2026-05-06,1724.0,Web
C00299,2025-09-04,3100.0,App
C00299,2025-10-25,1785.0,Web
C00299,2025-12-24,3253.0,Web
C00299,2026-03-04,1349.0,Web
C00300,2025-07-06,2013.0,Web
C00300,2025-08-21,3619.0,App
C00301,2025-06-22,1554.0,Store
C00301,2025-12-17,2176.0,App
C00302,2025-07-30,4197.0,Web
C00302,2025-08-07,3642.0,Web
C00302,2025-09-11,4467.0,Web
C00302,2025-10-02,7789.0,App
C00302,2026-01-21,12412.0,App
C00302,2026-03-03,6220.0,Store
C00302,2026-03-27,7132.0,Web
C00302,2026-04-10,9171.0,Web
C00302,2026-05-11,5099.0,Web
C00303,2025-04-02,2672.0,App
C00303,2025-05-04,3304.0,Web
C00303,2025-05-17,1716.0,App
C00304,2025-07-30,3568.0,Web
C00304,2025-08-11,2023.0,Web
C00304,2025-08-19,2671.0,Web
C00305,2025-09-19,3666.0,Web
C00305,2025-10-11,1454.0,Web
C00305,2025-12-06,6109.0,Web
C00305,2026-05-02,3988.0,App
C00305,2026-05-14,2143.0,Store
C00306,2025-05-10,1796.0,App
C00306,2025-06-08,2133.0,App
C00306,2025-07-18,2460.0,Web
C00307,2025-03-11,3270.0,Store
C00307,2025-03-29,8998.0,App
C00307,2025-04-11,6810.0,Web
C00307,2025-07-15,6287.0,App
C00307,2025-08-01,6790.0,Web
C00307,2025-09-20,4015.0,App
C00307,2025-10-15,7545.0,Web
C00307,2025-10-31,4376.0,Web
C00307,2025-12-15,6383.0,Web
C00307,2025-12-21,7451.0,App
C00307,2026-01-02,10273.0,App
C00308,2025-05-25,3006.0,Web
C00308,2025-06-23,1407.0,Web
C00308,2025-07-25,3239.0,Web
C00309,2026-07-22,3260.0,Web
C00309,2026-08-07,4442.0,App
C00310,2025-03-18,4157.0,Web
C00310,2025-06-17,3776.0,Web
C00310,2025-06-25,4746.0,Web
C00310,2025-07-29,7177.0,App
C00310,2025-08-04,3346.0,Web
C00310,2025-12-08,7137.0,Web
C00310,2026-02-16,4807.0,Web
C00310,2026-03-04,11704.0,Web
C00310,2026-07-05,5243.0,Web
C00310,2026-07-28,4440.0,Web
C00311,2025-04-12,1932.0,Web
C00311,2025-05-09,3082.0,Web
C00311,2025-06-07,3075.0,Web
C00312,2025-03-21,7468.0,Web
C00312,2025-04-03,6000.0,Web
C00312,2025-05-03,19210.0,Store
C00312,2025-05-14,7450.0,App
C00312,2025-05-22,5725.0,Web
C00312,2025-06-04,4355.0,Web
C00312,2025-06-25,11140.0,App
C00312,2025-07-26,6241.0,Web
C00312,2025-09-24,5348.0,Web
C00312,2025-10-13,7936.0,Web
C00312,2025-12-02,8856.0,Web
C00312,2025-12-13,8807.0,App
C00312,2025-12-22,7103.0,Web
C00312,2026-01-16,7459.0,Web
C00313,2026-06-19,2371.0,Web
C00313,2026-07-15,3273.0,App
C00314,2025-05-01,5865.0,App
C00314,2025-05-14,9671.0,Web
C00314,2025-05-31,9181.0,Web
C00314,2025-06-08,8367.0,Web
C00314,2025-06-22,8935.0,Web
C00314,2025-06-28,3402.0,Web
C00314,2025-07-19,12304.0,App
C00314,2025-07-23,6569.0,App
C00314,2025-08-03,10910.0,Web
C00314,2025-08-22,3462.0,Store
C00314,2025-09-06,7717.0,Web
C00314,2025-09-30,5792.0,App
C00314,2025-10-17,8618.0,App
C00314,2025-10-20,7882.0,Web
C00314,2025-10-27,8019.0,Web
C00314,2025-11-14,4870.0,Web
C00314,2025-12-22,6915.0,Store
C00314,2026-01-24,6623.0,Web
C00315,2025-06-28,4527.0,App
C00315,2025-07-06,4024.0,App
C00315,2025-07-10,7591.0,Web
C00315,2025-07-21,7236.0,Web
C00315,2025-07-31,5810.0,App
C00315,2025-08-11,5990.0,Web
C00315,2025-09-12,8082.0,Web
C00315,2025-10-28,11477.0,Web
C00315,2025-11-05,5369.0,Web
C00315,2025-11-19,7277.0,Web
C00315,2025-12-02,9866.0,Web
C00315,2025-12-14,5376.0,App
C00316,2026-07-16,2711.0,Web
C00316,2026-07-30,1861.0,Web
C00317,2025-05-28,10171.0,App
C00317,2025-06-19,6914.0,App
C00317,2025-07-16,3188.0,App
C00317,2025-08-05,7509.0,Web
C00317,2025-08-25,6120.0,Web
C00317,2025-09-14,5805.0,App
C00317,2025-09-27,5449.0,App
C00317,2025-10-09,6747.0,App
C00317,2025-10-18,5953.0,Web
C00317,2025-11-15,3683.0,App
C00317,2025-11-17,11011.0,Web
C00317,2025-12-07,6476.0,Web
C00318,2025-07-09,1818.0,Web
C00318,2025-09-01,3074.0,Web
C00319,2026-06-23,4682.0,App
C00319,2026-06-26,3295.0,App
C00320,2025-07-22,4052.0,Web
C00320,2025-10-19,2604.0,Web
C00320,2026-03-17,3287.0,Web
C00320,2026-04-16,1605.0,App
C00321,2025-07-20,2971.0,App
C00321,2025-09-10,2642.0,Web
C00321,2025-10-10,2078.0,App
C00321,2025-10-19,2255.0,Web
C00321,2025-11-14,2630.0,Web
C00321,2025-12-16,4944.0,App
C00321,2026-01-28,5170.0,Web
C00321,2026-03-09,2083.0,Web
C00321,2026-05-15,2505.0,Web
C00321,2026-07-23,2534.0,Store
C00322,2025-04-17,3848.0,App
C00322,2025-05-04,3188.0,App
C00322,2025-06-20,1953.0,Web
C00323,2026-06-14,3728.0,Store
C00323,2026-07-15,3456.0,Web
C00324,2025-03-14,1329.0,Web
C00324,2025-05-12,4608.0,Web
C00324,2025-06-05,1947.0,Web
C00325,2025-10-04,5424.0,Web
C00325,2025-11-25,3145.0,App
C00325,2026-01-29,3339.0,App
C00325,2026-02-04,1461.0,App
C00325,2026-03-09,2292.0,App
C00325,2026-04-25,4757.0,Web
C00326,2025-06-12,4516.0,Web
C00326,2025-06-21,3222.0,Web
C00326,2025-07-12,4512.0,App
C00327,2025-07-17,3440.0,App
C00327,2025-08-13,4046.0,Web
C00327,2025-09-29,4459.0,App
C00327,2025-12-01,1721.0,Store
C00327,2026-03-05,3535.0,Web
C00327,2026-05-26,2912.0,Web
C00327,2026-08-09,2652.0,App
C00328,2025-03-02,1665.0,App
C00328,2025-03-22,3131.0,Web
C00328,2025-04-01,2302.0,Web
C00329,2025-04-01,2941.0,App
C00329,2025-05-05,3470.0,Store
C00329,2025-05-07,1655.0,Web
C00330,2026-08-01,2547.0,Web
C00331,2025-03-15,1383.0,App
C00331,2025-07-06,4363.0,Web
C00331,2025-08-28,2235.0,Web
C00331,2025-11-07,2796.0,App
C00331,2025-12-21,1426.0,Web
C00331,2026-05-09,2110.0,App
C00332,2026-07-30,5088.0,App
C00333,2025-07-06,2702.0,Web
C00333,2025-07-31,1762.0,Web
C00333,2025-08-16,1390.0,Web
C00334,2025-07-24,2855.0,Web
C00334,2025-10-18,2141.0,Web
C00334,2025-11-23,2920.0,App
C00334,2026-02-02,4646.0,App
C00335,2025-05-11,3225.0,App
C00335,2025-06-01,3992.0,Web
C00335,2025-08-30,3363.0,Web
C00335,2025-10-17,5196.0,Web
C00335,2025-12-10,13507.0,Web
C00335,2025-12-20,5753.0,App
C00335,2026-01-27,4447.0,Web
C00335,2026-02-06,3538.0,App
C00335,2026-02-22,2697.0,Web
C00335,2026-06-17,6190.0,App
C00335,2026-07-01,6057.0,Web
C00336,2025-05-17,4020.0,Web
C00336,2025-07-07,1674.0,App
C00336,2025-07-17,1804.0,Web
C00337,2025-06-25,4293.0,App
C00337,2025-07-15,6149.0,Web
C00337,2025-08-07,2436.0,App
C00337,2025-08-13,8768.0,Web
C00337,2025-10-14,2958.0,Web
C00337,2025-12-23,6340.0,Web
C00337,2026-01-24,4139.0,Web
C00337,2026-02-15,4407.0,Web
C00337,2026-03-14,4191.0,Web
C00337,2026-06-22,5112.0,Web
C00337,2026-07-08,5543.0,Store
C00337,2026-08-05,7048.0,Web
C00338,2025-06-18,2669.0,App
C00338,2025-12-19,3316.0,App
C00338,2026-01-19,3832.0,Web
C00338,2026-03-08,2351.0,Web
C00338,2026-04-10,2612.0,App
C00338,2026-07-11,4646.0,App
C00339,2025-04-13,8168.0,Store
C00339,2025-05-23,2988.0,Web
C00339,2025-07-02,4324.0,App
C00339,2025-07-29,1960.0,App
C00339,2025-10-30,4298.0,App
C00339,2025-12-19,3330.0,Web
C00339,2026-01-17,4231.0,Web
C00339,2026-04-02,14863.0,Web
C00339,2026-05-19,9176.0,Web
C00339,2026-06-08,2595.0,Web
C00339,2026-08-04,5765.0,Store
C00340,2025-04-03,8206.0,App
C00340,2025-06-01,3762.0,Web
C00340,2025-07-06,2603.0,Web
C00340,2025-08-22,2116.0,Web
C00340,2025-09-23,2861.0,Web
C00340,2025-10-04,1312.0,Web
C00340,2025-12-10,2624.0,App
C00340,2026-05-11,2810.0,Web
C00340,2026-06-13,1950.0,Web
C00341,2025-04-09,6956.0,App
C00341,2025-05-30,2361.0,Web
C00341,2025-06-27,2922.0,App
C00341,2025-07-11,4181.0,Web
C00341,2025-08-07,7924.0,App
C00341,2025-09-14,3973.0,Web
C00341,2025-12-14,5452.0,Web
C00341,2026-03-06,4667.0,App
C00341,2026-03-28,7752.0,App
C00341,2026-04-26,2449.0,Web
C00341,2026-05-13,6195.0,Web
C00341,2026-06-24,4263.0,App
C00341,2026-07-17,6682.0,App
C00342,2025-06-02,2148.0,Web
C00342,2025-08-16,2111.0,Web
C00342,2025-10-26,5283.0,Web
C00342,2025-11-30,4955.0,Web
C00342,2026-01-03,2542.0,Web
C00343,2025-05-16,2104.0,Web
C00343,2025-07-16,2724.0,App
C00343,2025-08-23,2104.0,Web
C00343,2025-09-07,2996.0,App
C00343,2025-09-20,3320.0,Web
C00343,2025-10-23,2700.0,Store
C00343,2025-12-08,1395.0,App
C00344,2025-08-06,2763.0,App
C00344,2025-09-05,2249.0,Web
C00344,2025-09-21,3162.0,Web
C00345,2025-09-07,3167.0,Web
C00345,2025-10-30,4288.0,Web
C00345,2026-04-12,5219.0,App
C00346,2025-08-29,1641.0,Web
C00346,2025-09-14,1578.0,Web
C00346,2025-11-12,12348.0,Web
C00346,2025-12-22,6151.0,Web
C00346,2026-01-23,5781.0,Web
C00346,2026-03-22,2335.0,Web
C00347,2025-08-31,1899.0,Web
C00347,2025-12-15,1567.0,App
C00347,2026-02-19,3004.0,App
C00347,2026-05-13,4567.0,Web
C00348,2026-07-07,4805.0,Web
C00349,2025-07-14,2532.0,Web
C00349,2025-08-11,1730.0,Web
C00349,2025-09-09,3370.0,App
C00350,2025-07-06,3030.0,Web
C00350,2025-09-01,1970.0,Web
C00350,2025-11-13,2484.0,Web
C00350,2026-01-20,10212.0,Web
C00350,2026-03-09,3550.0,Web
C00350,2026-05-25,9883.0,Store
C00350,2026-06-17,5423.0,Web
C00351,2025-07-31,2995.0,Web
C00352,2025-03-16,3202.0,App
C00352,2025-04-20,3054.0,App
C00352,2025-05-06,4181.0,App
C00352,2025-05-24,6105.0,App
C00352,2025-06-26,3654.0,Web
C00352,2025-10-15,5886.0,Web
C00352,2025-11-11,1790.0,App
C00352,2025-12-14,3956.0,Web
C00352,2026-01-14,7362.0,Web
C00352,2026-02-07,4310.0,Web
C00352,2026-03-08,3313.0,Web
C00352,2026-03-31,3549.0,Store
C00352,2026-04-05,1375.0,Web
C00352,2026-05-12,3079.0,Web
C00353,2025-07-30,2544.0,App
C00353,2025-08-05,2126.0,Web
C00353,2025-08-29,828.0,Web
C00354,2025-06-23,1786.0,App
C00354,2025-07-14,4355.0,Web
C00354,2025-08-26,2578.0,Web
C00355,2025-07-07,3446.0,Web
C00355,2025-07-13,3269.0,App
C00355,2025-07-28,1456.0,Web
C00356,2025-03-01,3000.0,Web
C00356,2025-04-08,2414.0,Web
C00356,2025-04-21,5141.0,Web
C00357,2025-04-19,4693.0,Web
C00357,2025-06-04,2455.0,Web
C00357,2025-08-23,4711.0,App
C00357,2025-11-01,4996.0,Store
C00357,2026-02-07,4290.0,App
C00357,2026-03-16,3360.0,App
C00357,2026-05-08,4360.0,Store
C00358,2025-04-25,2031.0,Web
C00358,2025-07-01,5301.0,App
C00358,2025-08-01,2631.0,App
C00358,2025-09-02,1712.0,App
C00358,2025-10-29,4644.0,App
C00359,2025-06-27,2016.0,Web
C00359,2025-07-21,2112.0,Web
C00360,2025-03-16,1786.0,App
C00360,2025-04-12,2462.0,App
C00360,2025-04-17,2190.0,Web
C00361,2025-06-21,1890.0,Web
C00361,2025-07-20,4783.0,Web
C00361,2025-09-11,2558.0,App
C00361,2025-10-12,3594.0,Web
C00362,2025-08-11,3358.0,Web
C00362,2025-11-03,6390.0,App
C00362,2026-03-16,2424.0,Web
C00362,2026-04-28,5861.0,App
C00362,2026-06-07,5698.0,Web
C00362,2026-06-15,10331.0,Web
C00363,2025-04-19,4894.0,App
C00363,2025-05-27,3989.0,Web
C00363,2025-06-24,3022.0,App
C00363,2025-08-13,4584.0,App
C00363,2025-09-20,4713.0,Web
C00363,2025-10-06,5903.0,Web
C00363,2025-12-29,6098.0,Web
C00363,2026-02-17,4777.0,App
C00363,2026-04-25,7152.0,Web
C00363,2026-05-11,3973.0,App
C00363,2026-06-29,2590.0,Web
C00364,2025-04-04,4831.0,Web
C00364,2025-04-24,5332.0,Web
C00364,2025-05-23,4075.0,App
C00364,2025-06-10,3091.0,Web
C00364,2025-08-08,3372.0,Web
C00364,2025-10-18,3709.0,App
C00364,2025-11-23,3475.0,Web
C00364,2025-12-11,7850.0,Web
C00364,2026-01-08,4599.0,Web
C00364,2026-02-13,3743.0,App
C00364,2026-03-12,4817.0,App
C00364,2026-04-12,6029.0,App
C00364,2026-06-18,4021.0,Web
C00364,2026-07-05,6621.0,Web
C00365,2025-04-13,3662.0,Store
C00365,2025-06-19,2309.0,App
C00365,2025-06-25,3908.0,Web
C00366,2025-06-11,6249.0,Web
C00366,2025-06-28,4446.0,Web
C00366,2025-07-29,5464.0,Store
C00366,2025-09-11,7088.0,App
C00366,2025-09-14,5863.0,Web
C00366,2025-09-20,10529.0,App
C00366,2025-10-11,7637.0,Web
C00366,2025-11-13,5999.0,Store
C00366,2025-12-10,6732.0,App
C00366,2026-01-02,10811.0,Web
C00367,2025-05-21,2811.0,App
C00367,2025-06-30,9913.0,Web
C00367,2025-08-22,5366.0,Web
C00367,2025-09-07,2778.0,Web
C00367,2025-11-23,2499.0,Web
C00367,2026-02-08,873.0,App
C00368,2025-03-02,1201.0,Web
C00368,2025-04-02,1690.0,Store
C00368,2025-05-10,2394.0,Web
C00369,2026-07-18,12057.0,Web
C00370,2025-07-13,3424.0,Web
C00370,2025-08-07,1360.0,Web
C00370,2025-11-23,3413.0,Web
C00370,2026-03-15,3028.0,App
C00370,2026-06-19,1765.0,App
C00371,2025-08-14,4813.0,App
C00371,2025-11-23,6458.0,Web
C00371,2026-01-10,6883.0,App
C00372,2026-07-10,4303.0,Store
C00372,2026-07-24,2038.0,App
C00373,2025-06-06,5253.0,Web
C00373,2025-06-15,11822.0,App
C00373,2025-07-20,9707.0,Web
C00373,2025-07-26,8524.0,Web
C00373,2025-07-31,10862.0,Store
C00373,2025-08-15,3607.0,Web
C00373,2025-09-05,9320.0,Web
C00373,2025-11-15,10239.0,App
C00373,2025-12-06,5602.0,Store
C00373,2025-12-13,17706.0,Web
C00373,2026-01-14,7556.0,App
C00374,2026-06-18,1512.0,Web
C00374,2026-07-09,4063.0,App
C00375,2025-07-01,7590.0,Web
C00375,2025-07-06,6549.0,Web
C00375,2025-08-21,6371.0,Web
C00375,2025-09-17,7951.0,Web
C00375,2025-10-06,3890.0,Web
C00375,2025-11-07,4090.0,Web
C00375,2026-01-11,9147.0,Web
C00375,2026-02-11,5945.0,App
C00375,2026-02-24,1900.0,App
C00375,2026-07-18,5537.0,App
C00376,2025-05-02,4550.0,Web
C00376,2025-06-10,6116.0,App
C00376,2025-07-20,3664.0,Web
C00376,2025-11-23,4862.0,App
C00376,2026-02-04,4302.0,Web
C00376,2026-02-12,2573.0,App
C00376,2026-03-05,4857.0,App
C00376,2026-04-10,3869.0,Web
C00376,2026-07-07,4189.0,Web
C00377,2025-05-07,2717.0,Web
C00377,2025-10-02,1271.0,App
C00377,2025-10-30,4010.0,Web
C00377,2026-01-18,2673.0,App
C00377,2026-04-09,4489.0,Web
C00378,2025-03-02,6081.0,Web
C00378,2025-03-12,10074.0,Web
C00378,2025-03-18,7421.0,Web
C00378,2025-03-29,7941.0,App
C00378,2025-04-10,3979.0,Store
C00378,2025-04-16,8875.0,App
C00378,2025-05-12,7801.0,App
C00378,2025-06-14,6898.0,Web
C00378,2025-06-30,8004.0,Store
C00378,2025-07-18,6113.0,App
C00378,2025-07-31,5734.0,App
C00378,2025-08-17,6482.0,Web
C00378,2025-09-13,5997.0,Web
C00378,2025-10-06,15132.0,App
C00378,2025-10-23,9707.0,Web
C00378,2025-11-04,5026.0,Web
C00379,2025-04-23,12203.0,Web
C00379,2025-04-25,7562.0,Web
C00379,2025-05-07,6795.0,App
C00379,2025-05-19,2982.0,Web
C00379,2025-05-30,4014.0,Store
C00379,2025-06-27,6145.0,Web
C00379,2025-07-04,4798.0,App
C00379,2025-07-06,9380.0,Web
C00379,2025-07-17,4460.0,App
C00379,2025-07-26,5919.0,Store
C00379,2025-08-14,6001.0,Web
C00379,2025-08-23,10754.0,App
C00379,2025-09-07,5702.0,Web
C00379,2025-09-20,8265.0,App
C00379,2025-11-01,7555.0,App
C00379,2025-11-10,9678.0,Web
C00379,2025-12-07,9499.0,Web
C00379,2025-12-24,6972.0,Web
C00380,2025-04-07,5004.0,Web
C00380,2025-05-31,3785.0,Web
C00380,2025-06-14,2662.0,App
C00380,2025-11-17,1330.0,App
C00380,2025-12-27,6576.0,Store
C00380,2026-01-22,1973.0,Store
C00380,2026-03-18,5893.0,App
C00380,2026-05-19,4027.0,App
C00381,2025-05-13,3059.0,App
C00381,2025-05-18,4473.0,Web
C00381,2025-06-12,4095.0,App
C00382,2025-05-23,2526.0,App
C00382,2025-06-03,8155.0,App
C00382,2025-12-21,2273.0,Web
C00382,2026-02-20,3690.0,Store
C00382,2026-05-08,5105.0,Store
C00382,2026-05-24,4996.0,Web
C00383,2025-03-11,5137.0,Store
C00383,2025-06-21,3206.0,App
C00383,2025-07-31,3287.0,App
C00383,2025-12-24,1610.0,App
C00383,2026-02-23,1202.0,App
C00384,2025-06-22,5809.0,Web
C00384,2025-07-09,2310.0,Web
C00384,2025-08-12,4549.0,Web
C00385,2025-04-21,10087.0,Web
C00385,2025-05-14,6781.0,App
C00385,2025-06-29,9977.0,Web
C00385,2025-08-09,7498.0,App
C00385,2025-09-05,13799.0,Web
C00385,2025-09-30,10359.0,Web
C00385,2025-10-18,5667.0,Web
C00385,2025-11-09,15949.0,Web
C00385,2025-11-24,3380.0,Web
C00385,2025-12-26,8817.0,App
C00386,2025-09-23,4954.0,App
C00386,2025-10-05,10564.0,Store
C00386,2026-01-05,12766.0,Web
C00387,2025-08-21,5228.0,App
C00387,2025-12-02,2091.0,App
C00387,2026-01-06,1897.0,App
C00387,2026-02-28,3628.0,Store
C00387,2026-04-11,3794.0,Web
C00388,2025-07-15,2659.0,Web
C00388,2025-11-22,6189.0,Web
C00388,2026-03-25,1522.0,Web
C00388,2026-05-23,2780.0,App
C00388,2026-07-15,2485.0,App
C00389,2025-04-22,3606.0,Web
C00389,2025-05-18,7883.0,Web
C00389,2025-07-12,5010.0,Web
C00389,2025-07-29,5940.0,Store
C00389,2025-09-14,8134.0,App
C00389,2025-10-11,8081.0,App
C00389,2025-11-16,5820.0,Web
C00389,2025-11-25,4089.0,Web
C00389,2026-01-31,2605.0,Web
C00389,2026-03-23,5013.0,App
C00389,2026-04-04,7151.0,Web
C00389,2026-06-05,5318.0,Web
C00389,2026-06-17,1164.0,App
C00389,2026-06-23,6537.0,App
C00389,2026-07-17,6700.0,Web
C00389,2026-08-24,4092.0,Web
C00390,2025-06-07,2408.0,Web
C00390,2025-11-17,2069.0,App
C00390,2026-01-24,6390.0,App
C00390,2026-05-28,4538.0,App
C00391,2025-07-17,1724.0,App
C00391,2025-08-28,3375.0,Web
C00391,2025-09-14,3755.0,App
C00392,2025-05-10,3270.0,Web
C00392,2025-08-02,3833.0,App
C00392,2025-09-01,4299.0,App
C00392,2025-10-29,6367.0,App
C00392,2025-11-10,5662.0,Web
C00392,2025-12-11,9580.0,App
C00392,2025-12-19,6045.0,App
C00392,2026-01-11,5469.0,App
C00392,2026-02-11,4083.0,Web
C00392,2026-06-08,3048.0,Web
C00392,2026-06-26,3675.0,App
C00393,2025-04-21,1677.0,Web
C00393,2025-06-29,2513.0,Web
C00393,2025-07-06,1829.0,App
C00394,2025-04-26,3092.0,App
C00394,2025-05-08,2647.0,Store
C00394,2025-06-19,2880.0,App
C00395,2025-03-01,4588.0,App
C00395,2025-03-19,3602.0,Web
C00395,2025-04-14,4302.0,App
C00395,2025-04-25,10758.0,App
C00395,2025-05-10,5327.0,Web
C00395,2025-05-29,9074.0,Web
C00395,2025-06-27,10517.0,Web
C00395,2025-07-11,7568.0,Store
C00395,2025-07-26,6778.0,Web
C00395,2025-08-16,7883.0,Web
C00395,2025-08-30,6504.0,Web
C00395,2025-09-07,11468.0,Web
C00395,2025-10-03,14512.0,Web
C00395,2025-10-20,12499.0,App
C00395,2025-10-31,3544.0,Web
C00395,2025-11-06,6457.0,App
C00395,2025-11-08,7536.0,Web
C00395,2025-11-30,8849.0,Web
C00395,2025-12-08,4111.0,App
C00395,2025-12-12,4088.0,App
C00395,2025-12-19,11888.0,App
C00395,2026-01-07,6187.0,Web
C00395,2026-01-15,4471.0,Web
C00395,2026-02-04,5114.0,App
C00395,2026-02-14,8627.0,Web
C00395,2026-03-01,5642.0,App
C00395,2026-03-17,8189.0,Web
C00395,2026-04-11,5342.0,Web
C00395,2026-05-06,4087.0,App
C00395,2026-05-22,12388.0,App
C00395,2026-05-29,8650.0,App
C00395,2026-07-02,6695.0,App
C00395,2026-07-13,6270.0,Web
C00395,2026-07-14,12565.0,App
C00395,2026-08-02,9256.0,Store
C00395,2026-08-21,11241.0,Web
C00396,2025-05-17,2793.0,Store
C00396,2025-08-25,2541.0,App
C00396,2025-09-21,4012.0,App
C00397,2025-06-30,3994.0,App
C00397,2025-08-17,1906.0,Web
C00397,2025-09-10,1956.0,Store
C00397,2025-12-07,3573.0,Store
C00397,2026-03-08,3691.0,App
C00397,2026-05-11,2335.0,App
C00398,2026-08-02,5132.0,Web
C00399,2025-03-07,2087.0,Web
C00399,2025-04-18,1536.0,App
C00399,2025-05-04,3629.0,Web
C00400,2025-04-11,5263.0,Web
C00400,2025-05-08,9293.0,Store
C00400,2025-05-23,6083.0,Store
C00400,2025-06-09,5296.0,App
C00400,2025-07-13,8514.0,Store
C00400,2025-08-28,5153.0,Web
C00400,2025-11-15,6287.0,App
C00400,2025-12-28,7324.0,Web
C00401,2026-06-24,6623.0,Store
C00401,2026-06-27,2681.0,App
C00402,2025-09-03,3575.0,Web
C00402,2025-10-15,5172.0,App
C00402,2025-11-14,2463.0,Web
C00403,2025-04-01,3081.0,App
C00403,2025-05-21,3563.0,App
C00403,2025-08-21,1778.0,App
C00403,2025-11-06,3790.0,App
C00403,2025-12-07,5450.0,Web
C00403,2026-03-17,3367.0,Web
C00403,2026-04-06,2210.0,App
C00403,2026-05-24,2493.0,Web
C00404,2025-03-19,6539.0,Web
C00404,2025-05-20,3470.0,App
C00404,2025-06-23,3487.0,App
C00404,2025-07-03,4700.0,App
C00404,2025-08-01,4407.0,Store
C00404,2025-11-04,8058.0,Web
C00404,2026-01-24,6114.0,App
C00404,2026-07-05,4487.0,Web
C00404,2026-08-29,5882.0,App
C00405,2025-08-01,2747.0,Web
C00405,2026-01-18,2482.0,Web
C00406,2025-03-06,1929.0,Web
C00406,2025-07-20,1594.0,Store
C00406,2025-11-22,8181.0,Web
C00406,2025-12-26,3661.0,App
C00406,2026-02-03,2183.0,Web
C00406,2026-02-19,3894.0,Web
C00407,2026-07-20,3562.0,App
C00407,2026-08-15,5843.0,App
C00408,2025-06-20,2956.0,App
C00408,2025-07-28,3917.0,Web
C00408,2025-10-27,4317.0,Web
C00408,2025-11-20,3214.0,Web
C00408,2026-01-28,3078.0,Web
C00408,2026-04-10,8005.0,Web
C00408,2026-06-09,5429.0,App
C00409,2025-05-14,7898.0,Web
C00409,2025-07-22,5637.0,Web
C00409,2025-08-29,3423.0,Web
C00409,2025-09-12,3309.0,App
C00409,2025-10-01,9853.0,Store
C00409,2025-10-10,8117.0,Web
C00409,2025-10-25,4400.0,Web
C00409,2025-12-23,4871.0,Web
C00409,2026-03-18,3564.0,App
C00409,2026-04-17,4871.0,Web
C00409,2026-05-16,3525.0,Store
C00409,2026-06-21,4473.0,Web
C00409,2026-06-27,9522.0,App
C00410,2025-09-02,4753.0,App
C00410,2026-02-09,4017.0,Web
C00411,2025-06-06,1909.0,Web
C00411,2025-06-24,3841.0,Web
C00411,2025-07-07,3445.0,Web
C00412,2025-04-10,1883.0,Web
C00412,2025-04-13,1478.0,Web
C00412,2025-06-09,7278.0,Web
C00413,2025-04-09,11697.0,App
C00413,2025-06-14,7511.0,App
C00413,2025-07-08,3531.0,Web
C00413,2025-07-31,6478.0,Web
C00413,2025-08-17,6133.0,App
C00413,2025-09-06,9950.0,Web
C00413,2025-11-13,3135.0,Web
C00413,2025-11-28,5770.0,App
C00413,2025-12-27,3515.0,Web
C00413,2026-01-09,5666.0,Web
C00413,2026-02-14,4236.0,Web
C00413,2026-03-09,5591.0,App
C00413,2026-04-24,2626.0,Web
C00413,2026-06-14,6339.0,App
C00414,2025-06-11,3778.0,Web
C00414,2025-07-28,3825.0,Store
C00414,2025-12-14,1790.0,Web
C00414,2026-03-19,5084.0,Web
C00415,2025-03-07,9287.0,App
C00415,2025-03-31,5366.0,App
C00415,2025-04-30,10020.0,Web
C00415,2025-05-07,9482.0,Web
C00415,2025-05-16,12406.0,App
C00415,2025-07-02,13953.0,App
C00415,2025-07-29,8447.0,App
C00415,2025-08-02,4897.0,Web
C00415,2025-08-10,13993.0,Web
C00415,2025-08-13,5269.0,Web
C00415,2025-08-20,8470.0,App
C00415,2025-09-13,6878.0,Web
C00415,2025-09-27,6472.0,App
C00415,2025-10-06,9833.0,Web
C00415,2025-11-05,8197.0,Web
C00415,2025-11-15,9005.0,App
C00415,2025-12-15,5656.0,Web
C00415,2025-12-21,7080.0,App
C00415,2025-12-31,5748.0,Web
C00415,2026-02-06,7018.0,Web
C00415,2026-02-19,7218.0,App
C00415,2026-03-03,14349.0,App
C00415,2026-03-28,6872.0,Web
C00415,2026-04-27,3576.0,Web
C00415,2026-06-22,12262.0,App
C00415,2026-06-25,8806.0,Store
C00415,2026-07-16,7187.0,App
C00415,2026-08-06,6457.0,App
C00416,2026-07-08,2686.0,App
C00417,2025-07-23,1726.0,Web
C00417,2025-09-19,6966.0,App
C00417,2025-11-08,5770.0,Web
C00417,2025-12-11,5021.0,App
C00417,2025-12-18,6520.0,App
C00417,2026-01-26,6513.0,Store
C00417,2026-02-21,4989.0,App
C00417,2026-03-14,4169.0,App
C00417,2026-05-14,3906.0,App
C00417,2026-05-19,5462.0,Web
C00418,2025-07-17,3613.0,Web
C00418,2025-07-22,5347.0,App
C00418,2025-08-14,1626.0,Web
C00418,2025-09-04,2603.0,App
C00418,2025-12-06,4356.0,App
C00418,2025-12-31,3691.0,Web
C00418,2026-02-06,2147.0,Web
C00418,2026-03-19,4816.0,App
C00418,2026-04-07,2490.0,Web
C00419,2025-06-01,4500.0,Web
C00419,2025-08-05,2867.0,App
C00419,2025-08-25,6231.0,Web
C00419,2025-09-09,4975.0,Web
C00419,2025-09-27,5125.0,Web
C00419,2025-12-01,5642.0,Web
C00419,2025-12-18,3570.0,Web
C00419,2026-03-22,2514.0,Web
C00419,2026-05-08,6769.0,App
C00419,2026-06-09,6080.0,App
C00419,2026-06-29,3726.0,Store
C00419,2026-08-03,5436.0,Web
C00419,2026-08-16,7634.0,Web
C00419,2026-08-24,7278.0,App
C00420,2025-03-22,3258.0,Web
C00420,2025-08-26,2386.0,Web
C00420,2025-10-10,2805.0,App
C00420,2025-11-07,2692.0,App
C00420,2026-01-10,3159.0,Web
C00421,2025-05-29,2569.0,Web
C00421,2025-07-26,2651.0,Web
C00421,2025-08-25,2803.0,Store
C00422,2025-05-14,4099.0,App
C00422,2025-05-23,6738.0,Web
C00422,2025-05-25,8966.0,App
C00422,2025-05-29,6329.0,App
C00422,2025-06-17,14044.0,Web
C00422,2025-06-25,13309.0,App
C00422,2025-07-20,5655.0,Web
C00422,2025-08-03,7109.0,Web
C00422,2025-08-30,5788.0,App
C00422,2025-09-01,7028.0,Web
C00422,2025-09-10,6954.0,App
C00422,2025-09-17,10508.0,App
C00422,2025-11-24,5514.0,Web
C00422,2025-12-04,3011.0,Store
C00422,2025-12-08,4291.0,Web
C00422,2025-12-27,5250.0,Web
C00422,2026-01-02,5982.0,Web
C00422,2026-01-31,8034.0,Store
C00422,2026-03-04,5157.0,Web
C00422,2026-03-11,4925.0,Web
C00422,2026-03-19,5435.0,Web
C00422,2026-04-06,5092.0,Web
C00422,2026-05-05,6197.0,Web
C00422,2026-05-24,6105.0,App
C00422,2026-06-03,9577.0,App
C00422,2026-06-07,5322.0,App
C00422,2026-07-22,6639.0,Web
C00422,2026-08-11,6218.0,Web
C00423,2025-03-01,12515.0,Store
C00423,2025-03-12,7885.0,App
C00423,2025-04-18,10162.0,Web
C00423,2025-04-26,4659.0,Store
C00423,2025-05-27,4338.0,Web
C00423,2025-06-19,7601.0,Web
C00423,2025-06-28,8651.0,Web
C00423,2025-07-13,11037.0,Store
C00423,2025-07-19,6166.0,Web
C00423,2025-08-17,8052.0,Web
C00423,2025-09-12,7956.0,App
C00423,2025-10-02,7186.0,App
C00423,2025-10-22,7336.0,Web
C00423,2025-10-26,5579.0,Web
C00423,2025-11-01,8299.0,Store
C00423,2025-12-15,8056.0,App
C00423,2026-01-26,6451.0,Web
C00423,2026-02-25,9499.0,Web
C00423,2026-04-05,10783.0,Web
C00423,2026-04-09,9538.0,App
C00423,2026-05-01,5224.0,App
C00423,2026-05-25,7792.0,App
C00423,2026-06-03,5470.0,Web
C00423,2026-06-14,7783.0,App
C00423,2026-06-16,5477.0,Web
C00423,2026-06-18,11766.0,App
C00423,2026-07-22,9898.0,Web
C00424,2025-03-22,2489.0,App
C00424,2025-04-02,6165.0,Store
C00424,2025-04-23,4939.0,Web
C00424,2025-05-21,5376.0,Store
C00424,2025-07-02,6883.0,Web
C00424,2025-10-24,5482.0,App
C00424,2026-01-26,2561.0,Store
C00424,2026-02-02,4359.0,App
C00424,2026-04-04,2417.0,Web
C00424,2026-06-18,5984.0,Web
C00425,2025-03-15,2050.0,App
C00425,2025-05-30,1868.0,Web
C00425,2025-06-16,1782.0,App
C00426,2025-06-02,2169.0,Web
C00426,2025-07-30,4734.0,Web
C00426,2025-11-12,3548.0,App
C00426,2026-01-21,2601.0,Store
C00427,2026-06-29,2474.0,App
C00427,2026-07-13,1840.0,Web
C00428,2025-08-11,5955.0,App
C00428,2025-11-25,3857.0,App
C00428,2026-03-17,1146.0,Web
C00428,2026-04-24,2377.0,Web
C00428,2026-04-28,5741.0,Web
C00429,2025-04-11,2581.0,Web
C00429,2025-05-21,3289.0,App
C00429,2025-06-25,4118.0,App
C00429,2025-08-16,4009.0,Web
C00429,2025-08-29,4905.0,App
C00429,2025-09-04,5230.0,Web
C00429,2025-09-08,9223.0,Web
C00429,2025-11-12,4609.0,App
C00429,2025-11-22,2911.0,App
C00429,2025-12-27,7323.0,Store
C00429,2026-01-16,7650.0,App
C00429,2026-02-05,5065.0,Web
C00429,2026-03-05,4182.0,Web
C00429,2026-03-26,5921.0,Web
C00429,2026-04-01,4242.0,Web
C00429,2026-04-29,2028.0,Web
C00429,2026-05-15,5782.0,Web
C00429,2026-05-31,6595.0,Web
C00430,2025-09-02,1867.0,App
C00430,2025-11-03,3037.0,Web
C00431,2025-03-08,2498.0,Web
C00431,2025-06-13,3972.0,App
C00431,2025-07-19,2051.0,Web
C00431,2025-09-05,2761.0,Web
C00431,2025-10-17,1168.0,Store
C00431,2026-03-06,5360.0,Web
C00431,2026-03-16,2922.0,Web
C00431,2026-05-09,4276.0,Store
C00432,2025-03-19,5311.0,App
C00432,2025-04-22,5076.0,App
C00432,2025-06-30,1840.0,Web
C00432,2025-09-15,3187.0,Web
C00432,2025-10-01,5484.0,App
C00432,2025-11-16,3575.0,Web
C00432,2026-01-02,4059.0,App
C00433,2025-07-20,1940.0,Store
C00433,2025-07-27,3086.0,Web
C00433,2025-08-09,1750.0,Web
C00434,2025-04-07,2652.0,App
C00434,2025-05-09,2837.0,Web
C00434,2025-11-09,4575.0,Web
C00434,2025-11-15,4429.0,Store
C00434,2026-03-14,2936.0,Web
C00434,2026-05-09,2558.0,Web
C00434,2026-06-10,6496.0,Web
C00435,2025-04-01,12713.0,Web
C00435,2025-05-05,6154.0,App
C00435,2025-05-27,8493.0,Store
C00435,2025-06-11,13131.0,App
C00435,2025-07-11,8432.0,Web
C00435,2025-08-08,6781.0,App
C00435,2025-09-28,9675.0,Web
C00435,2025-10-11,7082.0,Web
C00435,2025-10-22,9031.0,Store
C00435,2025-11-28,7005.0,Web
C00435,2025-12-15,10172.0,Web
C00435,2026-01-15,4619.0,Web
C00435,2026-01-23,5278.0,Store
C00435,2026-02-09,4595.0,Store
C00435,2026-02-18,7378.0,Web
C00435,2026-03-16,4405.0,Web
C00435,2026-03-22,5906.0,App
C00435,2026-04-13,5107.0,Web
C00435,2026-04-19,12630.0,Store
C00435,2026-05-22,5320.0,Store
C00435,2026-05-28,4797.0,App
C00435,2026-06-17,8208.0,Web
C00435,2026-06-25,13580.0,App
C00436,2026-08-02,2510.0,App
C00437,2025-03-16,4455.0,Store
C00437,2025-05-12,3205.0,App
C00437,2025-07-07,4158.0,Web
C00437,2025-07-11,4042.0,App
C00437,2025-08-01,5663.0,Web
C00437,2025-08-26,3488.0,Web
C00437,2025-09-07,7436.0,Web
C00437,2025-10-26,2647.0,Store
C00437,2025-12-09,2402.0,App
C00437,2026-02-02,4373.0,Web
C00437,2026-04-09,3295.0,App
C00437,2026-06-12,2790.0,Store
C00438,2025-03-10,1902.0,App
C00438,2025-03-14,1647.0,App
C00438,2025-04-21,3823.0,App
C00439,2025-07-29,3586.0,Web
C00439,2025-08-26,4070.0,Web
C00439,2026-01-15,3575.0,Web
C00439,2026-01-28,3177.0,Web
C00439,2026-03-30,1767.0,Web
C00440,2025-07-04,2589.0,Web
C00440,2025-07-15,3837.0,Web
C00440,2025-07-25,2319.0,App
C00441,2025-07-03,2302.0,App
C00441,2025-11-28,2656.0,Web
C00441,2026-03-15,2447.0,Web
C00442,2025-06-12,3491.0,Web
C00442,2025-07-16,3881.0,App
C00442,2025-07-27,10752.0,Web
C00442,2025-10-04,3514.0,Web
C00442,2025-11-21,4357.0,Web
C00442,2025-12-16,3207.0,Web
C00442,2026-01-06,3506.0,App
C00442,2026-03-24,7883.0,App
C00442,2026-04-11,5580.0,Store
C00442,2026-04-19,6965.0,Web
C00442,2026-07-07,2727.0,App
C00443,2025-09-24,2836.0,App
C00443,2025-11-06,1936.0,App
C00443,2026-01-08,2135.0,Web
C00443,2026-02-18,1708.0,Web
C00443,2026-03-08,4764.0,Store
C00443,2026-05-05,2660.0,App
C00444,2025-06-27,1940.0,Store
C00444,2025-08-18,7370.0,Web
C00444,2025-09-28,3205.0,Web
C00444,2025-11-17,5131.0,Store
C00444,2025-12-31,3522.0,Web
C00444,2026-02-01,10239.0,Web
C00444,2026-02-12,4851.0,Web
C00444,2026-02-25,3477.0,Web
C00444,2026-04-11,4092.0,Store
C00444,2026-05-03,4784.0,App
C00444,2026-06-16,4956.0,Web
C00444,2026-06-27,5501.0,Web
C00444,2026-07-14,4613.0,Web
C00445,2026-07-13,6149.0,Store
C00446,2025-09-01,2095.0,Web
C00446,2025-12-01,4694.0,Web
C00446,2026-01-18,3021.0,App
C00446,2026-03-03,2602.0,Web
C00446,2026-05-10,2908.0,Web
C00447,2025-05-29,3854.0,Web
C00447,2025-10-17,2128.0,Web
C00447,2026-01-19,5251.0,Web
C00447,2026-03-02,5584.0,Web
C00447,2026-04-07,4013.0,App
C00448,2025-04-11,1008.0,Web
C00448,2025-05-05,2413.0,App
C00448,2025-06-13,2047.0,App
C00449,2025-04-12,6946.0,Web
C00449,2025-05-26,4507.0,App
C00449,2025-07-14,2278.0,Web
C00449,2025-09-23,3227.0,Web
C00449,2025-11-08,3148.0,Web
C00449,2025-12-01,4067.0,App
C00449,2026-01-19,5459.0,App
C00449,2026-01-31,9670.0,App
C00449,2026-03-18,2604.0,Web
C00449,2026-05-25,3802.0,App
C00449,2026-06-08,3225.0,App
C00449,2026-06-25,2779.0,Web
C00449,2026-06-30,4795.0,Web
C00450,2025-05-24,5004.0,App
C00450,2025-06-09,3393.0,Web
C00450,2025-08-01,2523.0,Web
C00451,2025-06-16,5067.0,App
C00451,2025-06-20,7048.0,App
C00451,2025-07-14,5750.0,App
C00451,2025-07-19,7542.0,Store
C00451,2025-08-05,7945.0,Web
C00451,2025-08-23,8169.0,Store
C00451,2025-09-06,7205.0,App
C00451,2025-09-30,5885.0,App
C00451,2025-11-07,9425.0,Web
C00451,2025-11-28,7236.0,Web
C00451,2026-01-11,6326.0,App
C00451,2026-02-15,12631.0,App
C00451,2026-03-19,7212.0,Web
C00451,2026-03-24,11027.0,App
C00451,2026-04-23,11560.0,Web
C00451,2026-05-02,11809.0,Web
C00451,2026-05-26,9584.0,App
C00451,2026-06-12,7523.0,App
C00451,2026-06-22,7358.0,Web
C00451,2026-07-09,6908.0,Web
C00451,2026-07-16,3525.0,Web
C00451,2026-07-19,9677.0,App
C00451,2026-07-30,8197.0,Store
C00452,2025-08-18,3042.0,App
C00452,2026-01-05,6795.0,Store
C00452,2026-02-24,2661.0,Web
C00452,2026-02-27,2292.0,Web
C00453,2025-06-17,3154.0,App
C00453,2025-08-16,3674.0,App
C00453,2025-11-07,2533.0,Web
C00453,2025-11-30,4709.0,Web
C00453,2026-01-20,2757.0,Web
C00453,2026-02-13,3027.0,Web
C00453,2026-03-08,3721.0,Store
C00454,2025-04-24,4751.0,Web
C00454,2025-04-27,11828.0,Web
C00454,2025-05-13,6360.0,Web
C00454,2025-05-16,8792.0,Store
C00454,2025-08-11,3722.0,Web
C00454,2025-09-05,7084.0,App
C00454,2025-09-15,4665.0,Web
C00454,2025-10-10,5343.0,App
C00454,2025-10-15,10358.0,Web
C00454,2025-10-25,4129.0,Web
C00454,2025-11-18,4651.0,Web
C00454,2025-12-09,3216.0,Web
C00454,2026-01-01,6585.0,App
C00454,2026-02-15,3688.0,App
C00454,2026-04-18,6948.0,Web
C00454,2026-05-23,2386.0,Web
C00454,2026-07-27,5748.0,Web
C00454,2026-08-17,3568.0,App
C00455,2025-07-09,3507.0,Store
C00455,2025-08-15,6403.0,Web
C00455,2025-09-19,3814.0,Web
C00455,2025-10-16,6065.0,Web
C00455,2025-11-02,6372.0,Web
C00455,2026-01-13,7586.0,Web
C00455,2026-04-04,3790.0,App
C00455,2026-05-08,6925.0,Web
C00455,2026-06-06,2182.0,Web
C00456,2025-06-27,1758.0,Web
C00456,2025-07-12,3665.0,Web
C00456,2025-10-14,6564.0,App
C00456,2025-11-13,4127.0,Web
C00456,2026-01-25,7595.0,App
C00456,2026-03-08,7024.0,App
C00456,2026-05-04,2683.0,Web
C00456,2026-06-18,4358.0,Web
C00456,2026-07-10,3858.0,Web
C00456,2026-07-17,2648.0,App
C00457,2025-05-27,3635.0,Web
C00457,2025-05-31,1547.0,Web
C00457,2025-06-20,1710.0,App
C00457,2025-08-10,1658.0,Web
C00457,2025-09-03,5649.0,Web
C00457,2025-12-28,3816.0,Web
C00458,2025-08-08,3024.0,Web
C00458,2025-08-29,1945.0,Store
C00458,2025-09-24,3150.0,Web
C00459,2025-03-12,2451.0,App
C00459,2025-03-23,5007.0,Web
C00459,2025-05-12,4121.0,Store
C00459,2025-07-06,5472.0,Web
C00459,2025-07-16,2030.0,Web
C00459,2025-08-20,5629.0,App
C00459,2025-10-28,3100.0,Web
C00459,2025-12-07,6475.0,Web
C00460,2025-03-20,1659.0,Web
C00460,2025-04-02,2306.0,App
C00460,2025-04-30,3287.0,App
C00461,2025-03-02,2566.0,Web
C00461,2025-03-25,2400.0,App
C00461,2025-08-18,2479.0,Web
C00462,2025-08-09,8481.0,Store
C00462,2025-09-17,4195.0,Web
C00462,2025-11-27,5703.0,Web
C00462,2026-04-24,5934.0,App
C00462,2026-05-19,4579.0,Web
C00462,2026-05-30,2977.0,App
C00462,2026-07-12,3353.0,App
C00463,2025-06-17,3831.0,App
C00463,2025-07-09,2318.0,App
C00463,2025-11-12,4656.0,Web
C00463,2026-01-22,3513.0,App
C00463,2026-02-03,3066.0,Web
C00463,2026-03-31,1981.0,Web
C00463,2026-05-17,2673.0,Web
C00464,2026-07-22,2020.0,Web
C00464,2026-08-11,3268.0,Web
C00465,2025-04-25,1818.0,Web
C00465,2025-06-03,3080.0,Web
C00465,2025-06-24,5713.0,Web
C00466,2025-06-12,3375.0,Web
C00466,2025-08-18,2347.0,App
C00466,2025-09-19,1976.0,App
C00467,2025-03-18,2475.0,App
C00467,2025-04-25,5151.0,App
C00467,2025-05-29,1650.0,App
C00468,2025-09-11,2347.0,App
C00468,2025-10-15,1851.0,App
C00468,2025-10-31,2681.0,Web
C00468,2026-01-15,3683.0,Web
C00468,2026-02-06,8193.0,Store
C00469,2025-08-11,6011.0,App
C00469,2025-09-20,2440.0,App
C00469,2025-11-02,5364.0,App
C00469,2025-11-22,5992.0,Web
C00469,2025-12-30,1801.0,Web
C00469,2026-01-27,4992.0,Web
C00469,2026-03-24,6094.0,Web
C00469,2026-04-09,5823.0,Web
C00469,2026-06-04,6362.0,Web
C00470,2025-06-28,1959.0,Store
C00470,2025-08-14,1919.0,App
C00471,2025-05-17,6145.0,App
C00471,2025-06-01,5767.0,App
C00471,2025-07-01,6422.0,Web
C00471,2025-07-15,8167.0,Web
C00471,2025-07-28,7494.0,App
C00471,2025-08-06,6957.0,Web
C00471,2025-08-29,5499.0,App
C00471,2025-09-07,5389.0,App
C00471,2025-09-19,6004.0,App
C00471,2025-10-28,8288.0,Web
C00471,2026-01-06,8895.0,Web
C00471,2026-01-31,9324.0,App
C00472,2025-05-18,3484.0,App
C00472,2025-05-28,4754.0,Web
C00472,2025-06-22,3878.0,App
C00473,2025-03-10,4819.0,Web
C00473,2025-06-20,5055.0,App
C00473,2025-08-21,2591.0,App
C00473,2025-09-26,4441.0,Web
C00473,2025-11-03,8107.0,Web
C00473,2025-12-08,7129.0,Web
C00473,2025-12-29,4390.0,Web
C00473,2026-03-03,8627.0,Web
C00473,2026-03-17,2789.0,Web
C00473,2026-04-23,3129.0,App
C00473,2026-04-30,9727.0,App
C00474,2025-06-30,3236.0,App
C00474,2025-07-27,9201.0,App
C00474,2025-09-10,5340.0,App
C00474,2025-11-29,4647.0,Web
C00474,2025-12-25,5417.0,Web
C00474,2026-01-10,5396.0,Web
C00474,2026-03-02,9701.0,Web
C00474,2026-03-12,5683.0,App
C00474,2026-03-26,5731.0,Store
C00474,2026-04-03,3899.0,App
C00474,2026-06-18,6456.0,Web
C00474,2026-07-22,3148.0,Store
C00475,2026-06-17,4951.0,Web
C00475,2026-06-29,4367.0,App
C00476,2026-07-06,5527.0,Web
C00477,2025-04-13,6733.0,Web
C00477,2025-04-25,8293.0,Web
C00477,2025-05-14,6465.0,App
C00477,2025-06-01,11460.0,Store
C00477,2025-06-30,12200.0,Web
C00477,2025-07-18,8441.0,App
C00477,2025-09-12,5378.0,Web
C00477,2025-09-20,5819.0,Web
C00477,2025-09-26,4252.0,Web
C00477,2025-10-07,6950.0,Web
C00477,2025-10-22,4885.0,App
C00477,2025-11-30,6287.0,Web
C00477,2025-12-24,7728.0,Web
C00477,2025-12-25,3523.0,Web
C00477,2025-12-26,4533.0,App
C00477,2026-01-11,5908.0,Store
C00478,2025-05-06,2730.0,Web
C00478,2025-08-02,2422.0,Web
C00478,2025-10-01,3176.0,Web
C00479,2025-08-11,1866.0,App
C00479,2025-09-22,3233.0,Web
C00480,2025-06-18,4302.0,Web
C00480,2025-07-02,10776.0,App
C00480,2025-07-18,5533.0,Web
C00480,2025-09-13,8504.0,Web
C00480,2025-10-06,4503.0,App
C00480,2025-11-09,15377.0,Web
C00480,2025-12-02,4258.0,App
C00481,2025-03-09,13014.0,App
C00481,2025-03-24,11431.0,App
C00481,2025-04-17,11785.0,Web
C00481,2025-05-09,6954.0,Web
C00481,2025-05-17,4492.0,App
C00481,2025-06-12,16818.0,Web
C00481,2025-07-30,7212.0,App
C00481,2025-08-19,10845.0,App
C00481,2025-08-29,5819.0,Web
C00481,2025-09-03,9885.0,Web
C00481,2025-09-28,2998.0,Web
C00481,2025-10-20,6110.0,Web
C00481,2025-11-25,6816.0,App
C00481,2025-12-03,8294.0,App
C00481,2026-01-07,10266.0,App
C00482,2026-06-11,6346.0,Web
C00482,2026-07-14,4014.0,Web
C00483,2025-08-07,5462.0,App
C00483,2025-09-07,2265.0,App
C00484,2026-06-23,2030.0,Web
C00484,2026-07-20,4170.0,Web
C00485,2025-06-03,10255.0,App
C00485,2025-06-27,5450.0,Web
C00485,2025-06-30,4210.0,Web
C00485,2025-07-07,12699.0,App
C00485,2025-08-04,4452.0,Web
C00485,2025-08-20,13104.0,Store
C00485,2025-08-25,9512.0,Web
C00485,2025-10-07,7327.0,Web
C00485,2025-10-18,8784.0,Store
C00485,2025-10-31,8856.0,Web
C00485,2025-11-14,7010.0,Web
C00485,2025-12-09,12394.0,Web
C00485,2025-12-21,12246.0,Web
C00485,2026-01-04,7946.0,Web
C00485,2026-02-07,6099.0,Web
C00485,2026-03-11,11885.0,Web
C00485,2026-03-25,3707.0,Web
C00485,2026-04-08,8789.0,App
C00485,2026-04-09,9748.0,Store
C00485,2026-04-27,5631.0,Web
C00485,2026-05-26,10581.0,Store
C00485,2026-06-07,7456.0,App
C00485,2026-07-16,6216.0,Store
C00485,2026-07-19,10541.0,App
C00485,2026-07-26,5146.0,Web
C00486,2025-03-27,14056.0,App
C00486,2025-04-13,7760.0,App
C00486,2025-05-15,7108.0,Store
C00486,2025-06-01,6705.0,Web
C00486,2025-06-17,8595.0,Web
C00486,2025-06-20,5741.0,Web
C00486,2025-07-03,7424.0,App
C00486,2025-08-02,7075.0,Web
C00486,2025-09-04,7905.0,Store
C00486,2025-09-23,7974.0,Web
C00486,2025-11-09,8120.0,App
C00486,2025-12-02,7293.0,Web
C00486,2026-01-03,12216.0,Web
C00486,2026-01-21,8179.0,Web
C00487,2025-07-02,5812.0,Web
C00487,2025-07-15,1988.0,Store
C00487,2025-08-28,3536.0,App
C00488,2026-06-18,2102.0,Web
C00488,2026-06-23,6194.0,Web
C00489,2025-06-01,1910.0,App
C00489,2025-06-16,6215.0,Web
C00489,2025-07-14,4611.0,Web
C00490,2025-04-17,4700.0,Web
C00490,2025-07-20,4057.0,App
C00490,2025-07-27,2908.0,Web
C00491,2025-03-25,4011.0,Web
C00491,2025-04-26,4980.0,Web
C00491,2025-08-10,4481.0,App
C00491,2025-12-13,4371.0,Web
C00491,2026-02-20,1612.0,Web
C00491,2026-05-08,1030.0,App
C00492,2025-06-24,4458.0,Store
C00492,2025-07-09,3628.0,Web
C00492,2025-08-24,2604.0,Web
C00493,2025-07-30,2767.0,App
C00493,2025-08-08,2401.0,Web
C00493,2025-08-12,1907.0,Web
C00494,2026-06-29,2698.0,App
C00494,2026-07-30,3659.0,Web
C00495,2025-07-22,1095.0,Web
C00495,2026-04-11,1921.0,Web
C00496,2025-04-11,2390.0,Web
C00496,2025-06-06,1947.0,Web
C00496,2025-07-13,2334.0,Web
C00497,2025-07-10,7167.0,App
C00497,2025-08-18,6162.0,Web
C00497,2025-09-07,10463.0,Web
C00497,2025-09-11,9618.0,App
C00497,2025-10-22,10324.0,App
C00497,2025-10-31,7525.0,Web
C00497,2025-11-11,6013.0,Web
C00498,2025-03-25,1636.0,Web
C00498,2025-06-13,3142.0,App
C00498,2025-07-06,2041.0,Web
C00499,2025-03-27,15727.0,App
C00499,2025-04-05,6605.0,Web
C00499,2025-04-21,9694.0,App
C00499,2025-07-06,6627.0,Web
C00499,2025-08-03,15218.0,App
C00499,2025-08-20,5896.0,Web
C00499,2025-09-08,10606.0,Web
C00499,2025-09-19,8785.0,App
C00499,2025-10-08,8127.0,Store
C00499,2025-11-26,7643.0,Web
C00499,2025-12-17,5586.0,Web
C00499,2026-01-24,2853.0,Store
C00500,2025-03-24,1558.0,Web
C00500,2025-04-13,2901.0,App
C00500,2025-05-01,3429.0,Web
C00501,2025-03-08,7267.0,App
C00501,2025-05-07,6811.0,App
C00501,2025-08-18,3619.0,Web
C00501,2025-11-09,2824.0,Store
C00501,2026-01-28,2055.0,Store
C00501,2026-02-03,2553.0,App
C00502,2025-04-12,3836.0,App
C00502,2025-08-16,2747.0,App
C00502,2025-10-16,1900.0,Web
C00502,2025-12-08,5554.0,Web
C00502,2026-02-16,5047.0,Web
C00503,2025-05-17,3490.0,App
C00503,2025-07-31,2853.0,App
C00503,2025-08-07,10458.0,Web
C00503,2026-01-07,1659.0,Store
C00503,2026-02-26,4047.0,Web
C00504,2025-05-10,2005.0,Web
C00504,2025-05-21,3296.0,Store
C00504,2025-06-26,2693.0,App
C00505,2025-05-20,2556.0,Web
C00505,2025-08-02,4467.0,App
C00505,2025-10-13,3881.0,Web
C00506,2025-06-28,8862.0,App
C00506,2025-10-13,2069.0,Web
C00506,2025-11-06,1678.0,App
C00506,2025-12-15,6762.0,Web
C00507,2026-06-24,3325.0,Web
C00508,2025-08-18,2894.0,App
C00508,2025-11-22,2289.0,Web
C00509,2025-07-24,3111.0,Web
C00509,2025-08-20,4834.0,Store
C00510,2025-04-11,4766.0,App
C00510,2025-05-05,4370.0,Web
C00510,2025-06-04,3288.0,Store
C00510,2025-06-28,2111.0,Web
C00510,2025-08-01,8161.0,Web
C00510,2025-09-17,4247.0,App
C00510,2025-09-28,3887.0,App
C00510,2025-10-18,3528.0,App
C00510,2025-12-12,7624.0,Web
C00510,2026-02-09,6566.0,App
C00510,2026-05-09,3135.0,Web
C00510,2026-06-14,7354.0,Store
C00510,2026-07-03,4355.0,Web
C00511,2025-07-15,2674.0,Web
C00511,2025-08-28,5492.0,App
C00511,2025-10-01,8739.0,Web
C00511,2025-11-28,4283.0,Web
C00511,2026-01-27,7005.0,Web
C00512,2025-05-27,2695.0,Web
C00512,2025-07-07,2777.0,Web
C00512,2025-09-03,3471.0,Web
C00512,2025-12-17,4141.0,App
C00512,2026-05-20,5176.0,Web
C00513,2025-04-07,4086.0,Web
C00513,2025-05-16,3539.0,Store
C00513,2025-06-27,4692.0,Store
C00513,2025-07-03,4432.0,Web
C00513,2025-07-14,2950.0,App
C00513,2025-08-22,3895.0,Web
C00513,2025-12-06,5890.0,Web
C00513,2026-02-19,6960.0,Web
C00513,2026-03-21,4660.0,Store
C00513,2026-04-16,4726.0,Web
C00513,2026-05-05,3995.0,App
C00513,2026-05-23,3775.0,Web
C00513,2026-06-20,3195.0,App
C00514,2026-07-15,7419.0,Store
C00514,2026-08-20,3759.0,Web
C00515,2026-07-02,1695.0,Store
C00515,2026-07-19,7137.0,Store
C00516,2025-05-21,8894.0,Web
C00516,2025-07-14,8233.0,App
C00516,2025-09-01,5647.0,Store
C00516,2025-10-08,2136.0,App
C00516,2025-10-27,4673.0,App
C00516,2026-01-19,3757.0,Web
C00516,2026-02-01,4653.0,Store
C00516,2026-02-26,3017.0,Web
C00516,2026-03-27,6246.0,Store
C00516,2026-04-28,6844.0,Web
C00517,2026-07-21,4616.0,App
C00517,2026-08-20,2625.0,Web
C00518,2025-09-09,1874.0,App
C00518,2025-11-23,2776.0,Web
C00518,2026-04-11,3279.0,Web
C00519,2025-03-31,9384.0,Web
C00519,2025-06-01,11923.0,Web
C00519,2025-07-02,9187.0,App
C00519,2025-07-25,8170.0,Web
C00519,2025-08-21,11032.0,Store
C00519,2025-10-01,17962.0,Web
C00519,2025-10-30,6847.0,Store
C00519,2025-11-05,9938.0,Web
C00519,2025-12-23,7511.0,Web
C00519,2026-01-09,8983.0,Web
C00519,2026-01-30,7637.0,Web
C00519,2026-03-07,3536.0,Web
C00519,2026-05-06,7016.0,App
C00519,2026-05-17,10676.0,App
C00519,2026-06-21,5757.0,App
C00519,2026-07-02,10387.0,Web
C00519,2026-07-22,8024.0,App
C00519,2026-07-26,7037.0,Web
C00519,2026-08-06,10332.0,App
C00520,2025-08-07,3315.0,Web
C00520,2025-09-30,1337.0,Web
C00520,2025-12-11,4542.0,Web
C00521,2025-10-03,2797.0,Web
C00521,2025-11-08,2562.0,App
C00521,2025-12-28,3451.0,Web
C00521,2026-03-15,3287.0,Web
C00521,2026-03-30,2628.0,App
C00521,2026-05-29,2582.0,App
C00521,2026-07-20,3260.0,App
C00522,2025-07-08,6826.0,App
C00522,2025-08-19,9146.0,Web
C00522,2025-08-28,9764.0,Store
C00522,2025-09-16,11113.0,Web
C00522,2025-09-21,7933.0,App
C00522,2025-09-24,7990.0,Web
C00522,2025-12-06,9173.0,App
C00522,2025-12-26,5729.0,App
C00522,2026-01-12,5647.0,App
C00523,2025-07-21,2980.0,Web
C00523,2025-08-29,3352.0,Web
C00523,2025-10-22,3591.0,Web
C00523,2025-11-08,3916.0,App
C00523,2026-02-11,4587.0,App
C00523,2026-04-11,6772.0,Web
C00523,2026-06-22,5551.0,Web
C00523,2026-07-30,4729.0,Web
C00524,2025-07-15,3653.0,Web
C00524,2025-08-07,2089.0,Web
C00524,2025-09-24,6610.0,Web
C00525,2025-05-07,3543.0,App
C00525,2025-05-24,4868.0,App
C00525,2025-06-04,5088.0,App
C00525,2025-07-27,2158.0,App
C00525,2025-09-14,5874.0,App
C00525,2025-09-26,5098.0,App
C00525,2025-11-18,1977.0,Web
C00525,2025-12-28,4405.0,Web
C00525,2026-01-26,3340.0,Web
C00525,2026-02-01,3850.0,Web
C00525,2026-03-22,2703.0,Web
C00526,2025-05-03,5577.0,Web
C00526,2025-05-19,8558.0,Web
C00526,2025-05-29,6051.0,Web
C00526,2025-06-24,5262.0,Web
C00526,2025-07-27,5211.0,Store
C00526,2025-08-03,7895.0,Web
C00526,2025-08-14,7581.0,App
C00526,2025-08-26,11995.0,Web
C00526,2025-09-27,6373.0,Web
C00526,2025-10-17,6335.0,App
C00526,2025-10-24,11676.0,Web
C00527,2025-09-06,3122.0,App
C00527,2025-09-17,2169.0,Web
C00527,2026-02-18,3175.0,Web
C00527,2026-04-04,5888.0,Web
C00527,2026-05-04,2641.0,Web
C00528,2025-05-10,6195.0,App
C00528,2025-05-28,1915.0,App
C00528,2025-09-27,2614.0,Web
C00528,2025-10-22,6339.0,Web
C00528,2025-12-28,1305.0,App
C00528,2026-02-05,3087.0,Web
C00528,2026-03-22,5499.0,App
C00528,2026-05-13,5462.0,App
C00529,2025-04-29,1419.0,Web
C00529,2025-11-09,1149.0,App
C00529,2026-02-08,1609.0,Web
C00529,2026-03-17,6939.0,Web
C00529,2026-04-16,1887.0,Store
C00530,2026-07-08,5661.0,Store
C00531,2025-05-09,3207.0,Web
C00531,2025-05-29,2528.0,App
C00531,2025-06-12,3291.0,App
C00532,2025-04-29,7346.0,App
C00532,2025-05-28,2925.0,App
C00532,2025-06-11,7722.0,Store
C00532,2025-08-28,8086.0,Web
C00532,2025-12-21,12174.0,Web
C00532,2026-06-21,7456.0,Web
C00532,2026-08-15,9140.0,Web
C00533,2025-06-03,9182.0,Web
C00533,2025-06-08,8859.0,Web
C00533,2025-06-18,4668.0,Web
C00533,2025-07-04,6850.0,App
C00533,2025-08-12,7948.0,Web
C00533,2025-09-21,7469.0,Web
C00533,2025-10-08,3877.0,Web
C00533,2025-10-13,7386.0,App
C00533,2025-11-15,8814.0,Web
C00533,2025-11-20,12262.0,Web
C00533,2025-12-02,5582.0,App
C00533,2025-12-24,5828.0,App
C00533,2025-12-28,6557.0,Web
C00533,2026-01-07,7811.0,App
C00534,2025-04-09,4995.0,App
C00534,2025-05-31,2384.0,Web
C00534,2025-06-11,5904.0,App
C00535,2025-03-17,9180.0,Web
C00535,2025-03-31,9258.0,App
C00535,2025-04-12,6914.0,App
C00535,2025-05-06,7541.0,Web
C00535,2025-05-19,9607.0,App
C00535,2025-05-29,9393.0,App
C00535,2025-06-23,9684.0,Web
C00535,2025-06-25,9370.0,App
C00535,2025-07-13,10305.0,Web
C00535,2025-08-04,9910.0,Store
C00535,2025-09-11,5258.0,Web
C00535,2025-09-27,10069.0,Web
C00535,2025-09-30,14421.0,App
C00535,2025-10-17,7455.0,Web
C00535,2025-10-20,12718.0,Store
C00535,2025-11-09,5458.0,Web
C00535,2025-12-12,7447.0,Web
C00535,2025-12-26,6012.0,Web
C00535,2026-01-08,12194.0,Web
C00535,2026-02-03,13361.0,Web
C00535,2026-02-23,7268.0,Web
C00535,2026-03-20,11337.0,Web
C00535,2026-05-21,13409.0,Web
C00535,2026-05-31,7439.0,Web
C00535,2026-06-21,7874.0,Web
C00535,2026-07-31,9727.0,Web
C00536,2026-06-13,2599.0,Web
C00536,2026-06-21,4929.0,Web
C00537,2025-06-18,1464.0,Web
C00537,2025-07-03,2177.0,App
C00537,2025-08-23,3752.0,App
C00538,2025-04-23,4027.0,Web
C00538,2025-05-01,4420.0,App
C00538,2025-06-10,4009.0,Web
C00538,2025-06-22,5639.0,Web
C00538,2025-07-02,6156.0,Web
C00538,2025-09-28,3387.0,App
C00538,2025-10-07,3338.0,App
C00538,2025-10-14,4550.0,App
C00538,2025-12-07,2489.0,Store
C00538,2026-01-18,3814.0,App
C00538,2026-02-08,7914.0,Web
C00538,2026-02-23,2527.0,App
C00538,2026-03-13,4028.0,Store
C00538,2026-04-04,3642.0,Web
C00538,2026-05-23,10294.0,App
C00539,2025-03-26,5014.0,Web
C00539,2025-05-05,4661.0,Web
C00539,2025-05-24,6049.0,App
C00539,2025-07-01,6563.0,Web
C00539,2025-07-07,5751.0,Web
C00539,2025-07-16,6573.0,App
C00539,2025-07-31,5529.0,Web
C00539,2025-08-11,5763.0,Web
C00539,2025-08-23,3445.0,Store
C00539,2025-10-09,9522.0,Web
C00539,2025-11-04,2818.0,Store
C00539,2025-11-27,5224.0,Web
C00539,2026-01-06,2704.0,Web
C00539,2026-02-17,4438.0,Web
C00539,2026-03-10,3673.0,Web
C00539,2026-05-17,4873.0,Web
C00539,2026-06-13,5292.0,App
C00539,2026-08-03,3148.0,Store
C00540,2025-03-05,3011.0,Web
C00540,2025-04-25,5300.0,App
C00540,2025-07-10,7900.0,Web
C00540,2025-07-23,1934.0,Web
C00540,2025-10-01,4472.0,Web
C00540,2026-01-09,5690.0,Web
C00541,2025-05-09,2123.0,Web
C00541,2025-06-04,3219.0,Web
C00541,2025-09-05,5166.0,Store
C00541,2025-12-08,3332.0,Web
C00541,2026-02-06,1441.0,Web
C00542,2025-03-10,2927.0,App
C00542,2025-04-23,2043.0,App
C00542,2025-05-29,1972.0,Store
C00543,2025-03-21,2384.0,Web
C00543,2025-04-21,2016.0,App
C00543,2025-05-23,3816.0,Web
C00543,2025-06-25,2012.0,Web
C00543,2025-08-31,1586.0,Web
C00543,2025-11-28,1909.0,Web
C00543,2026-03-12,2846.0,Web
C00543,2026-04-28,2025.0,App
C00544,2025-09-13,5005.0,Web
C00544,2026-03-21,4351.0,App
C00545,2025-08-05,6610.0,Web
C00545,2025-10-06,2761.0,App
C00545,2025-11-02,5913.0,Web
C00545,2026-01-29,6245.0,App
C00545,2026-03-03,2925.0,App
C00545,2026-04-21,3619.0,Web
C00545,2026-06-07,10784.0,App
C00546,2025-06-16,9889.0,App
C00546,2025-07-16,6653.0,Web
C00546,2025-07-31,6530.0,Web
C00546,2025-08-25,10224.0,App
C00546,2025-09-04,5122.0,Web
C00546,2025-09-22,3226.0,Web
C00546,2025-11-06,5234.0,Store
C00547,2025-03-12,9336.0,App
C00547,2025-04-15,8679.0,Web
C00547,2025-05-16,5397.0,App
C00547,2025-05-19,7602.0,Web
C00547,2025-05-27,5388.0,App
C00547,2025-07-06,4023.0,Web
C00547,2025-07-24,5724.0,Web
C00547,2025-08-27,6931.0,App
C00547,2025-08-28,8467.0,Web
C00547,2025-08-29,7433.0,Web
C00547,2025-09-26,9692.0,Web
C00547,2025-10-07,5004.0,Web
C00547,2025-11-05,6183.0,Web
C00547,2025-12-10,12543.0,Web
C00547,2025-12-21,3589.0,Web
C00547,2026-01-06,6022.0,App
C00547,2026-01-20,4848.0,App
C00547,2026-01-31,6588.0,Web
C00548,2025-07-25,2688.0,App
C00548,2025-08-04,3415.0,Store
C00548,2025-10-01,4378.0,App
C00548,2025-10-08,3008.0,Web
C00548,2025-11-05,4441.0,Web
C00548,2025-12-01,6136.0,App
C00548,2025-12-12,2665.0,App
C00548,2026-01-01,5190.0,App
C00548,2026-02-19,7366.0,Web
C00548,2026-03-19,5417.0,App
C00548,2026-03-27,4478.0,Web
C00548,2026-05-20,3533.0,Web
C00549,2025-09-01,5693.0,Web
C00549,2025-12-02,5315.0,Store
C00549,2025-12-27,2383.0,Web
C00549,2026-02-20,2029.0,App
C00549,2026-04-08,4454.0,Web
C00550,2025-06-13,10934.0,Web
C00550,2025-07-03,11635.0,Web
C00550,2025-07-13,9699.0,Web
C00550,2025-07-17,5744.0,App
C00550,2025-08-04,4921.0,App
C00550,2025-09-16,8504.0,Web
C00550,2025-11-02,5346.0,Web
C00550,2025-11-07,11822.0,App
C00550,2025-12-23,3885.0,Web
C00550,2026-01-18,8603.0,App
C00551,2025-04-03,1951.0,App
C00551,2025-07-19,2130.0,Web
C00551,2025-07-20,2393.0,Web
C00552,2025-04-04,4320.0,App
C00552,2025-05-01,9418.0,App
C00552,2025-05-13,4109.0,Web
C00552,2025-06-22,6226.0,Web
C00552,2025-08-06,3963.0,App
C00552,2025-08-19,2192.0,Web
C00552,2025-09-16,2825.0,App
C00552,2025-10-31,5429.0,Web
C00552,2026-01-13,6110.0,App
C00552,2026-01-31,5436.0,Web
C00552,2026-03-21,7300.0,App
C00552,2026-04-10,5398.0,App
C00552,2026-05-14,3385.0,Web
C00552,2026-05-28,5854.0,Web
C00552,2026-07-15,4940.0,App
C00553,2025-06-20,5540.0,Web
C00553,2025-07-13,6439.0,Store
C00553,2025-09-03,4546.0,App
C00553,2025-09-24,4244.0,Web
C00553,2025-12-14,3615.0,Store
C00553,2026-02-22,4526.0,Web
C00553,2026-05-22,5765.0,Web
C00554,2025-09-16,1296.0,App
C00554,2025-12-10,1953.0,App
C00554,2026-01-12,2420.0,Store
C00554,2026-04-20,6330.0,Web
C00554,2026-05-10,2999.0,App
C00555,2025-03-26,8111.0,Web
C00555,2025-05-11,6858.0,Web
C00555,2025-05-17,6984.0,App
C00555,2025-06-08,7928.0,Web
C00555,2025-06-09,6855.0,Store
C00555,2025-06-19,8037.0,Web
C00555,2025-06-23,7463.0,Store
C00555,2025-07-09,4751.0,Web
C00555,2025-07-29,8599.0,Web
C00555,2025-08-13,9668.0,Store
C00555,2025-08-26,6224.0,App
C00555,2025-09-25,14468.0,App
C00555,2025-10-02,12009.0,App
C00555,2025-10-23,10111.0,Web
C00555,2025-10-31,10068.0,App
C00555,2025-11-26,7604.0,Web
C00555,2025-12-06,11220.0,App
C00555,2025-12-10,13039.0,Store
C00555,2025-12-19,9984.0,App
C00555,2026-01-02,6163.0,App
C00555,2026-01-14,7421.0,App
C00555,2026-01-25,9198.0,Web
C00555,2026-03-13,10089.0,Web
C00555,2026-03-21,7323.0,App
C00555,2026-05-09,6171.0,App
C00555,2026-07-02,13101.0,Web
C00555,2026-07-19,5170.0,App
C00556,2026-06-12,4316.0,Web
C00556,2026-07-23,5732.0,Store
C00557,2026-06-10,4705.0,Store
C00557,2026-07-05,5467.0,App
C00558,2025-04-08,2707.0,Store
C00558,2025-09-13,1278.0,App
C00559,2025-06-21,3095.0,App
C00560,2025-07-07,1655.0,Web
C00561,2025-07-25,7196.0,Web
C00561,2025-09-11,2424.0,Web
C00561,2025-10-30,6399.0,Web
C00561,2025-12-05,4648.0,App
C00561,2026-02-01,6791.0,App
C00561,2026-02-15,3378.0,App
C00561,2026-04-09,4785.0,Store
C00561,2026-05-27,4729.0,Store
C00561,2026-07-30,5490.0,Web
C00562,2026-06-15,6227.0,Store
C00562,2026-07-07,8491.0,App
C00563,2025-03-09,2878.0,Store
C00563,2025-05-23,1991.0,App
C00563,2025-06-27,4479.0,Web
C00563,2025-08-18,5745.0,Web
C00563,2025-11-01,1339.0,App
C00563,2025-12-05,1572.0,Web
C00563,2026-02-04,4967.0,Web
C00563,2026-02-21,6410.0,Web
C00563,2026-06-06,1213.0,App
C00563,2026-07-04,4565.0,App
C00564,2025-05-22,4804.0,Web
C00564,2025-08-02,3365.0,Store
C00564,2025-08-09,2167.0,Web
C00565,2025-07-11,1862.0,App
C00565,2025-08-16,3895.0,Store
C00566,2025-03-12,3100.0,Web
C00566,2025-04-19,1695.0,App
C00566,2025-09-08,1867.0,Web
C00567,2025-04-24,4145.0,Web
C00567,2025-07-16,5384.0,App
C00567,2025-11-11,2577.0,App
C00568,2025-06-20,3917.0,App
C00568,2025-07-02,3560.0,Web
C00568,2025-09-30,7038.0,Web
C00568,2025-10-10,7507.0,Web
C00568,2025-11-24,2956.0,App
C00568,2025-12-11,4350.0,Store
C00568,2026-02-19,4508.0,Web
C00568,2026-03-09,3391.0,Store
C00568,2026-04-11,5386.0,App
C00568,2026-05-07,3488.0,Store
C00569,2025-06-13,2163.0,App
C00569,2025-07-18,6442.0,Web
C00569,2025-08-06,4518.0,Web
C00569,2025-08-21,10455.0,Web
C00569,2025-09-03,10197.0,Web
C00569,2025-09-17,8081.0,App
C00569,2025-09-21,4630.0,Web
C00569,2025-09-28,11901.0,Web
C00569,2025-10-08,6436.0,App
C00569,2025-12-16,13270.0,App
C00569,2025-12-29,7741.0,App
C00569,2026-01-01,8424.0,App
C00570,2025-03-17,2444.0,Web
C00570,2025-04-13,3762.0,Web
C00570,2025-05-21,7106.0,App
C00571,2026-07-24,2622.0,Web
C00572,2025-06-06,1907.0,Web
C00572,2025-07-26,2874.0,Web
C00572,2025-08-29,5220.0,Web
C00572,2025-10-08,2183.0,Web
C00572,2025-12-12,4136.0,Store
C00572,2026-01-23,3300.0,Web
C00573,2025-06-29,1510.0,App
C00573,2025-07-30,2406.0,App
C00573,2025-09-03,4626.0,Web
C00574,2025-04-05,1992.0,Web
C00574,2025-04-28,3321.0,Web
C00574,2025-06-04,5102.0,App
C00574,2025-10-12,6136.0,App
C00574,2025-12-16,1887.0,App
C00574,2026-02-09,1597.0,Web
C00574,2026-07-17,3253.0,App
C00575,2025-05-17,5391.0,Web
C00575,2025-05-22,2543.0,App
C00575,2025-11-10,2137.0,App
C00575,2025-11-24,3064.0,Web
C00576,2025-03-04,2852.0,Store
C00576,2025-05-18,2023.0,Web
C00576,2025-06-25,2608.0,Web
C00577,2025-05-22,8151.0,Web
C00577,2026-01-07,3545.0,App
C00577,2026-01-21,2328.0,App
C00577,2026-03-13,3459.0,App
C00577,2026-06-20,973.0,App
C00578,2025-06-02,3403.0,Web
C00578,2025-07-12,2944.0,Web
C00578,2025-07-14,2103.0,App
C00579,2025-03-03,4977.0,App
C00579,2025-03-25,6210.0,Web
C00579,2025-04-28,3462.0,App
C00579,2025-08-22,4176.0,Web
C00579,2025-12-16,3738.0,App
C00579,2025-12-28,2711.0,Web
C00580,2026-07-09,7528.0,Web
C00580,2026-08-20,5844.0,App
C00581,2025-03-21,1904.0,Web
C00581,2025-04-25,1417.0,App
C00581,2025-05-27,2468.0,Store
C00582,2025-07-30,5135.0,Web
C00582,2025-09-13,3927.0,App
C00583,2025-06-15,7873.0,Store
C00583,2025-07-21,4619.0,App
C00583,2025-08-04,3797.0,Web
C00583,2025-09-30,4407.0,App
C00583,2025-11-03,3110.0,App
C00583,2025-12-01,4495.0,Web
C00583,2025-12-11,4607.0,Web
C00583,2025-12-21,9071.0,App
C00583,2026-02-05,5852.0,Store
C00583,2026-05-16,11876.0,App
C00583,2026-06-15,1946.0,Web
C00583,2026-07-15,2837.0,App
C00584,2025-03-16,10621.0,Web
C00584,2025-04-09,6793.0,Web
C00584,2025-05-14,4657.0,Web
C00584,2025-06-19,4809.0,Web
C00584,2025-06-30,7369.0,App
C00584,2025-07-28,4034.0,Web
C00584,2025-08-23,13248.0,App
C00584,2025-10-26,10184.0,Web
C00584,2025-11-23,13370.0,Store
C00585,2025-03-10,2055.0,Web
C00585,2025-03-24,4583.0,App
C00585,2025-09-06,2023.0,App
C00585,2025-10-27,3241.0,Web
C00585,2025-11-13,4249.0,Web
C00585,2026-01-11,2172.0,Store
C00585,2026-01-15,4507.0,App
C00585,2026-04-30,2520.0,App
C00586,2025-05-19,2021.0,Store
C00586,2025-06-02,3990.0,Web
C00586,2025-07-18,6300.0,App
C00587,2025-06-18,3461.0,Web
C00587,2025-08-03,6657.0,App
C00587,2025-08-20,2725.0,App
C00587,2025-09-29,3885.0,App
C00587,2025-10-18,4134.0,Web
C00587,2025-10-31,2786.0,Web
C00587,2025-12-28,4109.0,App
C00587,2026-01-14,5043.0,Web
C00587,2026-01-31,2224.0,Web
C00587,2026-03-09,3942.0,Web
C00587,2026-04-20,2293.0,Web
C00587,2026-05-03,10444.0,Web
C00588,2026-07-01,7978.0,Web
C00588,2026-08-05,5520.0,App
C00589,2025-04-24,3992.0,Web
C00589,2025-05-18,3574.0,Web
C00589,2025-06-12,2919.0,App
C00589,2025-07-14,7971.0,Web
C00589,2025-08-18,6569.0,App
C00589,2025-08-26,4118.0,Web
C00589,2025-09-11,5314.0,Web
C00589,2025-12-04,5394.0,Web
C00589,2025-12-14,11782.0,Store
C00589,2026-03-24,6543.0,Web
C00589,2026-05-14,6445.0,Web
C00589,2026-06-25,4686.0,Web
C00590,2025-06-17,10944.0,App
C00590,2025-06-29,7672.0,App
C00590,2025-07-21,13466.0,Web
C00590,2025-08-06,11791.0,Web
C00590,2025-08-31,5584.0,Store
C00590,2025-09-18,8421.0,Web
C00590,2025-10-23,4378.0,Web
C00590,2025-11-29,12818.0,App
C00590,2025-12-13,8139.0,App
C00590,2026-01-08,12064.0,App
C00590,2026-01-20,7242.0,App
C00590,2026-02-12,3929.0,Web
C00590,2026-03-12,18940.0,App
C00590,2026-04-08,7878.0,Web
C00590,2026-05-01,5302.0,App
C00590,2026-05-10,11237.0,Web
C00590,2026-05-26,15344.0,Web
C00590,2026-05-29,7010.0,Web
C00590,2026-06-16,7268.0,App
C00590,2026-07-01,8178.0,Web
C00590,2026-07-09,5101.0,App
C00590,2026-07-30,5909.0,Web
C00591,2025-04-08,4260.0,App
C00591,2025-06-01,1798.0,App
C00591,2025-07-13,5898.0,Web
C00591,2025-08-16,2630.0,App
C00591,2025-11-10,6797.0,Web
C00591,2025-12-16,1736.0,Web
C00591,2026-04-30,3649.0,Web
C00592,2025-06-08,6572.0,App
C00592,2025-06-23,6675.0,App
C00592,2025-08-05,11638.0,App
C00592,2025-08-18,6847.0,Web
C00592,2025-08-24,6226.0,App
C00592,2025-09-08,6419.0,Web
C00592,2025-10-12,5915.0,Store
C00592,2025-10-24,5580.0,App
C00592,2025-11-23,5923.0,Web
C00592,2025-11-29,12626.0,App
C00593,2026-06-18,2622.0,Web
C00593,2026-07-08,2513.0,Web
C00594,2025-05-09,5545.0,Web
C00594,2025-07-20,2786.0,Store
C00594,2025-08-27,4034.0,App
C00595,2025-03-13,14948.0,Web
C00595,2025-04-07,6879.0,App
C00595,2025-06-04,8748.0,App
C00595,2025-06-16,6984.0,App
C00595,2025-07-19,4263.0,Store
C00595,2025-07-22,7004.0,Web
C00595,2025-07-28,9795.0,Web
C00595,2025-08-12,9290.0,App
C00595,2025-08-22,6791.0,Web
C00595,2025-08-30,4519.0,Web
C00595,2025-09-09,9429.0,Web
C00595,2025-10-02,8715.0,Web
C00595,2025-11-05,10109.0,Web
C00595,2025-11-29,6836.0,Web
C00595,2025-12-24,4173.0,Store
C00595,2026-01-09,9070.0,Web
C00595,2026-01-15,7501.0,App
C00595,2026-01-30,12247.0,Web
C00595,2026-02-17,7601.0,Web
C00595,2026-03-24,7406.0,Store
C00595,2026-05-13,8708.0,Web
C00595,2026-06-04,6106.0,Web
C00595,2026-07-06,6004.0,App
C00595,2026-07-07,7271.0,Web
C00595,2026-07-20,5452.0,Web
C00595,2026-08-05,6945.0,Store
C00596,2026-07-01,6696.0,Web
C00596,2026-07-21,2793.0,App
C00597,2025-08-19,2024.0,Web
C00597,2025-12-26,4702.0,Web
C00597,2026-04-29,3674.0,Web
C00598,2025-07-14,2574.0,Web
C00598,2025-08-25,1291.0,Store
C00599,2025-07-06,3009.0,App
C00599,2025-08-09,2834.0,App
C00599,2025-10-16,5801.0,Web
C00599,2025-11-14,2382.0,Web
C00599,2026-03-02,3653.0,App
C00599,2026-06-07,2285.0,App
C00600,2025-07-25,3138.0,Web
C00600,2025-08-22,2685.0,Web
C00600,2025-09-27,2398.0,Web
C00601,2025-05-07,6635.0,Web
C00601,2025-06-21,1956.0,Web
C00602,2025-07-31,3731.0,App
C00602,2025-10-11,9768.0,Store
C00602,2025-10-26,1744.0,App
C00602,2025-11-14,2626.0,Web
C00602,2025-12-30,2720.0,App
C00602,2026-08-04,4729.0,Web
C00603,2025-05-11,4221.0,Web
C00603,2025-07-10,4017.0,Store
C00603,2025-08-12,5367.0,Web
C00604,2025-08-31,4417.0,App
C00604,2026-01-05,1962.0,Web
C00604,2026-03-03,1821.0,App
C00604,2026-03-27,4525.0,Web
C00604,2026-04-15,2786.0,Web
C00605,2025-09-27,3069.0,Web
C00605,2025-12-28,3593.0,Web
C00605,2026-02-19,5252.0,Web
C00605,2026-07-22,1817.0,Web
C00606,2025-06-06,2810.0,App
C00606,2025-10-27,5926.0,Web
C00606,2026-02-05,6134.0,App
C00607,2025-10-05,7898.0,Store
C00607,2025-11-29,3838.0,App
C00607,2025-12-23,5256.0,Web
C00608,2025-08-10,4166.0,App
C00608,2025-09-16,5725.0,Store
C00608,2025-10-04,2971.0,Web
C00608,2025-10-26,6181.0,App
C00608,2025-11-04,3310.0,Web
C00608,2025-12-21,6083.0,App
C00608,2026-02-10,15136.0,Store
C00608,2026-04-18,3675.0,Web
C00608,2026-05-22,14858.0,Store
C00608,2026-06-10,5616.0,Web
C00609,2025-07-12,8494.0,Web
C00609,2025-09-09,5010.0,Web
C00609,2026-01-17,7012.0,Store
C00609,2026-01-21,1860.0,App
C00609,2026-03-18,1829.0,Store
C00609,2026-03-29,4175.0,Web
C00610,2025-05-13,5287.0,Web
C00610,2025-05-22,6766.0,Web
C00610,2025-05-29,6739.0,Web
C00610,2025-06-13,16954.0,Web
C00610,2025-08-15,6268.0,Store
C00610,2025-09-07,9977.0,App
C00610,2025-10-22,13300.0,Store
C00610,2025-11-04,8921.0,Store
C00611,2025-04-21,3166.0,App
C00611,2025-07-02,2407.0,App
C00611,2025-09-18,2952.0,Web
C00612,2025-06-06,4170.0,Web
C00612,2025-07-02,3465.0,Store
C00612,2025-07-17,1668.0,Web
C00613,2025-05-05,3666.0,Web
C00613,2025-08-01,1585.0,App
C00613,2025-10-16,2288.0,App
C00613,2026-02-08,2602.0,Web
C00613,2026-03-20,5432.0,Web
C00613,2026-05-08,2488.0,App
C00614,2025-10-04,3830.0,Web
C00614,2025-12-15,1748.0,App
C00614,2026-01-14,4995.0,Web
C00615,2026-07-25,4803.0,App
C00615,2026-08-17,5929.0,Web
C00616,2025-06-15,4951.0,Web
C00616,2025-09-13,4174.0,App
C00616,2025-10-25,3771.0,Web
C00616,2025-12-14,2683.0,Store
C00616,2026-04-22,1436.0,Web
C00616,2026-07-27,3885.0,Store
C00617,2025-08-30,2070.0,Web
C00618,2026-07-23,2377.0,Web
C00618,2026-08-15,3314.0,App
C00619,2025-06-20,4853.0,Web
C00619,2025-06-29,1890.0,App
C00619,2025-07-10,6743.0,Store
C00619,2025-08-17,3509.0,Web
C00619,2025-08-22,7236.0,Web
C00619,2025-09-08,4909.0,Web
C00619,2025-10-05,3686.0,App
C00619,2025-10-23,2359.0,Web
C00619,2025-11-02,11016.0,App
C00619,2025-12-08,6365.0,App
C00619,2025-12-25,6519.0,App
C00619,2026-01-12,9554.0,Web
C00619,2026-02-13,5048.0,Web
C00619,2026-04-10,7928.0,Web
C00619,2026-05-01,3811.0,App
C00619,2026-05-23,6200.0,App
C00619,2026-06-04,3587.0,App
C00620,2025-05-13,4804.0,App
C00620,2025-06-03,7503.0,Web
C00620,2025-06-22,8358.0,Web
C00620,2025-07-24,7266.0,Web
C00620,2025-09-05,7425.0,App
C00620,2025-10-07,13023.0,Web
C00620,2025-10-20,5774.0,App
C00620,2025-10-26,9953.0,Web
C00620,2025-11-03,8406.0,App
C00620,2025-12-15,5574.0,Store
C00620,2026-01-01,5162.0,Web
C00620,2026-01-21,4148.0,App
C00620,2026-02-19,8919.0,Web
C00620,2026-03-07,7360.0,Web
C00620,2026-04-12,5636.0,App
C00620,2026-04-17,3902.0,App
C00620,2026-05-10,8755.0,App
C00620,2026-06-30,7081.0,Store
C00620,2026-08-07,5861.0,Web
C00621,2025-07-21,3411.0,App
C00622,2025-06-05,2662.0,Store
C00622,2025-06-29,2303.0,Store
C00622,2025-08-13,4213.0,Store
C00623,2025-03-14,2218.0,Web
C00623,2025-06-02,3823.0,Store
C00623,2025-10-14,2716.0,App
C00623,2025-12-12,4041.0,Web
C00623,2026-01-24,2691.0,App
C00623,2026-02-14,6282.0,Web
C00624,2025-07-09,3244.0,Web
C00624,2025-07-19,5486.0,Web
C00624,2025-08-16,4698.0,Web
C00625,2025-09-10,3102.0,App
C00625,2025-11-19,1288.0,App
C00625,2026-02-04,6684.0,App
C00626,2025-04-01,7082.0,App
C00626,2025-05-03,8932.0,Web
C00626,2025-05-20,7292.0,Store
C00626,2025-05-30,6325.0,Web
C00626,2025-06-18,4680.0,Web
C00626,2025-07-17,7692.0,App
C00626,2025-07-18,7306.0,Web
C00626,2025-07-25,4984.0,App
C00626,2025-07-27,8648.0,Web
C00626,2025-08-20,10995.0,Web
C00626,2025-09-12,5599.0,Web
C00626,2025-09-20,5468.0,App
C00626,2025-09-30,5399.0,App
C00626,2025-10-22,3920.0,Web
C00626,2025-10-26,14228.0,App
C00626,2025-11-25,6029.0,App
C00627,2025-03-17,3510.0,Web
C00627,2025-03-27,2618.0,App
C00627,2025-05-20,3303.0,App
C00627,2025-08-12,6299.0,Web
C00627,2025-09-16,5071.0,Web
C00627,2025-11-03,5087.0,Web
C00627,2025-12-21,1729.0,Web
C00628,2025-06-26,3921.0,Store
C00628,2025-07-18,3571.0,Web
C00628,2025-08-14,6269.0,Store
C00628,2025-08-29,3414.0,Store
C00628,2025-10-29,1879.0,Web
C00628,2025-12-20,4724.0,App
C00628,2026-01-17,4128.0,Web
C00628,2026-02-14,3651.0,Web
C00628,2026-03-09,6646.0,Web
C00628,2026-05-28,1547.0,App
C00629,2025-03-02,2309.0,Store
C00629,2025-04-17,2596.0,Web
C00629,2025-04-20,3769.0,Web
C00630,2025-05-24,2642.0,Web
C00630,2025-11-19,1958.0,App
C00630,2026-03-11,1901.0,Web
C00631,2025-09-19,2246.0,App
C00631,2025-10-17,2772.0,App
C00631,2026-02-05,1559.0,Web
C00632,2025-08-14,3119.0,Web
C00632,2025-12-29,3000.0,App
C00632,2026-01-31,3800.0,App
C00632,2026-06-30,2053.0,Web
C00632,2026-07-11,3449.0,App
C00633,2025-03-24,5753.0,Web
C00633,2025-04-09,10115.0,Web
C00633,2025-04-10,10399.0,App
C00633,2025-04-22,9447.0,App
C00633,2025-05-04,5748.0,Web
C00633,2025-05-16,8970.0,Web
C00633,2025-06-11,5241.0,App
C00633,2025-06-20,5693.0,Web
C00633,2025-07-08,7279.0,Web
C00633,2025-08-21,5647.0,Web
C00633,2025-09-23,10877.0,Web
C00633,2025-10-02,6146.0,Store
C00633,2025-10-19,6966.0,App
C00633,2025-10-20,5530.0,Web
C00633,2025-11-12,10820.0,App
C00633,2025-11-17,5960.0,Web
C00633,2025-12-02,11222.0,Store
C00633,2025-12-16,10937.0,Web
C00633,2026-01-17,6437.0,Store
C00633,2026-02-05,7603.0,App
C00633,2026-02-19,6375.0,App
C00633,2026-03-15,9108.0,Web
C00633,2026-04-20,7030.0,App
C00633,2026-04-21,6502.0,App
C00633,2026-04-30,7647.0,Web
C00633,2026-06-13,4325.0,Web
C00634,2025-05-27,9475.0,App
C00634,2025-06-23,5971.0,Web
C00634,2025-07-16,8140.0,Web
C00634,2025-07-26,9133.0,Web
C00634,2025-08-26,4099.0,App
C00634,2025-09-15,12797.0,App
C00634,2025-10-07,15592.0,App
C00634,2025-11-05,9828.0,App
C00634,2025-11-23,9353.0,App
C00634,2025-12-02,8669.0,Web
C00634,2025-12-29,6299.0,Web
C00634,2026-01-30,6788.0,Web
C00635,2025-06-17,9398.0,Web
C00635,2025-07-10,5879.0,App
C00635,2025-07-17,10006.0,Web
C00635,2025-07-30,10818.0,App
C00635,2025-08-19,10999.0,App
C00635,2025-08-29,12592.0,App
C00635,2025-10-21,8336.0,Web
C00635,2025-11-12,11605.0,App
C00635,2025-11-26,13285.0,App
C00635,2025-12-28,5081.0,Web
C00635,2026-01-20,6092.0,Web
C00635,2026-02-09,4458.0,Web
C00635,2026-03-03,10909.0,App
C00635,2026-03-30,4438.0,Web
C00635,2026-04-08,4036.0,Store
C00635,2026-04-10,5125.0,App
C00635,2026-05-14,4095.0,App
C00635,2026-05-31,8277.0,Store
C00635,2026-06-11,5148.0,App
C00635,2026-06-19,4164.0,Web
C00635,2026-06-26,7415.0,Web
C00635,2026-07-14,7570.0,App
C00635,2026-07-29,3911.0,Web
C00636,2025-07-30,6982.0,Web
C00636,2025-08-08,6333.0,App
C00636,2025-10-09,3523.0,Web
C00636,2025-11-03,5953.0,Web
C00636,2025-11-07,5560.0,Web
C00636,2025-12-04,3475.0,App
C00636,2026-01-07,3833.0,App
C00636,2026-04-01,6058.0,Web
C00636,2026-04-29,8006.0,Web
C00636,2026-06-02,2236.0,Web
C00637,2025-06-12,2560.0,App
C00637,2025-07-10,2050.0,App
C00637,2025-08-02,3355.0,Web
C00638,2025-09-11,1352.0,Web
C00638,2026-02-23,3573.0,Web
C00638,2026-03-04,2370.0,App
C00638,2026-04-10,4573.0,Web
C00638,2026-08-04,3138.0,Web
C00639,2025-03-18,3150.0,App
C00639,2025-04-20,4660.0,App
C00639,2025-08-01,3651.0,App
C00639,2025-10-28,3981.0,App
C00639,2025-12-06,6839.0,App
C00639,2026-02-15,4590.0,App
C00640,2025-07-03,6309.0,Web
C00640,2025-09-25,1948.0,Web
C00640,2025-11-19,7080.0,Web
C00640,2026-03-30,5791.0,Web
C00641,2025-09-06,5758.0,App
C00641,2025-10-11,3386.0,App
C00641,2026-01-16,5739.0,Store
C00641,2026-02-05,1361.0,Web
C00641,2026-05-07,3889.0,Web
C00642,2025-03-10,4064.0,App
C00642,2025-04-13,2279.0,Web
C00642,2025-04-26,3416.0,Web
C00642,2025-06-19,1703.0,Web
C00642,2025-09-03,2029.0,App
C00642,2025-11-17,3211.0,App
C00642,2025-12-14,3559.0,Web
C00643,2025-05-24,4706.0,App
C00643,2025-05-28,2465.0,App
C00643,2025-07-06,6506.0,Web
C00643,2025-08-02,6352.0,Web
C00643,2025-08-04,6593.0,Web
C00643,2025-08-16,5441.0,Store
C00643,2025-08-28,10212.0,Web
C00643,2025-09-17,4640.0,App
C00643,2025-10-02,8811.0,Web
C00643,2025-10-11,9409.0,App
C00643,2025-11-01,8406.0,Web
C00643,2025-11-27,8924.0,Store
C00643,2025-12-04,10490.0,Web
C00643,2025-12-16,7667.0,App
C00643,2025-12-17,6665.0,App
C00643,2026-01-15,8921.0,Web
C00643,2026-02-09,9284.0,Store
C00643,2026-02-28,10274.0,Web
C00643,2026-03-05,4132.0,App
C00643,2026-03-17,7057.0,Web
C00643,2026-04-12,5183.0,App
C00643,2026-04-30,9157.0,Store
C00643,2026-05-25,9704.0,App
C00643,2026-05-27,6836.0,Web
C00643,2026-05-28,5830.0,Web
C00643,2026-06-06,9273.0,App
C00643,2026-06-28,7182.0,Web
C00643,2026-07-19,12397.0,Store
C00644,2026-06-23,3184.0,Store
C00644,2026-07-24,3010.0,App
C00645,2025-08-11,2761.0,Web
C00645,2025-09-02,4316.0,Web
C00645,2025-09-20,2045.0,Web
C00646,2025-06-24,4498.0,Web
C00646,2025-09-28,5072.0,Web
C00646,2025-11-14,2941.0,App
C00646,2025-12-26,2233.0,Web
C00646,2026-02-05,1118.0,App
C00646,2026-03-29,4562.0,App
C00646,2026-06-27,7789.0,Web
C00646,2026-07-02,7096.0,App
C00647,2025-03-23,4837.0,Web
C00647,2025-03-30,4343.0,Web
C00647,2025-04-10,8092.0,Web
C00647,2025-04-30,5045.0,Web
C00647,2025-05-13,6735.0,Web
C00647,2025-06-02,7401.0,Store
C00647,2025-07-16,7290.0,Web
C00647,2025-07-27,11162.0,Web
C00647,2025-08-22,14301.0,App
C00647,2025-08-27,6363.0,Store
C00647,2025-10-01,5066.0,Web
C00647,2025-10-28,8622.0,Web
C00647,2025-10-30,13319.0,Web
C00647,2025-11-21,6534.0,Web
C00647,2025-11-23,10133.0,Web
C00647,2025-12-17,5614.0,App
C00647,2026-01-03,7581.0,Web
C00647,2026-02-04,5010.0,Web
C00647,2026-02-15,7553.0,App
C00647,2026-03-05,7224.0,Web
C00647,2026-03-27,9309.0,Web
C00647,2026-03-28,14020.0,App
C00647,2026-04-18,6567.0,Web
C00647,2026-04-26,3737.0,Web
C00647,2026-05-16,7011.0,Web
C00647,2026-05-18,8356.0,App
C00647,2026-06-12,8076.0,App
C00647,2026-07-05,7121.0,Web
C00647,2026-08-05,12666.0,Web
C00647,2026-08-08,7892.0,Web
C00648,2025-04-01,2050.0,Web
C00648,2025-04-06,4106.0,Web
C00648,2025-04-12,4072.0,Web
C00649,2025-06-05,9231.0,Web
C00649,2025-07-11,2517.0,App
C00649,2025-07-29,1682.0,Web
C00650,2025-04-16,6900.0,Web
C00650,2025-05-06,11051.0,Web
C00650,2025-05-13,6558.0,Web
C00650,2025-05-24,10321.0,App
C00650,2025-06-01,6898.0,Store
C00650,2025-06-13,8843.0,App
C00650,2025-07-13,17370.0,Web
C00650,2025-07-17,10500.0,Web
C00650,2025-07-25,8891.0,Web
C00650,2025-08-05,5738.0,Store
C00650,2025-08-18,8037.0,Web
C00650,2025-09-25,5288.0,Store
C00650,2025-10-03,10264.0,App
C00650,2025-11-01,10174.0,App
C00650,2025-12-12,7066.0,App
C00650,2025-12-26,13469.0,Web
C00650,2026-01-01,12823.0,Web
C00650,2026-02-05,7929.0,Web
C00650,2026-03-05,9172.0,Web
C00650,2026-03-11,6124.0,App
C00650,2026-04-26,6841.0,Web
C00650,2026-05-05,5160.0,App
C00650,2026-05-18,6365.0,App
C00650,2026-06-11,7255.0,Web
C00650,2026-07-23,4208.0,Web
C00651,2025-04-26,9857.0,App
C00651,2025-06-04,7779.0,App
C00651,2025-06-10,8066.0,App
C00651,2025-06-20,6462.0,Web
C00651,2025-06-28,6345.0,Web
C00651,2025-07-05,12043.0,Web
C00651,2025-07-21,9770.0,Web
C00651,2025-07-27,5923.0,Web
C00651,2025-07-30,4892.0,App
C00651,2025-08-09,5749.0,App
C00651,2025-08-18,9946.0,Store
C00651,2025-09-13,10657.0,Web
C00651,2025-10-19,8567.0,Web
C00651,2025-10-30,4006.0,Web
C00651,2025-11-09,9184.0,Web
C00652,2025-03-23,4872.0,Web
C00652,2025-05-26,5712.0,Web
C00652,2025-06-27,4313.0,Web
C00652,2025-12-07,2148.0,Web
C00652,2026-05-09,1721.0,App
C00652,2026-07-12,3997.0,Web
C00653,2025-06-05,2165.0,Store
C00653,2025-07-23,5389.0,App
C00653,2025-08-08,3961.0,Store
C00654,2026-06-11,3941.0,App
C00654,2026-06-18,3319.0,Store
C00655,2025-07-03,3533.0,Web
C00655,2025-09-25,2190.0,App
C00655,2026-02-24,6193.0,Web
C00655,2026-03-03,2913.0,App
C00655,2026-04-07,4480.0,Web
C00655,2026-05-01,2401.0,App
C00655,2026-05-19,3295.0,Web
C00656,2026-07-25,4548.0,App
C00657,2025-05-24,4849.0,App
C00657,2025-06-29,3366.0,Web
C00657,2025-09-06,3568.0,App
C00657,2025-10-08,1181.0,Web
C00657,2025-11-29,2043.0,Web
C00658,2026-06-16,2832.0,App
C00659,2025-04-12,1863.0,App
C00659,2025-06-10,2324.0,Web
C00659,2025-08-31,1525.0,Web
C00660,2025-03-15,10340.0,Web
C00660,2025-03-20,7951.0,Web
C00660,2025-04-04,9529.0,App
C00660,2025-04-28,4922.0,Web
C00660,2025-05-18,12964.0,Web
C00660,2025-06-13,7620.0,Store
C00660,2025-07-30,2696.0,Store
C00660,2025-09-05,12610.0,App
C00660,2025-09-19,7067.0,App
C00660,2025-09-24,6142.0,Store
C00660,2025-11-02,5707.0,App
C00660,2025-11-17,8227.0,App
C00660,2025-12-07,5169.0,Web
C00661,2026-06-22,1444.0,Web
C00661,2026-08-03,2258.0,App
C00662,2025-03-16,1677.0,App
C00662,2025-08-19,3752.0,App
C00662,2025-10-20,4583.0,Web
C00662,2025-11-23,5075.0,App
C00662,2025-12-18,4690.0,Web
C00662,2026-02-28,2093.0,App
C00662,2026-04-14,3581.0,App
C00662,2026-05-03,3955.0,Web
C00662,2026-05-17,2554.0,App
C00663,2025-04-10,3646.0,App
C00663,2025-04-27,5082.0,App
C00663,2025-06-30,2891.0,Web
C00663,2025-09-12,5641.0,Web
C00663,2025-09-26,3104.0,Web
C00663,2025-10-14,3547.0,App
C00663,2025-11-08,2673.0,App
C00663,2026-01-02,4335.0,App
C00663,2026-03-08,7066.0,Web
C00663,2026-04-19,5054.0,App
C00663,2026-06-18,3868.0,App
C00663,2026-06-25,4822.0,Web
C00663,2026-07-19,4811.0,Web
C00663,2026-08-07,4739.0,Web
C00664,2025-06-08,3763.0,App
C00664,2025-07-02,5583.0,Web
C00664,2025-07-23,3706.0,Web
C00664,2025-08-25,6813.0,Web
C00664,2025-11-03,3111.0,Store
C00664,2025-11-22,3107.0,App
C00664,2026-01-02,9893.0,App
C00664,2026-02-17,2503.0,Web
C00664,2026-06-03,4567.0,App
C00664,2026-06-16,9680.0,Web
C00664,2026-07-07,4563.0,App
C00665,2026-07-24,5437.0,Web
C00666,2025-05-28,3333.0,Web
C00666,2025-09-03,2749.0,App
C00666,2025-11-12,1297.0,App
C00666,2026-01-03,4700.0,App
C00667,2025-07-31,1554.0,Web
C00667,2025-10-15,1627.0,Web
C00667,2025-11-24,4114.0,App
C00668,2025-05-24,3994.0,App
C00668,2025-08-21,1587.0,Web
C00668,2025-08-28,2749.0,Web
C00668,2025-11-28,4675.0,App
C00668,2026-01-14,3018.0,App
C00668,2026-04-13,2756.0,App
C00668,2026-06-12,7459.0,Web
C00669,2026-07-23,3261.0,Web
C00669,2026-08-08,1507.0,App
C00670,2025-05-22,4558.0,App
C00670,2025-06-04,5937.0,App
C00670,2025-06-16,8766.0,Web
C00670,2025-08-01,10543.0,App
C00670,2025-08-19,5144.0,Web
C00670,2025-09-10,4804.0,App
C00670,2025-09-23,13964.0,Web
C00670,2025-10-11,7030.0,App
C00670,2025-10-25,7284.0,Store
C00670,2025-11-14,5446.0,App
C00671,2025-03-04,4262.0,Web
C00671,2025-03-21,8776.0,Web
C00671,2025-03-31,6476.0,Web
C00671,2025-06-01,4693.0,Web
C00671,2025-06-25,5128.0,Web
C00671,2025-07-24,4370.0,App
C00671,2025-08-31,4713.0,App
C00671,2025-09-18,4536.0,Web
C00671,2025-10-30,5377.0,Web
C00671,2025-11-29,9257.0,Store
C00671,2025-12-31,2850.0,Web
C00671,2026-03-12,7289.0,Store
C00671,2026-04-18,3983.0,App
C00671,2026-05-16,7670.0,Web
C00671,2026-05-30,4039.0,Web
C00671,2026-07-09,5444.0,Web
C00672,2025-07-11,3852.0,App
C00672,2025-08-22,1950.0,App
C00672,2025-09-03,2550.0,Web
C00673,2025-08-25,3753.0,App
C00673,2025-11-20,2586.0,App
C00673,2025-12-30,5125.0,Web
C00673,2026-03-14,2421.0,Web
C00673,2026-04-06,5404.0,Web
C00674,2025-06-23,5465.0,App
C00674,2025-07-15,3087.0,Store
C00674,2025-08-23,7298.0,Web
C00674,2026-01-07,2447.0,Web
C00674,2026-02-11,3488.0,App
C00674,2026-02-13,2603.0,App
C00674,2026-04-04,8045.0,App
C00674,2026-07-23,3429.0,Web
C00675,2025-04-13,1296.0,Store
C00675,2025-05-10,3378.0,Web
C00675,2025-06-22,5213.0,App
C00676,2025-03-16,10734.0,App
C00676,2025-04-17,5238.0,Web
C00676,2025-06-04,8921.0,Web
C00676,2025-06-24,12992.0,App
C00676,2025-07-10,7146.0,App
C00676,2025-07-24,6517.0,Web
C00676,2025-08-05,6798.0,App
C00676,2025-08-28,12473.0,Web
C00676,2025-10-08,8122.0,Web
C00676,2025-10-11,14941.0,Web
C00676,2025-10-19,7779.0,Web
C00676,2025-10-30,5612.0,Store
C00676,2025-11-03,5751.0,App
C00676,2025-12-02,7208.0,Web
C00676,2025-12-28,3453.0,Web
C00676,2026-01-31,5974.0,Web
C00676,2026-02-02,6021.0,App
C00677,2025-05-16,5107.0,Web
C00677,2025-11-05,3672.0,Web
C00677,2025-11-26,2370.0,App
C00677,2026-01-11,2780.0,App
C00677,2026-03-21,5089.0,Web
C00677,2026-05-07,1133.0,Web
C00677,2026-06-11,2686.0,Store
C00677,2026-07-17,4401.0,Web
C00678,2025-07-27,2014.0,App
C00678,2025-08-27,4184.0,App
C00678,2025-09-06,3640.0,App
C00679,2025-07-16,3733.0,Web
C00679,2025-07-23,6002.0,Web
C00679,2025-09-13,2517.0,Web
C00679,2025-09-26,6860.0,Web
C00679,2025-10-20,2429.0,Web
C00679,2025-11-24,4183.0,App
C00679,2026-01-28,2435.0,Web
C00679,2026-02-06,3025.0,App
C00679,2026-02-24,7756.0,Web
C00679,2026-06-13,7009.0,Web
C00679,2026-07-11,7315.0,App
C00680,2025-05-01,7725.0,Store
C00680,2025-06-10,6647.0,Web
C00680,2025-07-20,4301.0,App
C00680,2025-08-06,9850.0,App
C00680,2025-09-05,8229.0,Web
C00680,2025-09-12,5706.0,Web
C00680,2025-10-27,10659.0,Web
C00680,2025-11-30,7683.0,App
C00681,2025-05-04,6500.0,Web
C00681,2025-07-19,1954.0,Web
C00681,2025-09-08,8383.0,Web
C00681,2025-09-27,4807.0,Web
C00681,2025-11-21,2608.0,Web
C00681,2026-01-31,3158.0,Web
C00681,2026-03-05,2401.0,Web
C00681,2026-05-01,5379.0,Web
C00681,2026-06-27,2715.0,Web
C00681,2026-07-22,5642.0,Web
C00682,2026-06-11,4521.0,Web
C00682,2026-07-07,3538.0,Web
C00683,2025-03-11,6628.0,App
C00683,2025-03-23,9664.0,Web
C00683,2025-04-10,7419.0,Web
C00683,2025-04-30,5136.0,Web
C00683,2025-05-08,2827.0,Web
C00683,2025-05-20,18099.0,Web
C00683,2025-06-02,7720.0,Store
C00683,2025-06-09,2686.0,App
C00683,2025-06-23,8365.0,App
C00683,2025-07-27,9579.0,Web
C00683,2025-09-18,5859.0,App
C00683,2025-10-11,5872.0,Web
C00683,2025-10-14,7473.0,Web
C00683,2025-10-24,11463.0,Web
C00683,2025-10-28,7793.0,Web
C00683,2025-11-14,12558.0,App
C00683,2025-12-05,11180.0,App
C00683,2025-12-08,6946.0,Web
C00683,2026-01-16,4343.0,App
C00683,2026-01-21,6951.0,Web
C00683,2026-02-10,9047.0,Web
C00683,2026-03-20,7684.0,App
C00683,2026-04-06,9396.0,App
C00683,2026-04-14,10180.0,App
C00683,2026-04-22,9061.0,Web
C00683,2026-05-10,6833.0,Web
C00683,2026-06-05,9026.0,Web
C00683,2026-06-25,16455.0,Web
C00683,2026-07-03,4467.0,Web
C00683,2026-07-16,8924.0,Web
C00683,2026-07-23,14288.0,Web
C00683,2026-07-30,4988.0,Web
C00684,2025-06-23,4341.0,Web
C00684,2025-07-23,3238.0,Web
C00684,2025-08-21,4708.0,App
C00685,2025-06-26,4716.0,App
C00685,2025-08-16,2726.0,Web
C00685,2025-09-16,1480.0,Web
C00686,2026-07-19,4925.0,App
C00686,2026-08-04,3270.0,Web
C00687,2025-04-22,6508.0,App
C00687,2025-05-08,6655.0,App
C00687,2025-06-11,6232.0,Store
C00687,2025-07-02,13587.0,Web
C00687,2025-07-28,6098.0,Web
C00687,2025-08-18,7948.0,Web
C00687,2025-09-07,2911.0,Web
C00687,2025-09-23,9411.0,Web
C00687,2025-10-21,10678.0,Web
C00687,2025-10-30,4881.0,Web
C00687,2025-11-03,5897.0,Web
C00687,2025-11-21,8262.0,App
C00687,2026-01-05,7103.0,Web
C00688,2025-06-09,4415.0,Web
C00688,2025-08-04,2280.0,Store
C00688,2025-12-13,4021.0,Web
C00688,2026-01-25,2910.0,App
C00688,2026-04-26,5836.0,Web
C00688,2026-06-06,2983.0,Web
C00689,2025-04-27,3273.0,App
C00689,2025-07-18,3556.0,Web
C00689,2025-11-19,4399.0,Store
C00689,2025-12-26,3525.0,App
C00689,2026-03-14,1401.0,App
C00690,2025-04-29,2024.0,App
C00690,2025-06-10,4773.0,App
C00690,2025-07-17,1639.0,Web
C00691,2026-07-24,2846.0,Web
C00691,2026-08-20,2377.0,Web
C00692,2025-06-06,3275.0,Web
C00692,2025-08-12,3078.0,Web
C00692,2026-01-06,2882.0,Web
C00692,2026-03-30,2024.0,App
C00692,2026-08-03,4004.0,App
C00692,2026-08-12,2781.0,Web
C00693,2026-06-14,6452.0,Web
C00693,2026-07-01,2133.0,Store
C00694,2026-06-23,2973.0,Store
C00694,2026-07-09,5435.0,Web
C00695,2025-03-26,2417.0,App
C00695,2025-04-26,2648.0,App
C00695,2025-05-22,3618.0,Web
C00695,2025-06-24,5538.0,App
C00695,2025-08-25,1165.0,Web
C00695,2025-10-29,4186.0,Store
C00695,2026-02-04,3009.0,Web
C00695,2026-04-03,4007.0,Web
C00695,2026-04-20,5392.0,App
C00695,2026-06-05,2252.0,Web
C00696,2025-03-31,2913.0,Store
C00696,2025-06-11,2773.0,App
C00696,2025-07-08,3571.0,Store
C00697,2025-08-08,1941.0,Web
C00697,2026-02-25,4535.0,App
C00697,2026-05-27,3564.0,Web
C00698,2025-04-21,1805.0,Web
C00698,2025-05-13,3121.0,Web
C00698,2025-05-31,3394.0,App
C00699,2025-05-08,2271.0,Web
C00699,2025-06-05,2148.0,Web
C00699,2025-07-12,2705.0,App
C00700,2026-06-10,6310.0,App
C00700,2026-08-02,3481.0,Store
C00701,2026-07-26,3605.0,Web
C00702,2026-06-12,2264.0,App
C00702,2026-06-21,3951.0,Web
C00703,2025-08-04,3996.0,App
C00703,2025-09-22,4149.0,Web
C00703,2025-09-25,5809.0,App
C00703,2025-10-10,3177.0,Web
C00703,2025-11-07,3732.0,App
C00703,2025-12-12,2806.0,App
C00703,2025-12-28,3627.0,App
C00703,2026-01-09,3682.0,Web
C00703,2026-02-04,4072.0,Web
C00703,2026-02-25,2871.0,Store
C00703,2026-03-20,6836.0,Store
C00703,2026-05-09,5575.0,Web
C00704,2025-04-14,1366.0,Web
C00704,2025-08-14,5763.0,Store
C00704,2025-09-05,1562.0,Web
C00704,2025-11-09,2953.0,Web
C00704,2026-01-26,4178.0,Web
C00705,2026-06-27,2593.0,Web
C00705,2026-07-02,3813.0,Store
C00706,2025-07-06,1984.0,Web
C00706,2025-08-13,2164.0,Web
C00706,2025-10-01,3635.0,Web
C00707,2025-03-06,3054.0,App
C00707,2025-10-30,10154.0,Web
C00707,2026-01-28,1680.0,App
C00707,2026-03-19,3616.0,App
C00708,2025-08-21,2388.0,Web
C00708,2025-10-22,2014.0,App
C00708,2025-11-09,4658.0,App
C00709,2025-04-15,9757.0,Web
C00709,2025-05-02,18281.0,Web
C00709,2025-06-02,8071.0,Web
C00709,2025-07-26,7356.0,Web
C00709,2025-08-05,5562.0,Web
C00709,2025-09-10,6021.0,Web
C00709,2025-10-06,3446.0,Web
C00709,2025-10-13,9303.0,App
C00709,2025-10-29,4528.0,Web
C00710,2025-06-07,2345.0,Web
C00710,2025-07-19,3697.0,Web
C00710,2025-08-09,4291.0,App
C00711,2025-06-05,2296.0,App
C00711,2025-08-26,5106.0,Web
C00711,2025-10-06,1492.0,Web
C00711,2025-12-04,3536.0,Web
C00711,2026-01-04,3101.0,Web
C00711,2026-02-25,5662.0,Web
C00712,2025-07-24,3108.0,Web
C00713,2025-08-05,6965.0,Web
C00713,2025-11-03,5091.0,Store
C00713,2026-01-09,3079.0,Web
C00713,2026-04-27,1494.0,Web
C00714,2025-03-02,3735.0,Web
C00714,2025-04-17,2909.0,Web
C00714,2025-07-03,3983.0,App
C00714,2025-10-05,2466.0,Store
C00714,2025-10-14,1955.0,Web
C00714,2026-02-10,2724.0,App
C00715,2025-07-30,1518.0,Web
C00715,2025-09-05,4433.0,App
C00715,2025-12-20,4316.0,App
C00715,2026-01-27,1123.0,Web
C00716,2025-06-24,5307.0,Web
C00716,2025-09-03,6113.0,Store
C00716,2025-10-16,3721.0,Web
C00716,2025-11-05,4904.0,App
C00716,2025-12-23,4120.0,Web
C00716,2026-04-05,6175.0,Web
C00716,2026-04-14,5681.0,Web
C00716,2026-06-06,3975.0,Web
C00716,2026-07-18,5589.0,Web
C00717,2025-07-10,2216.0,App
C00717,2025-08-15,1650.0,Web
C00717,2025-09-03,4767.0,Web
C00718,2025-05-26,4074.0,Web
C00718,2025-06-15,4370.0,App
C00718,2025-07-30,4040.0,Web
C00718,2025-08-17,5337.0,Web
C00718,2025-10-02,3129.0,App
C00718,2025-12-10,3366.0,Web
C00718,2026-01-02,1940.0,Web
C00718,2026-01-27,3935.0,Store
C00718,2026-03-13,7066.0,App
C00718,2026-05-09,4343.0,App
C00719,2025-05-24,3688.0,App
C00719,2025-06-30,2786.0,Web
C00719,2025-07-14,2250.0,App
C00720,2025-04-04,4714.0,Web
C00720,2025-04-25,1636.0,Web
C00720,2025-09-02,3211.0,Web
C00720,2026-01-03,4360.0,Web
C00721,2025-06-29,1875.0,App
C00721,2025-08-10,2638.0,App
C00721,2025-08-18,2206.0,Web
C00722,2025-04-21,5653.0,Web
C00722,2025-05-02,8046.0,Web
C00722,2025-07-03,9939.0,Web
C00722,2025-08-07,8567.0,Web
C00722,2025-08-31,7039.0,App
C00722,2025-09-10,3398.0,Store
C00722,2025-09-30,8444.0,Web
C00722,2025-10-21,5127.0,Web
C00723,2025-06-02,5293.0,App
C00723,2025-06-25,10161.0,Web
C00723,2025-07-01,8232.0,App
C00723,2025-07-14,5028.0,App
C00723,2025-07-26,8311.0,Web
C00723,2025-09-23,14728.0,Web
C00723,2025-10-02,11436.0,App
C00723,2025-11-01,5278.0,Web
C00723,2025-11-02,7561.0,Web
C00723,2025-11-18,8938.0,App
C00723,2025-12-26,4107.0,Web
C00723,2025-12-29,4157.0,App
C00723,2026-01-27,7943.0,Web
C00723,2026-02-10,7980.0,Web
C00723,2026-02-12,3954.0,Web
C00723,2026-03-16,8619.0,Store
C00723,2026-04-09,11008.0,Web
C00723,2026-04-17,6971.0,Web
C00723,2026-05-12,7684.0,Web
C00723,2026-05-15,9191.0,App
C00723,2026-05-25,8775.0,App
C00723,2026-06-10,4196.0,Web
C00723,2026-06-25,5482.0,Web
C00723,2026-07-16,6551.0,Web
C00724,2025-07-20,5804.0,App
C00724,2025-08-09,1992.0,App
C00724,2025-08-31,3854.0,App
C00724,2025-10-26,1986.0,Store
C00724,2025-12-01,2488.0,Web
C00724,2025-12-17,2673.0,Web
C00724,2026-01-03,12099.0,App
C00724,2026-03-10,3142.0,Web
C00724,2026-05-27,2185.0,Web
C00725,2025-07-06,6353.0,App
C00725,2025-07-24,9044.0,Web
C00725,2025-09-14,5902.0,Web
C00725,2025-10-14,6817.0,Web
C00725,2025-11-10,4717.0,App
C00725,2026-02-04,6190.0,Web
C00725,2026-02-10,4553.0,Store
C00725,2026-03-26,4578.0,Web
C00725,2026-04-14,4842.0,Store
C00725,2026-05-18,3938.0,Web
C00725,2026-06-03,5647.0,Web
C00725,2026-07-03,5642.0,Web
C00726,2025-03-29,5313.0,Store
C00726,2025-04-26,13826.0,App
C00726,2025-04-30,9567.0,Web
C00726,2025-06-16,8413.0,Web
C00726,2025-07-16,12502.0,App
C00726,2025-07-30,9853.0,Web
C00726,2025-08-12,7400.0,Web
C00726,2025-08-17,5346.0,Web
C00726,2025-09-19,6331.0,App
C00726,2025-10-02,11472.0,Web
C00726,2025-11-21,9554.0,Web
C00726,2025-11-25,7049.0,Store
C00726,2025-12-02,13964.0,App
C00726,2025-12-09,7122.0,Web
C00726,2025-12-10,10632.0,Web
C00726,2026-01-04,8127.0,App
C00726,2026-01-10,14801.0,Web
C00726,2026-01-17,9794.0,App
C00726,2026-01-23,7647.0,App
C00726,2026-02-03,7068.0,Web
C00726,2026-03-18,7484.0,Web
C00726,2026-04-09,5837.0,Web
C00726,2026-04-27,4664.0,Web
C00726,2026-05-12,8383.0,App
C00726,2026-05-22,6243.0,Web
C00726,2026-06-01,6237.0,Store
C00726,2026-06-18,7294.0,App
C00726,2026-07-28,7664.0,Web
C00726,2026-08-06,7544.0,Web
C00727,2026-07-01,3351.0,Web
C00727,2026-07-29,3192.0,App
C00728,2025-08-11,5082.0,App
C00728,2025-10-12,5232.0,Web
C00728,2025-11-19,7928.0,Web
C00728,2026-01-01,7312.0,App
C00728,2026-01-10,5153.0,Web
C00728,2026-01-27,10887.0,App
C00728,2026-02-22,3590.0,Web
C00728,2026-03-06,2873.0,App
C00728,2026-04-14,4596.0,App
C00728,2026-05-21,3975.0,App
C00728,2026-06-26,1722.0,App
C00729,2025-06-01,3674.0,Web
C00729,2025-06-18,2749.0,Web
C00729,2025-07-02,2432.0,App
C00730,2025-07-30,4836.0,App
C00730,2025-08-27,1839.0,Web
C00731,2026-07-24,7437.0,Web
C00732,2025-05-12,2286.0,App
C00732,2025-07-19,1932.0,Web
C00732,2025-07-23,7347.0,Web
C00732,2025-09-02,7466.0,Web
C00732,2025-09-12,5114.0,Web
C00732,2025-10-07,5400.0,Web
C00732,2026-02-16,6597.0,App
C00732,2026-04-19,6548.0,App
C00732,2026-04-29,4087.0,App
C00732,2026-05-12,6765.0,App
C00732,2026-07-23,4018.0,Web
C00733,2025-07-01,3231.0,Store
C00733,2025-07-22,3947.0,Web
C00733,2025-09-06,3825.0,App
C00733,2025-10-19,3619.0,App
C00733,2025-11-28,5155.0,Web
C00733,2025-12-14,11245.0,App
C00733,2026-05-07,7863.0,App
C00733,2026-05-30,10036.0,Web
C00733,2026-07-16,3678.0,Store
C00733,2026-07-28,9019.0,Web
C00734,2025-07-04,4553.0,App
C00734,2025-07-26,11457.0,Web
C00734,2025-08-05,6269.0,Web
C00734,2025-08-29,5020.0,App
C00734,2025-11-03,8536.0,Web
C00734,2025-12-14,7333.0,Web
C00734,2025-12-28,6223.0,Web
C00734,2026-01-19,5997.0,Web
C00734,2026-02-10,7041.0,App
C00735,2025-05-18,5714.0,Store
C00735,2025-08-15,4685.0,Web
C00735,2025-09-22,4794.0,Web
C00735,2025-11-23,4634.0,App
C00735,2026-06-25,7263.0,Web
C00736,2025-03-11,2868.0,App
C00736,2025-05-09,2862.0,Web
C00736,2025-06-08,2685.0,Store
C00737,2026-06-25,4640.0,App
C00737,2026-07-07,3286.0,Web
C00738,2026-07-15,4624.0,Web
C00738,2026-07-23,5088.0,Web
C00739,2025-03-19,11058.0,App
C00739,2025-04-10,7454.0,Web
C00739,2025-04-18,5528.0,App
C00739,2025-04-28,4877.0,App
C00739,2025-06-12,5652.0,Web
C00739,2025-06-22,4084.0,App
C00739,2025-08-21,8388.0,App
C00739,2025-09-02,5326.0,App
C00739,2025-09-17,8114.0,Web
C00739,2025-09-21,8515.0,Store
C00739,2025-10-21,9892.0,Web
C00739,2025-11-01,7704.0,Web
C00740,2025-04-12,8038.0,Web
C00740,2025-06-02,4595.0,App
C00740,2025-06-12,3359.0,App
C00740,2025-07-17,7151.0,App
C00740,2025-07-24,6813.0,App
C00740,2025-08-13,6423.0,App
C00740,2025-10-01,6175.0,Web
C00740,2025-10-06,5429.0,Store
C00741,2025-05-12,6200.0,Web
C00741,2025-06-24,5822.0,Web
C00741,2025-07-19,6198.0,Web
C00741,2025-08-07,7076.0,App
C00741,2025-10-02,7388.0,Web
C00741,2025-10-19,5306.0,Web
C00741,2025-11-05,4483.0,Store
C00741,2025-11-17,7657.0,Web
C00741,2025-12-09,2187.0,App
C00741,2026-01-03,7264.0,App
C00741,2026-02-01,5406.0,Web
C00741,2026-02-11,9887.0,Web
C00741,2026-02-15,10858.0,Web
C00741,2026-02-18,10948.0,Web
C00741,2026-03-10,6665.0,Web
C00741,2026-03-29,5058.0,App
C00741,2026-04-09,5658.0,Web
C00741,2026-05-04,8322.0,Web
C00741,2026-05-23,4230.0,App
C00741,2026-05-25,12255.0,Web
C00741,2026-06-05,6702.0,App
C00741,2026-06-19,8964.0,Web
C00741,2026-06-25,4034.0,App
C00741,2026-06-27,5442.0,App
C00741,2026-07-08,3862.0,Web
C00741,2026-07-19,10758.0,App
C00741,2026-08-02,7114.0,Web
C00741,2026-08-18,9190.0,Web
C00741,2026-08-23,7694.0,Web
C00742,2025-05-13,7060.0,App
C00742,2025-05-31,4582.0,Web
C00742,2025-06-27,4131.0,App
C00742,2025-07-26,7962.0,Web
C00742,2025-10-14,2741.0,Web
C00742,2025-10-19,8192.0,App
C00742,2025-11-03,3574.0,Web
C00742,2026-01-05,4925.0,App
C00742,2026-01-22,4944.0,App
C00742,2026-02-28,3891.0,App
C00742,2026-04-27,3403.0,Web
C00742,2026-06-18,3981.0,Web
C00742,2026-07-08,3076.0,Web
C00742,2026-07-29,10117.0,App
C00743,2025-04-02,5006.0,Web
C00743,2025-06-22,3502.0,Web
C00743,2026-05-02,3571.0,Web
C00744,2025-03-10,8229.0,Web
C00744,2025-04-06,6327.0,Web
C00744,2025-04-09,6052.0,Web
C00744,2025-04-15,6417.0,Store
C00744,2025-04-22,6900.0,Web
C00744,2025-05-02,9231.0,Store
C00744,2025-05-22,5224.0,Web
C00744,2025-08-10,12537.0,App
C00744,2025-09-19,9234.0,Web
C00744,2025-10-24,2886.0,Web
C00744,2025-11-08,7753.0,Web
C00744,2025-12-03,10831.0,Web
C00744,2025-12-10,8621.0,Store
C00744,2025-12-21,6513.0,App
C00744,2026-01-04,7366.0,Web
C00744,2026-01-21,8009.0,App
C00744,2026-02-11,9851.0,Web
C00744,2026-02-22,4586.0,Store
C00744,2026-03-04,6089.0,Web
C00744,2026-03-07,13352.0,Web
C00744,2026-03-26,7612.0,Web
C00744,2026-04-26,12845.0,Web
C00744,2026-04-30,21395.0,Store
C00744,2026-05-02,6334.0,Web
C00744,2026-05-27,4949.0,Web
C00744,2026-06-06,6857.0,App
C00744,2026-07-07,11055.0,Web
C00744,2026-07-08,11609.0,Web
C00744,2026-07-28,16666.0,App
C00744,2026-07-30,7428.0,Web
C00744,2026-08-06,8926.0,App
C00744,2026-08-19,5865.0,App
C00745,2025-04-10,5474.0,Store
C00745,2025-05-04,2087.0,Web
C00745,2025-07-15,2234.0,App
C00746,2025-05-21,2860.0,Web
C00746,2025-07-24,4420.0,App
C00747,2026-06-24,3043.0,Web
C00747,2026-08-09,7339.0,Web
C00748,2025-04-07,7767.0,Web
C00748,2025-04-16,6079.0,App
C00748,2025-05-19,4199.0,Web
C00748,2025-06-08,7990.0,Web
C00748,2025-06-11,4881.0,Web
C00748,2025-07-22,8357.0,Web
C00748,2025-07-30,4092.0,Web
C00748,2025-08-08,7489.0,Web
C00748,2025-08-23,4071.0,Web
C00748,2025-09-18,8931.0,App
C00748,2025-10-11,6147.0,Web
C00749,2025-07-02,6333.0,Web
C00749,2025-11-07,3424.0,App
C00749,2026-03-03,5401.0,Store
C00749,2026-04-16,1313.0,Web
C00749,2026-05-17,2592.0,App
C00750,2025-08-19,2128.0,Web
C00750,2026-01-28,3818.0,App
C00750,2026-04-17,1992.0,Web
C00750,2026-06-21,2477.0,Web
C00750,2026-06-29,3282.0,App
C00751,2026-06-11,3441.0,App
C00751,2026-07-04,5321.0,Web
C00752,2026-07-29,2690.0,Web
C00752,2026-08-26,3393.0,Web
C00753,2026-07-29,2824.0,Web
C00753,2026-08-17,2472.0,App
C00754,2025-05-23,3436.0,Web
C00754,2025-06-18,1660.0,Web
C00754,2025-08-09,1666.0,Web
C00755,2025-03-02,2175.0,Web
C00755,2025-03-18,3429.0,App
C00755,2025-04-21,2743.0,App
C00756,2026-07-14,4900.0,Web
C00757,2026-07-14,4186.0,Store
C00758,2025-06-13,4886.0,Web
C00758,2025-11-05,4675.0,Web
C00758,2025-12-10,2160.0,Web
C00758,2026-03-13,8167.0,Web
C00758,2026-05-25,7672.0,App
C00759,2025-04-09,4006.0,App
C00759,2025-05-12,8538.0,App
C00759,2025-06-09,10081.0,Web
C00759,2025-06-22,8317.0,App
C00759,2025-06-24,9522.0,App
C00759,2025-07-10,9044.0,App
C00759,2025-07-14,4482.0,App
C00759,2025-08-14,8303.0,Web
C00759,2025-08-26,11930.0,Web
C00759,2025-09-02,7991.0,App
C00759,2025-09-20,4757.0,App
C00759,2025-10-10,6695.0,App
C00759,2025-11-01,9144.0,Web
C00759,2025-11-08,14107.0,Web
C00759,2025-12-07,3794.0,Web
C00759,2025-12-20,8539.0,Store
C00759,2025-12-22,5430.0,Web
C00759,2026-01-05,8988.0,Web
C00759,2026-01-19,9244.0,Web
C00759,2026-02-02,6935.0,Web
C00759,2026-02-20,9386.0,Web
C00759,2026-04-05,11214.0,App
C00759,2026-04-19,7104.0,Web
C00759,2026-05-05,4712.0,Web
C00759,2026-05-15,12393.0,Web
C00759,2026-05-29,10057.0,Web
C00759,2026-06-20,9166.0,App
C00759,2026-07-12,5908.0,Store
C00760,2025-07-04,5487.0,Web
C00760,2025-07-15,2108.0,Web
C00760,2025-09-01,2975.0,Web
C00761,2025-10-02,3903.0,Web
C00762,2025-05-09,4772.0,Web
C00762,2025-05-14,3637.0,Web
C00762,2025-07-02,5621.0,Web
C00762,2025-07-16,4269.0,Web
C00762,2025-08-11,7792.0,Web
C00762,2025-09-22,3267.0,Web
C00762,2025-10-21,3852.0,App
C00762,2025-12-19,3629.0,Store
C00762,2026-01-12,9614.0,Web
C00762,2026-03-06,4278.0,App
C00762,2026-04-11,3707.0,App
C00762,2026-04-16,2000.0,Web
C00763,2025-06-08,18188.0,Store
C00763,2025-06-14,6245.0,Web
C00763,2025-06-20,8911.0,App
C00763,2025-06-22,4450.0,Store
C00763,2025-07-01,7883.0,App
C00763,2025-08-01,6805.0,Web
C00763,2025-08-24,9532.0,App
C00763,2025-09-06,9620.0,App
C00763,2025-09-27,12356.0,Web
C00763,2025-10-02,12017.0,App
C00763,2025-10-18,7352.0,Web
C00763,2025-11-05,5407.0,App
C00763,2025-11-22,5633.0,Store
C00763,2025-12-01,8366.0,Web
C00763,2025-12-09,7952.0,Store
C00763,2026-01-02,8236.0,Web
C00763,2026-01-25,6240.0,App
C00763,2026-01-27,12444.0,App
C00763,2026-01-29,4494.0,Web
C00763,2026-03-25,6120.0,Store
C00763,2026-04-13,5161.0,Store
C00763,2026-04-30,6994.0,Web
C00763,2026-05-07,11640.0,App
C00763,2026-05-19,6804.0,Web
C00763,2026-05-28,7797.0,Web
C00763,2026-06-28,9494.0,Web
C00763,2026-07-28,6691.0,Web
C00763,2026-08-16,8603.0,Web
C00764,2025-03-27,3577.0,Web
C00764,2025-04-07,1863.0,App
C00764,2025-04-13,2195.0,App
C00764,2025-05-06,2419.0,Web
C00764,2025-05-22,5857.0,App
C00764,2025-06-05,11192.0,Store
C00764,2025-07-09,2041.0,App
C00764,2025-09-05,3375.0,Store
C00764,2025-11-03,4783.0,Web
C00764,2025-12-30,8565.0,Store
C00764,2026-01-17,3368.0,App
C00764,2026-02-18,5846.0,App
C00764,2026-03-12,4176.0,App
C00764,2026-03-30,13096.0,App
C00764,2026-04-18,4890.0,Web
C00764,2026-05-01,5321.0,App
C00764,2026-06-11,4774.0,Web
C00764,2026-08-20,3910.0,App
C00765,2025-05-11,6869.0,Web
C00765,2025-07-08,1049.0,Web
C00765,2025-08-30,9510.0,App
C00765,2025-11-09,3816.0,Web
C00765,2026-03-07,4761.0,Web
C00765,2026-04-19,1446.0,App
C00766,2025-05-31,5287.0,App
C00766,2025-06-14,9456.0,Web
C00766,2025-07-14,3859.0,Web
C00766,2025-08-12,10069.0,Store
C00766,2025-08-27,6560.0,App
C00766,2025-09-23,7533.0,Web
C00766,2025-09-29,6260.0,Web
C00766,2025-10-12,12416.0,Web
C00766,2025-11-02,8210.0,Web
C00766,2025-11-17,6723.0,Web
C00766,2025-11-23,6657.0,App
C00766,2025-12-20,7144.0,Web
C00766,2026-01-10,17411.0,Web
C00766,2026-01-27,4746.0,Web
C00766,2026-03-03,10992.0,Web
C00766,2026-03-31,9180.0,Web
C00766,2026-04-01,12899.0,App
C00766,2026-04-18,9378.0,Web
C00766,2026-05-05,7534.0,App
C00766,2026-05-17,10753.0,Web
C00766,2026-05-19,8155.0,Web
C00766,2026-05-27,9800.0,Web
C00766,2026-05-28,12405.0,App
C00766,2026-07-23,7772.0,Web
C00766,2026-08-07,6486.0,App
C00767,2025-03-22,4629.0,Web
C00767,2025-04-21,4191.0,App
C00767,2025-07-29,8056.0,Web
C00767,2025-09-02,4534.0,Web
C00767,2025-10-23,2655.0,Web
C00767,2025-12-02,5634.0,Web
C00767,2026-01-04,9430.0,Web
C00767,2026-02-21,7450.0,App
C00767,2026-03-31,2969.0,App
C00767,2026-05-05,4145.0,App
C00767,2026-06-02,4559.0,App
C00767,2026-06-26,4581.0,App
C00767,2026-07-17,5375.0,Web
C00768,2025-05-24,6698.0,App
C00768,2025-05-27,6442.0,App
C00768,2025-06-03,11496.0,Web
C00768,2025-07-06,5548.0,Web
C00768,2025-07-25,9164.0,App
C00768,2025-08-01,7248.0,Web
C00768,2025-09-01,4537.0,App
C00768,2025-09-09,6202.0,Web
C00768,2025-09-23,12862.0,App
C00768,2025-09-25,7082.0,App
C00768,2025-10-02,10332.0,App
C00768,2025-10-20,10136.0,App
C00768,2025-11-06,6432.0,Web
C00768,2025-11-17,4802.0,Web
C00768,2025-11-30,5028.0,Web
C00768,2025-12-25,12507.0,App
C00768,2026-01-07,7935.0,App
C00768,2026-01-27,4102.0,Web
C00768,2026-02-05,10075.0,App
C00768,2026-02-19,4026.0,Web
C00768,2026-02-21,5635.0,Web
C00768,2026-03-03,7742.0,Web
C00768,2026-03-19,18180.0,Store
C00768,2026-04-02,10012.0,Web
C00768,2026-04-11,6356.0,Web
C00768,2026-04-17,7600.0,App
C00768,2026-05-03,10382.0,Web
C00768,2026-05-16,12377.0,Web
C00768,2026-06-04,6900.0,Web
C00768,2026-06-12,6970.0,Web
C00768,2026-07-04,5628.0,Web
C00768,2026-07-09,9497.0,Web
C00768,2026-07-13,10776.0,App
C00768,2026-08-15,3818.0,App
C00768,2026-08-21,6549.0,Store
C00769,2025-04-02,3827.0,Web
C00769,2025-04-26,4375.0,Store
C00769,2025-05-07,5707.0,Web
C00769,2025-07-01,5950.0,Web
C00769,2025-07-13,4654.0,Store
C00769,2025-09-03,5332.0,App
C00769,2025-10-11,5334.0,App
C00769,2025-11-07,4448.0,App
C00769,2026-01-06,3623.0,Web
C00769,2026-01-21,6212.0,Web
C00769,2026-01-27,5187.0,App
C00769,2026-02-08,2008.0,Web
C00769,2026-05-31,3317.0,App
C00769,2026-06-16,3808.0,Web
C00769,2026-07-09,4259.0,Web
C00770,2025-03-08,2978.0,App
C00770,2025-04-15,1289.0,Web
C00770,2025-05-04,2079.0,App
C00771,2026-07-28,2445.0,Store
C00772,2025-06-22,2153.0,Web
C00772,2025-09-02,2988.0,Web
C00772,2025-10-03,2124.0,App
C00773,2025-07-01,3678.0,Store
C00773,2025-09-17,5346.0,Web
C00774,2025-05-03,2353.0,Web
C00774,2025-05-31,4120.0,App
C00774,2025-08-15,2580.0,App
C00774,2025-09-26,2200.0,Web
C00774,2025-12-16,7078.0,Web
C00774,2026-01-07,1178.0,Web
C00774,2026-02-14,2833.0,Web
C00774,2026-03-16,3445.0,App
C00774,2026-05-11,5960.0,Store
C00775,2025-04-03,7893.0,Web
C00775,2025-04-30,10105.0,Web
C00775,2025-05-31,6465.0,Web
C00775,2025-06-11,8677.0,Web
C00775,2025-07-03,11988.0,App
C00775,2025-07-06,10024.0,Store
C00775,2025-07-13,7444.0,Web
C00775,2025-08-01,8071.0,Store
C00775,2025-09-10,9810.0,Store
C00775,2025-09-21,9696.0,App
C00775,2025-10-08,9784.0,App
C00775,2025-10-26,8474.0,App
C00775,2025-11-06,5638.0,App
C00775,2025-11-17,5962.0,Web
C00775,2025-12-11,8843.0,Store
C00775,2025-12-19,10066.0,Web
C00775,2025-12-27,9620.0,Store
C00775,2026-01-18,5941.0,Web
C00775,2026-02-03,7137.0,Web
C00775,2026-02-21,4989.0,App
C00775,2026-03-07,4624.0,App
C00775,2026-03-16,7742.0,Web
C00775,2026-04-06,12104.0,App
C00775,2026-04-13,7792.0,Web
C00775,2026-06-03,14673.0,Web
C00775,2026-07-20,7105.0,App
C00776,2025-03-14,2026.0,App
C00776,2025-06-11,5849.0,Web
C00776,2025-06-19,2789.0,Web
C00776,2025-08-19,8601.0,Web
C00776,2025-12-03,1779.0,Web
C00776,2025-12-17,6393.0,App
C00776,2026-04-01,2403.0,Web
C00777,2025-03-23,2829.0,Web
C00777,2025-04-14,5415.0,Web
C00777,2025-06-01,3108.0,Web
C00778,2025-08-04,5839.0,Web
C00778,2025-09-14,3809.0,Web
C00778,2025-10-31,2083.0,App
C00778,2025-11-20,2753.0,Web
C00778,2025-12-07,2697.0,App
C00778,2026-03-27,5153.0,App
C00778,2026-04-13,6696.0,App
C00778,2026-06-13,8296.0,Web
C00779,2025-07-01,3813.0,Web
C00779,2025-08-01,3294.0,App
C00779,2026-01-21,5632.0,App
C00779,2026-02-24,1919.0,Web
C00779,2026-05-10,2594.0,App
C00780,2025-07-10,3363.0,Web
C00780,2025-10-07,3815.0,App
C00780,2025-11-03,5612.0,Store
C00780,2026-07-27,7236.0,App
C00781,2026-06-16,2494.0,App
C00781,2026-07-18,8085.0,Web
C00782,2025-09-21,4875.0,App
C00782,2026-01-02,4611.0,Web
C00782,2026-03-31,4084.0,Web
C00783,2025-04-23,2761.0,Web
C00783,2025-06-06,4313.0,Web
C00783,2025-06-21,2286.0,Web
C00784,2025-06-26,2685.0,Store
C00784,2025-07-07,3548.0,Web
C00784,2025-07-27,2890.0,Web
C00785,2025-05-23,928.0,App
C00785,2025-08-20,3940.0,Web
C00785,2025-09-23,4861.0,App
C00785,2025-11-07,2870.0,Web
C00786,2025-05-25,7443.0,Web
C00786,2025-06-11,11525.0,App
C00786,2025-07-19,8543.0,Web
C00786,2025-08-09,3293.0,Web
C00786,2025-08-12,8852.0,App
C00786,2025-08-26,6043.0,Store
C00786,2025-10-01,8431.0,Store
C00786,2025-11-07,6695.0,App
C00786,2025-11-28,5220.0,Web
C00786,2025-12-05,6880.0,Web
C00786,2026-01-12,6044.0,Web
C00787,2025-07-31,4162.0,Web
C00787,2025-12-22,3332.0,Store
C00788,2026-06-24,2929.0,Web
C00788,2026-08-08,2352.0,Store
C00789,2025-07-25,4976.0,App
C00789,2025-08-03,2472.0,Web
C00789,2025-09-09,3320.0,Store
C00789,2026-02-03,2079.0,Web
C00790,2025-05-18,2405.0,Web
C00790,2025-05-26,3366.0,Web
C00790,2025-08-31,2518.0,Store
C00791,2026-07-25,3728.0,App
C00791,2026-08-12,6385.0,Web
C00792,2025-06-21,15617.0,App
C00792,2025-07-02,6131.0,App
C00792,2025-08-09,4007.0,App
C00792,2025-09-26,6429.0,Web
C00792,2025-10-22,7198.0,App
C00792,2025-11-09,11131.0,Web
C00792,2025-12-22,5899.0,Web
C00793,2026-06-26,5341.0,Web
C00794,2025-03-18,3472.0,App
C00794,2025-06-07,5967.0,Web
C00794,2025-07-25,2881.0,Web
C00794,2025-08-19,3870.0,Web
C00794,2025-08-29,7250.0,Web
C00794,2025-09-11,2936.0,App
C00794,2025-11-02,7025.0,Web
C00794,2025-11-28,2627.0,Web
C00794,2025-12-13,2448.0,Web
C00794,2026-01-24,2539.0,Web
C00794,2026-03-11,4836.0,Web
C00794,2026-05-09,6180.0,Web
C00794,2026-05-27,7741.0,Web
C00795,2025-05-17,7796.0,Web
C00795,2025-06-02,9567.0,Web
C00795,2025-07-14,7067.0,Web
C00795,2025-07-21,5752.0,Web
C00795,2025-09-04,7466.0,App
C00795,2025-09-30,6752.0,Web
C00795,2025-10-16,6746.0,Web
C00795,2025-11-21,10422.0,App
C00795,2025-12-06,8664.0,Web
C00795,2025-12-20,9128.0,Web
C00795,2026-01-20,8447.0,Web
C00795,2026-02-05,10529.0,Store
C00795,2026-02-20,11878.0,App
C00795,2026-03-02,6806.0,App
C00795,2026-03-15,10024.0,App
C00795,2026-05-02,4780.0,Web
C00795,2026-05-03,3420.0,Web
C00795,2026-05-10,14260.0,App
C00795,2026-05-18,6696.0,Web
C00795,2026-06-01,8220.0,Store
C00795,2026-06-14,4901.0,Web
C00795,2026-07-02,4822.0,Web
C00795,2026-07-04,5863.0,App
C00795,2026-07-22,9423.0,Web
C00796,2026-07-15,2447.0,App
C00796,2026-08-06,3046.0,Web
C00797,2025-03-27,4957.0,App
C00797,2025-05-30,9799.0,Web
C00797,2025-06-08,12110.0,Web
C00797,2025-07-02,3699.0,App
C00797,2025-07-09,11005.0,App
C00797,2025-08-20,6883.0,Web
C00797,2025-09-11,3995.0,Web
C00797,2025-10-06,8868.0,App
C00797,2025-10-18,10345.0,Web
C00797,2025-10-28,6654.0,Store
C00797,2025-10-30,5197.0,App
C00797,2025-11-12,13700.0,App
C00797,2025-11-14,5955.0,App
C00797,2025-11-28,11291.0,Store
C00797,2025-11-29,4431.0,Web
C00797,2025-12-03,8704.0,Web
C00797,2025-12-08,8618.0,App
C00797,2025-12-28,10215.0,Web
C00797,2026-01-07,12689.0,App
C00797,2026-01-12,5660.0,Web
C00797,2026-01-21,9029.0,Web
C00797,2026-02-11,4664.0,Web
C00797,2026-02-13,4646.0,App
C00797,2026-02-17,6146.0,Web
C00797,2026-03-01,8684.0,Web
C00797,2026-03-05,13533.0,Web
C00797,2026-03-15,14423.0,Web
C00797,2026-03-30,6646.0,App
C00797,2026-04-14,8374.0,Store
C00797,2026-05-16,10467.0,App
C00797,2026-05-18,9836.0,App
C00797,2026-06-09,7091.0,Web
C00797,2026-07-24,7728.0,Store
C00798,2025-07-23,4028.0,Web
C00798,2025-10-24,5080.0,Web
C00798,2025-11-05,3447.0,Web
C00798,2025-11-12,7048.0,App
C00798,2026-01-03,7164.0,Web
C00798,2026-02-09,3115.0,Web
C00798,2026-05-03,6028.0,Web
C00798,2026-05-22,4002.0,App
C00798,2026-07-05,4712.0,Web
C00798,2026-07-22,8495.0,Web
C00798,2026-08-08,3525.0,App
C00798,2026-08-12,6686.0,Web
C00799,2025-09-12,3451.0,App
C00799,2025-10-18,2348.0,Store
C00799,2025-12-17,5204.0,Web
C00799,2026-03-02,4091.0,App
C00800,2025-05-13,3696.0,Web
C00800,2025-07-11,2886.0,App
C00800,2025-08-01,4648.0,App
C00800,2025-09-10,1710.0,Web
C00800,2025-09-27,1465.0,App
C00800,2025-12-08,4908.0,Web
C00801,2025-09-11,3278.0,Store
C00801,2025-10-11,1219.0,Web
C00801,2025-12-30,5330.0,Web
C00801,2026-01-14,2116.0,App
C00801,2026-01-21,1901.0,Web
C00801,2026-05-31,1925.0,Web
C00802,2026-07-15,5613.0,Web
C00803,2025-08-27,2873.0,Store
C00803,2025-11-18,1478.0,App
C00803,2026-03-03,3440.0,App
C00804,2025-03-29,2806.0,Web
C00804,2025-05-16,3417.0,Web
C00804,2025-06-09,2886.0,Web
C00805,2025-05-25,4592.0,Web
C00805,2025-07-09,1913.0,Web
C00805,2025-07-24,3793.0,App
C00805,2025-09-10,5490.0,App
C00805,2026-02-18,4563.0,App
C00805,2026-03-09,4984.0,Web
C00805,2026-03-24,6072.0,Web
C00805,2026-05-18,4910.0,App
C00805,2026-06-14,5985.0,Web
C00806,2025-05-05,3831.0,Web
C00806,2025-05-20,6542.0,Web
C00806,2025-05-30,4081.0,Web
C00806,2025-06-10,5343.0,Web
C00806,2025-08-15,3141.0,Store
C00806,2025-10-19,7985.0,App
C00806,2025-10-22,4057.0,Store
C00806,2025-11-25,7132.0,App
C00806,2025-12-19,3483.0,App
C00806,2026-01-04,3410.0,App
C00806,2026-03-19,7851.0,Web
C00806,2026-06-11,3593.0,App
C00807,2025-06-24,2504.0,App
C00807,2025-07-04,3138.0,App
C00807,2025-07-23,2908.0,Web
C00808,2025-04-27,5688.0,App
C00808,2025-05-08,9752.0,Web
C00808,2025-06-06,8521.0,App
C00808,2025-07-09,3051.0,Web
C00808,2025-08-05,4363.0,App
C00808,2025-08-12,6486.0,App
C00808,2025-09-15,6668.0,Web
C00808,2025-11-02,5848.0,Store
C00808,2025-12-12,3857.0,Store
C00808,2026-01-12,5828.0,Web
C00808,2026-02-19,6694.0,App
C00808,2026-03-10,3179.0,App
C00808,2026-05-23,7858.0,Web
C00809,2025-03-14,3499.0,Web
C00809,2025-03-31,2038.0,App
C00809,2025-05-11,1417.0,App
C00810,2025-05-27,7679.0,Web
C00810,2025-08-26,4825.0,App
C00810,2025-09-24,3760.0,App
C00810,2025-11-19,2564.0,Store
C00810,2026-02-03,3791.0,App
C00810,2026-03-23,4299.0,Web
C00810,2026-04-03,3168.0,App
C00811,2025-05-30,8196.0,Store
C00811,2025-07-17,4812.0,Web
C00811,2025-08-07,8484.0,App
C00811,2025-08-18,6493.0,App
C00811,2025-08-31,13656.0,Web
C00811,2025-09-23,11202.0,App
C00811,2025-10-25,6573.0,Web
C00811,2025-11-09,13960.0,Web
C00811,2025-11-21,8487.0,Web
C00811,2025-11-28,4192.0,Web
C00811,2025-12-08,7321.0,App
C00811,2025-12-30,13337.0,App
C00811,2026-01-18,5648.0,App
C00811,2026-02-05,7347.0,App
C00811,2026-02-12,4675.0,Web
C00811,2026-02-25,4942.0,Store
C00811,2026-03-24,5619.0,App
C00811,2026-05-03,4897.0,Web
C00811,2026-05-29,6061.0,App
C00811,2026-06-30,13827.0,App
C00811,2026-07-03,7430.0,Web
C00811,2026-08-07,9906.0,Web
C00812,2025-04-06,12929.0,Web
C00812,2025-05-15,7761.0,App
C00812,2025-06-10,10606.0,Web
C00812,2025-06-18,7386.0,Web
C00812,2025-09-02,11145.0,Web
C00812,2025-09-24,6517.0,Web
C00812,2025-09-28,13103.0,App
C00812,2025-10-04,6404.0,Web
C00812,2025-10-15,6663.0,Web
C00812,2025-10-27,6391.0,Web
C00812,2025-11-24,8049.0,App
C00812,2025-12-02,6569.0,App
C00812,2025-12-09,8924.0,Web
C00812,2026-01-12,6359.0,App
C00812,2026-01-21,9924.0,Web
C00812,2026-01-30,12802.0,App
C00812,2026-02-25,7732.0,Web
C00812,2026-03-19,16356.0,Web
C00812,2026-03-24,11165.0,Web
C00812,2026-04-17,15904.0,Web
C00812,2026-04-23,7365.0,Web
C00812,2026-05-01,4207.0,App
C00812,2026-06-01,5877.0,Web
C00812,2026-06-16,6091.0,Web
C00812,2026-06-22,5390.0,App
C00812,2026-06-28,3489.0,App
C00812,2026-08-04,10771.0,Store
C00812,2026-08-20,3924.0,Web
C00813,2025-09-04,1913.0,Web
C00813,2025-10-13,3205.0,Web
C00813,2025-11-14,2721.0,Web
C00813,2025-12-08,1597.0,App
C00813,2026-04-27,1699.0,Web
C00813,2026-06-06,3680.0,Web
C00814,2025-05-09,2063.0,Web
C00814,2025-07-11,2603.0,App
C00814,2025-07-25,3862.0,App
C00815,2025-06-09,2411.0,Web
C00815,2025-08-10,6242.0,App
C00815,2025-10-24,5426.0,Web
C00815,2025-11-17,3151.0,Store
C00815,2026-02-15,7729.0,Web
C00815,2026-02-20,5500.0,App
C00815,2026-06-07,7810.0,Web
C00815,2026-06-22,3019.0,Web
C00816,2025-08-08,1730.0,Web
C00816,2025-10-12,3643.0,Web
C00816,2025-12-24,3837.0,Web
C00817,2025-06-17,2799.0,Web
C00817,2025-06-29,4040.0,App
C00817,2025-08-01,3140.0,Web
C00817,2025-09-06,4118.0,App
C00817,2025-10-07,2628.0,App
C00817,2025-11-13,2217.0,Web
C00817,2025-12-21,3833.0,Web
C00817,2026-02-23,2533.0,App
C00818,2025-05-27,2151.0,Web
C00818,2025-07-19,3613.0,Web
C00818,2025-09-05,5151.0,App
C00819,2025-06-21,5977.0,Web
C00819,2025-09-02,2692.0,App
C00820,2026-07-15,3236.0,App
C00820,2026-07-27,2958.0,Web
C00821,2025-06-02,6609.0,Web
C00821,2025-07-01,1155.0,Web
C00821,2025-07-09,3348.0,App
C00821,2025-07-28,2150.0,App
C00821,2025-10-14,7568.0,App
C00821,2025-11-30,6560.0,Web
C00821,2025-12-17,3052.0,App
C00821,2026-04-06,5182.0,App
C00821,2026-05-18,7464.0,App
C00821,2026-05-30,7943.0,App
C00821,2026-06-25,3924.0,Web
C00821,2026-07-03,1908.0,Store
C00822,2025-05-14,7427.0,App
C00822,2025-05-30,2061.0,Web
C00822,2025-07-06,2442.0,App
C00823,2026-08-02,6607.0,Web
C00823,2026-08-13,2142.0,Web
C00824,2025-03-09,2832.0,Web
C00824,2025-04-22,2378.0,Web
C00824,2025-06-23,2688.0,Web
C00825,2025-04-11,3277.0,Web
C00825,2025-04-30,3697.0,App
C00825,2025-08-19,2185.0,App
C00825,2025-11-09,4979.0,Web
C00825,2026-01-23,3793.0,Store
C00825,2026-02-13,2824.0,Web
C00826,2025-06-07,8266.0,App
C00826,2025-07-01,8185.0,Web
C00826,2025-07-26,7753.0,Web
C00826,2025-08-03,6464.0,Web
C00826,2025-08-14,8188.0,Web
C00826,2025-09-23,13919.0,App
C00826,2025-11-07,16719.0,App
C00826,2025-11-20,7077.0,Store
C00826,2026-01-15,6429.0,App
C00826,2026-01-29,5670.0,App
C00826,2026-02-27,19266.0,Web
C00826,2026-03-07,7872.0,Web
C00826,2026-04-03,11117.0,Store
C00826,2026-04-15,9602.0,App
C00826,2026-06-29,16299.0,Store
C00826,2026-07-20,6900.0,App
C00827,2025-05-14,2640.0,Web
C00827,2025-06-17,1867.0,Store
C00827,2025-07-10,2882.0,App
C00828,2026-07-08,2329.0,App
C00828,2026-07-21,3962.0,Web
C00829,2025-07-19,3996.0,Store
C00829,2025-10-14,7488.0,Web
C00829,2026-01-13,2622.0,Web
C00830,2026-07-03,4059.0,Web
C00830,2026-07-23,2757.0,Web
C00831,2025-04-06,3694.0,Web
C00831,2025-04-28,2635.0,Web
C00831,2025-06-03,2886.0,Web
C00832,2025-07-15,2577.0,App
C00832,2025-09-14,1875.0,App
C00833,2025-07-14,5931.0,Web
C00833,2025-08-14,15250.0,Web
C00833,2025-08-19,5832.0,Web
C00833,2025-09-16,4938.0,Web
C00833,2025-10-16,12749.0,Web
C00833,2025-12-17,9496.0,Web
C00833,2025-12-26,10348.0,Web
C00834,2025-03-22,3424.0,Web
C00834,2025-04-04,4282.0,App
C00834,2025-05-21,2858.0,Web
C00835,2025-04-12,1989.0,Web
C00835,2025-07-12,2535.0,Store
C00835,2026-03-04,4612.0,Web
C00835,2026-03-24,1084.0,App
C00836,2025-05-17,4085.0,App
C00836,2025-05-27,2885.0,App
C00836,2025-06-30,3073.0,Web
C00837,2025-06-01,2616.0,Store
C00837,2025-09-17,2230.0,App
C00838,2025-09-21,3316.0,Web
C00838,2026-04-06,2206.0,Web
C00838,2026-04-23,2626.0,Web
C00839,2025-03-18,9736.0,Web
C00839,2025-05-09,12055.0,Store
C00839,2025-06-01,9663.0,Web
C00839,2025-06-04,6870.0,App
C00839,2025-06-08,5600.0,Web
C00839,2025-07-01,4763.0,App
C00839,2025-08-11,3002.0,App
C00839,2025-08-20,7498.0,Web
C00839,2025-09-11,6159.0,Web
C00839,2025-10-22,6276.0,Store
C00839,2025-11-16,10112.0,App
C00839,2025-12-07,6783.0,App
C00839,2025-12-22,13694.0,Web
C00839,2026-01-08,5772.0,Store
C00840,2025-07-01,1785.0,Web
C00840,2025-07-06,2830.0,Web
C00840,2025-08-03,3325.0,App
C00841,2025-03-23,7301.0,App
C00841,2025-03-28,7323.0,App
C00841,2025-05-01,7421.0,Store
C00841,2025-05-28,4751.0,App
C00841,2025-06-08,7935.0,Web
C00841,2025-07-07,9265.0,App
C00841,2025-07-08,3679.0,Web
C00841,2025-07-14,4773.0,Web
C00841,2025-07-29,10296.0,App
C00841,2025-08-10,9647.0,Web
C00841,2025-09-18,8354.0,Web
C00841,2025-10-14,5927.0,Web
C00841,2025-11-28,9666.0,Web
C00841,2025-12-02,4939.0,Web
C00841,2025-12-14,7172.0,App
C00841,2025-12-19,4763.0,Web
C00841,2026-01-08,7110.0,App
C00841,2026-01-12,5246.0,Web
C00841,2026-01-30,9803.0,Web
C00841,2026-02-07,8757.0,Web
C00841,2026-03-08,6163.0,Web
C00841,2026-03-23,11021.0,App
C00841,2026-03-26,5384.0,Store
C00841,2026-04-27,7432.0,Web
C00841,2026-05-30,6068.0,Web
C00841,2026-06-27,9757.0,App
C00841,2026-07-07,9425.0,Web
C00841,2026-07-31,11868.0,Web
C00842,2025-06-05,3227.0,App
C00842,2025-07-18,4416.0,Web
C00842,2025-09-07,3260.0,App
C00842,2025-12-08,8116.0,App
C00842,2026-01-25,3884.0,Web
C00842,2026-02-11,2029.0,Web
C00842,2026-04-04,1953.0,App
C00842,2026-05-25,4024.0,Web
C00843,2025-05-06,2862.0,Web
C00843,2025-05-22,3041.0,App
C00843,2025-08-06,2233.0,Web
C00844,2025-04-12,5011.0,Web
C00844,2025-04-20,7177.0,Web
C00844,2025-06-04,7177.0,Web
C00844,2025-06-22,9692.0,Web
C00844,2025-09-20,14523.0,Web
C00844,2025-10-05,8968.0,Web
C00844,2025-10-13,6634.0,Web
C00844,2025-11-02,13247.0,Web
C00844,2025-11-13,4055.0,Web
C00844,2025-11-15,3408.0,App
C00844,2025-12-20,5172.0,Store
C00844,2026-01-13,9374.0,Web
C00844,2026-01-23,7483.0,App
C00845,2025-06-17,3687.0,App
C00845,2025-08-12,4681.0,Web
C00845,2025-08-29,4411.0,Web
C00845,2025-10-31,7029.0,App
C00845,2025-11-25,4596.0,App
C00845,2025-11-30,5763.0,Web
C00845,2026-01-27,4946.0,Store
C00845,2026-04-22,8093.0,App
C00845,2026-05-20,4090.0,App
C00845,2026-07-25,4094.0,Web
C00846,2025-03-04,1590.0,Web
C00846,2025-04-07,4683.0,App
C00846,2025-05-31,3768.0,App
C00846,2025-06-16,4597.0,Web
C00846,2025-11-09,2767.0,Web
C00846,2026-01-12,2010.0,Store
C00846,2026-02-20,2912.0,Web
C00846,2026-03-07,4060.0,Web
C00847,2025-03-14,3945.0,Web
C00847,2025-04-09,6090.0,Web
C00847,2025-04-17,4386.0,Web
C00847,2025-04-26,3759.0,Web
C00847,2025-05-31,6567.0,Web
C00847,2025-06-13,9443.0,Web
C00847,2025-07-06,10759.0,App
C00847,2025-08-15,5856.0,Web
C00847,2025-09-03,8908.0,App
C00847,2025-09-10,6583.0,App
C00847,2025-09-18,8572.0,Web
C00847,2025-10-02,10567.0,Web
C00847,2025-10-16,6591.0,App
C00847,2025-10-22,10284.0,Web
C00847,2025-10-31,4614.0,App
C00847,2025-11-27,8877.0,App
C00847,2026-01-01,10129.0,Web
C00847,2026-01-14,9769.0,Web
C00847,2026-01-15,4659.0,App
C00848,2025-06-02,3083.0,App
C00848,2025-07-04,2853.0,Web
C00848,2025-07-30,2628.0,Web
C00849,2025-06-17,3051.0,Web
C00849,2025-07-06,10562.0,Web
C00849,2025-08-24,2396.0,App
C00849,2026-01-27,7270.0,App
C00849,2026-02-06,6558.0,Web
C00849,2026-02-20,5225.0,App
C00849,2026-04-10,4717.0,App
C00849,2026-05-05,9693.0,Web
C00849,2026-05-27,12402.0,Web
C00849,2026-06-02,4248.0,Store
C00850,2025-05-29,3246.0,Web
C00850,2025-08-21,2391.0,App
C00850,2025-09-20,1861.0,Web
C00850,2025-12-26,3037.0,Web
C00850,2026-03-09,5689.0,Web
C00851,2025-07-25,3407.0,Store
C00851,2025-12-05,5417.0,Store
C00851,2026-01-27,3921.0,App
C00851,2026-02-22,6697.0,Web
C00851,2026-04-04,6756.0,Web
C00851,2026-05-15,4142.0,Web
C00851,2026-06-16,3748.0,App
C00851,2026-06-28,4857.0,Web
C00851,2026-08-21,4355.0,App
C00852,2025-07-08,4491.0,Web
C00852,2025-08-06,5681.0,Web
C00852,2025-09-10,4301.0,Web
C00852,2025-10-02,6942.0,Web
C00852,2025-10-08,3487.0,Web
C00852,2025-10-17,2354.0,App
C00852,2025-11-17,5998.0,Web
C00852,2026-02-12,3069.0,App
C00852,2026-03-09,2950.0,Store
C00852,2026-04-16,7655.0,Web
C00852,2026-06-23,6793.0,Web
C00853,2025-07-24,1967.0,App
C00853,2025-08-09,8119.0,Web
C00853,2025-09-24,3564.0,App
C00853,2025-12-05,3408.0,Web
C00853,2026-04-23,3072.0,App
C00854,2025-09-20,2901.0,Web
C00854,2025-11-30,3520.0,Store
C00854,2026-01-07,3169.0,App
C00855,2026-08-01,2939.0,App
C00856,2025-06-30,2057.0,App
C00856,2025-07-30,2758.0,Web
C00856,2025-09-02,3603.0,Web
C00857,2025-04-01,3394.0,App
C00857,2025-05-04,6163.0,Web
C00857,2025-05-22,5826.0,App
C00857,2025-08-21,3001.0,Web
C00857,2025-10-11,2368.0,Web
C00857,2025-12-13,3837.0,App
C00857,2026-01-17,2362.0,Web
C00858,2025-05-11,1962.0,App
C00858,2025-06-01,2762.0,Web
C00858,2025-10-16,3840.0,App
C00858,2025-12-03,2510.0,App
C00859,2025-03-17,4087.0,Web
C00859,2025-03-31,5964.0,Store
C00859,2025-04-27,19401.0,Web
C00859,2025-05-20,9445.0,Web
C00859,2025-06-04,8564.0,Web
C00859,2025-06-19,8663.0,Web
C00859,2025-06-21,5953.0,App
C00859,2025-06-30,18337.0,Web
C00859,2025-07-04,8281.0,Web
C00859,2025-07-27,8014.0,Web
C00859,2025-08-02,9958.0,App
C00859,2025-09-11,4518.0,Web
C00859,2025-09-29,5186.0,Web
C00859,2025-10-07,6474.0,Web
C00859,2025-11-12,9980.0,App
C00859,2025-11-18,4479.0,Store
C00859,2025-11-24,6890.0,Web
C00859,2025-12-02,6557.0,Web
C00859,2026-01-07,4066.0,Web
C00860,2025-08-03,3532.0,App
C00861,2025-07-05,2880.0,App
C00861,2025-10-01,8203.0,Web
C00861,2026-01-12,4094.0,Web
C00862,2025-07-25,4859.0,Web
C00862,2025-08-13,3308.0,Web
C00862,2025-10-20,1579.0,Web
C00862,2025-11-10,4399.0,Web
C00862,2025-11-15,3825.0,App
C00862,2025-12-01,5359.0,Web
C00862,2026-05-09,1803.0,Web
C00863,2025-05-03,2212.0,Web
C00863,2025-07-05,5418.0,Web
C00863,2025-12-05,1835.0,Web
C00864,2025-08-03,3684.0,Web
C00864,2025-08-28,1414.0,App
C00864,2025-09-09,1924.0,App
C00865,2025-03-31,4041.0,App
C00865,2025-04-19,3663.0,App
C00865,2025-06-01,8888.0,Web
C00865,2025-09-04,5083.0,App
C00865,2025-10-12,5503.0,Web
C00865,2025-12-03,2964.0,Web
C00865,2025-12-27,6206.0,Web
C00865,2026-01-18,8888.0,Web
C00865,2026-01-28,6536.0,Web
C00865,2026-03-05,2731.0,App
C00865,2026-05-09,3834.0,App
C00865,2026-06-28,4820.0,Web
C00866,2025-04-27,2459.0,Web
C00866,2025-06-23,1987.0,Web
C00866,2025-07-02,1199.0,Web
C00866,2025-08-11,3754.0,Web
C00866,2026-01-17,2041.0,Web
C00867,2025-06-03,4169.0,Web
C00867,2025-08-04,4116.0,App
C00867,2025-08-28,3887.0,App
C00867,2025-10-22,2603.0,Web
C00867,2026-01-05,2627.0,Web
C00867,2026-02-16,2432.0,App
C00867,2026-04-21,2411.0,Web
C00868,2025-09-09,2098.0,App
C00868,2025-12-26,1895.0,Web
C00868,2026-03-18,1828.0,Web
C00869,2025-03-21,4336.0,App
C00869,2025-04-02,5636.0,Web
C00869,2025-04-26,10747.0,Web
C00869,2025-07-10,5107.0,Web
C00869,2025-07-20,1897.0,App
C00869,2025-07-25,5486.0,Web
C00869,2025-08-10,3247.0,App
C00869,2025-08-31,2139.0,Web
C00869,2025-10-04,9102.0,Web
C00869,2025-11-20,8348.0,Web
C00869,2026-01-18,3214.0,App
C00869,2026-01-26,3222.0,Web
C00869,2026-01-28,4921.0,Store
C00869,2026-03-02,3239.0,Web
C00869,2026-03-12,4373.0,App
C00869,2026-04-01,3470.0,Web
C00869,2026-04-26,3933.0,Web
C00869,2026-05-17,2632.0,App
C00869,2026-05-22,6425.0,Web
C00869,2026-06-27,7470.0,Web
C00870,2026-07-24,2285.0,App
C00870,2026-07-29,6193.0,App
C00871,2025-08-06,1880.0,Web
C00871,2025-09-18,7317.0,Web
C00871,2025-11-09,4118.0,Web
C00871,2026-01-26,1547.0,App
C00871,2026-04-21,2618.0,App
C00871,2026-05-28,1561.0,Web
C00871,2026-07-08,4457.0,App
C00872,2025-04-22,7812.0,App
C00872,2025-05-10,10306.0,App
C00872,2025-06-19,9809.0,Web
C00872,2025-07-05,9640.0,App
C00872,2025-07-18,9219.0,Web
C00872,2025-08-13,4820.0,App
C00872,2025-08-22,11193.0,Web
C00872,2025-09-02,5192.0,App
C00872,2025-09-07,7251.0,Web
C00872,2025-09-15,6654.0,Web
C00872,2025-10-07,8506.0,App
C00872,2025-10-18,6351.0,Web
C00872,2025-10-24,7119.0,App
C00872,2025-11-25,13261.0,Web
C00872,2025-12-24,4782.0,Web
C00872,2025-12-31,7518.0,Web
C00872,2026-01-29,5095.0,App
C00872,2026-02-19,9528.0,Web
C00872,2026-03-07,5835.0,Web
C00872,2026-04-18,7627.0,Web
C00872,2026-05-06,4733.0,Web
C00872,2026-05-14,11825.0,App
C00872,2026-05-24,7719.0,App
C00872,2026-05-27,7896.0,App
C00872,2026-06-17,10058.0,Web
C00872,2026-07-28,4856.0,Web
C00873,2025-07-27,2210.0,App
C00873,2025-08-06,2533.0,App
C00873,2026-02-21,2559.0,Web
C00873,2026-05-19,1619.0,Web
C00874,2025-04-28,8202.0,App
C00874,2025-05-02,6504.0,App
C00874,2025-07-08,6246.0,App
C00874,2025-08-17,7499.0,Web
C00874,2025-09-08,3711.0,Web
C00874,2025-09-16,5411.0,Web
C00874,2025-10-15,4531.0,Web
C00874,2025-11-11,7084.0,Web
C00875,2025-09-05,3322.0,App
C00875,2025-11-04,2262.0,App
C00875,2026-01-12,3449.0,Web
C00875,2026-04-18,4040.0,Web
C00875,2026-05-11,3257.0,Web
C00876,2025-06-01,4069.0,App
C00876,2025-08-02,3538.0,App
C00876,2026-02-19,5239.0,App
C00876,2026-03-19,1076.0,Web
C00876,2026-06-11,1841.0,Web
C00877,2025-07-01,7374.0,App
C00877,2025-07-18,3521.0,Web
C00877,2025-08-01,7122.0,Web
C00877,2025-08-13,12673.0,Web
C00877,2025-09-10,18674.0,Store
C00877,2025-09-19,6761.0,App
C00877,2025-10-01,7932.0,App
C00877,2025-10-27,8719.0,Web
C00877,2025-12-04,14105.0,Web
C00877,2025-12-20,5001.0,Store
C00878,2026-07-03,1514.0,Web
C00878,2026-07-16,3528.0,Store
C00879,2025-07-16,2882.0,Web
C00879,2025-08-09,2277.0,Web
C00879,2025-09-27,4240.0,Web
C00880,2025-04-08,2628.0,App
C00880,2025-04-21,5846.0,Web
C00880,2025-06-08,1999.0,App
C00881,2025-04-03,14345.0,App
C00881,2025-04-21,7791.0,Web
C00881,2025-05-13,6813.0,Web
C00881,2025-06-06,6546.0,App
C00881,2025-07-27,7912.0,App
C00881,2025-08-10,2675.0,Web
C00881,2025-09-01,7060.0,Web
C00881,2025-09-26,7637.0,App
C00881,2025-10-13,6680.0,Web
C00881,2025-10-19,4128.0,Web
C00881,2025-11-20,6694.0,Store
C00881,2025-11-21,4124.0,App
C00881,2025-11-27,13124.0,App
C00881,2025-12-10,6447.0,Web
C00881,2025-12-16,3427.0,App
C00881,2026-01-03,6563.0,App
C00882,2025-05-07,5328.0,Web
C00882,2025-07-26,3396.0,Web
C00882,2025-08-04,3008.0,Store
C00883,2025-09-15,2925.0,Web
C00883,2025-10-25,2252.0,App
C00883,2025-11-05,1876.0,Web
C00883,2026-03-31,3084.0,App
C00883,2026-04-17,4571.0,App
C00883,2026-05-23,3049.0,Web
C00884,2025-05-13,1985.0,App
C00884,2025-06-03,1071.0,Web
C00884,2025-07-13,4663.0,Web
C00885,2025-06-05,6136.0,Web
C00885,2025-07-12,3740.0,Web
C00885,2025-09-06,8457.0,App
C00885,2025-10-29,2355.0,App
C00885,2026-01-02,4680.0,App
C00885,2026-03-13,3924.0,App
C00885,2026-05-06,3572.0,App
C00885,2026-06-30,5215.0,Web
C00886,2025-03-17,3729.0,App
C00886,2025-04-15,5928.0,App
C00886,2025-05-07,13167.0,Store
C00886,2025-05-10,6307.0,Web
C00886,2025-05-26,6901.0,Store
C00886,2025-06-05,5992.0,Web
C00886,2025-06-15,11778.0,Web
C00886,2025-07-05,6476.0,Web
C00886,2025-08-03,4552.0,Web
C00886,2025-08-21,17396.0,Web
C00886,2025-11-02,4360.0,Web
C00887,2025-03-21,9858.0,Web
C00887,2025-03-24,4886.0,App
C00887,2025-04-03,8477.0,Web
C00887,2025-04-14,11703.0,App
C00887,2025-04-18,5062.0,Web
C00887,2025-05-05,5204.0,Web
C00887,2025-06-01,9124.0,Web
C00887,2025-07-04,4464.0,Web
C00887,2025-08-01,5374.0,Web
C00887,2025-08-15,4946.0,Store
C00887,2025-08-27,9164.0,Web
C00887,2025-09-11,5536.0,Web
C00887,2025-09-27,6386.0,App
C00887,2025-10-04,5429.0,App
C00887,2025-10-16,10545.0,Web
C00887,2025-10-26,5222.0,Web
C00888,2025-04-19,4625.0,App
C00888,2025-08-02,5863.0,Store
C00888,2025-08-27,3218.0,App
C00888,2025-09-27,5304.0,Web
C00888,2025-10-20,4623.0,Web
C00888,2025-12-10,5087.0,App
C00888,2025-12-29,10435.0,Web
C00888,2026-01-27,7778.0,Web
C00888,2026-04-04,6336.0,Web
C00888,2026-06-04,6368.0,Web
C00889,2025-06-04,3704.0,Web
C00889,2025-08-14,6242.0,Web
C00889,2025-09-13,4115.0,Web
C00889,2025-10-02,5210.0,App
C00889,2025-10-27,3287.0,Web
C00889,2025-12-14,4573.0,Web
C00889,2026-01-20,7812.0,Web
C00889,2026-02-05,4350.0,Web
C00889,2026-04-04,3700.0,App
C00889,2026-04-17,3267.0,Web
C00889,2026-05-22,4581.0,App
C00889,2026-06-13,8111.0,Store
C00889,2026-07-11,2675.0,App
C00889,2026-07-24,4524.0,App
C00889,2026-08-27,2325.0,Web
C00890,2025-05-13,1580.0,Web
C00890,2025-06-16,1463.0,App
C00890,2025-08-23,3612.0,Web
C00891,2026-07-14,1823.0,Web
C00891,2026-08-13,2562.0,App
C00892,2025-06-10,2833.0,App
C00892,2025-09-06,2387.0,Web
C00892,2026-01-08,3892.0,App
C00892,2026-02-26,1346.0,Store
C00893,2026-07-16,4035.0,App
C00893,2026-08-03,4845.0,App
C00894,2025-06-10,6978.0,App
C00894,2025-07-29,6328.0,Store
C00894,2025-08-28,6436.0,App
C00894,2025-09-22,5891.0,App
C00894,2025-10-18,6266.0,App
C00894,2025-11-08,2209.0,Web
C00894,2025-11-28,2973.0,Web
C00894,2026-02-01,2785.0,App
C00894,2026-03-08,7671.0,Web
C00894,2026-03-30,3375.0,Web
C00894,2026-05-01,3598.0,App
C00894,2026-05-24,4628.0,App
C00894,2026-05-30,2807.0,Web
C00895,2025-09-08,1830.0,Store
C00895,2025-10-23,1373.0,App
C00895,2026-01-16,1894.0,App
C00896,2025-06-12,5350.0,Web
C00896,2025-07-16,1803.0,App
C00896,2025-08-10,3478.0,Web
C00896,2025-09-02,7071.0,App
C00896,2025-11-12,4861.0,Web
C00896,2025-12-17,1618.0,Web
C00896,2026-01-21,2919.0,App
C00896,2026-02-13,5510.0,Web
C00896,2026-04-18,2190.0,Web
C00896,2026-05-08,2690.0,Web
C00897,2026-06-28,3952.0,Web
C00898,2026-07-26,2897.0,Web
C00898,2026-08-03,8464.0,Web
C00899,2025-07-08,8341.0,Web
C00899,2025-07-22,4154.0,App
C00899,2025-10-14,4810.0,Web
C00899,2025-12-12,8618.0,Web
C00899,2026-02-18,2688.0,Web
C00899,2026-03-09,3033.0,Web
C00899,2026-03-23,4050.0,App
C00899,2026-04-10,4364.0,App
C00899,2026-05-15,13280.0,App
C00899,2026-06-16,3236.0,App
C00900,2025-06-19,3020.0,App
C00900,2025-07-09,2571.0,App
C00900,2025-07-13,3058.0,Web
C00901,2025-03-31,3430.0,App
C00901,2025-06-15,3780.0,Web
C00901,2025-06-25,3466.0,Web
C00902,2026-06-10,1760.0,Web
C00902,2026-06-24,5147.0,Web
C00903,2025-05-31,11396.0,Web
C00903,2025-06-07,9719.0,Web
C00903,2025-06-15,10900.0,App
C00903,2025-06-23,7316.0,Web
C00903,2025-07-13,7353.0,App
C00903,2025-07-31,15215.0,Web
C00903,2025-08-07,13596.0,App
C00903,2025-08-21,9662.0,App
C00903,2025-09-04,11084.0,App
C00903,2025-09-23,10162.0,App
C00903,2025-10-04,4934.0,Web
C00903,2025-11-04,7421.0,Web
C00903,2025-11-23,12706.0,Web
C00903,2025-12-24,9682.0,Web
C00903,2026-01-12,7359.0,Web
C00903,2026-02-01,12759.0,App
C00903,2026-02-05,8563.0,Web
C00903,2026-02-23,9803.0,Store
C00903,2026-03-09,8579.0,App
C00903,2026-04-11,9094.0,Web
C00903,2026-05-11,9324.0,Web
C00903,2026-06-16,11859.0,App
C00903,2026-06-25,12412.0,Web
C00903,2026-07-10,6426.0,Web
C00903,2026-08-17,8522.0,Web
C00904,2025-06-19,2957.0,Store
C00904,2025-07-25,3034.0,App
C00904,2025-09-28,3387.0,Web
C00905,2025-08-29,3377.0,App
C00905,2025-10-31,5407.0,Web
C00905,2026-01-30,4673.0,Store
C00905,2026-03-22,6174.0,Web
C00906,2025-04-24,2286.0,App
C00906,2025-06-02,2463.0,Store
C00906,2025-07-10,2824.0,Web
C00907,2025-06-29,2580.0,Web
C00907,2025-08-27,2157.0,App
C00907,2025-09-25,1526.0,App
C00908,2025-05-16,4471.0,Web
C00908,2025-07-18,7593.0,Web
C00908,2025-07-27,4977.0,Web
C00908,2025-08-10,2397.0,App
C00908,2025-08-22,8980.0,App
C00908,2025-09-07,4336.0,App
C00908,2026-01-25,1872.0,App
C00908,2026-02-24,2434.0,App
C00908,2026-04-19,7246.0,Web
C00908,2026-05-03,2450.0,Web
C00908,2026-05-22,7918.0,App
C00909,2026-06-10,3016.0,App
C00909,2026-06-11,4834.0,Web
C00910,2026-06-18,2299.0,Web
C00910,2026-07-06,5533.0,Web
C00911,2025-08-07,1910.0,Store
C00911,2025-08-31,3249.0,Web
C00911,2025-09-22,6448.0,App
C00911,2025-11-21,2978.0,App
C00911,2025-12-01,2634.0,App
C00911,2026-01-31,4658.0,Web
C00912,2025-03-03,1823.0,Web
C00912,2025-04-19,3451.0,Web
C00912,2025-05-21,3706.0,Web
C00912,2025-08-05,4682.0,Web
C00912,2026-01-06,2482.0,App
C00912,2026-02-25,2177.0,App
C00912,2026-05-02,1587.0,Web
C00912,2026-05-17,1709.0,Web
C00912,2026-07-22,2623.0,Web
C00913,2025-10-04,4854.0,Web
C00913,2026-03-14,2238.0,App
C00914,2025-09-30,5566.0,Web
C00914,2025-10-08,1508.0,Web
C00914,2025-11-03,5402.0,Web
C00914,2026-01-20,7284.0,Web
C00914,2026-02-14,1475.0,App
C00915,2025-04-16,4020.0,Store
C00915,2025-04-30,6404.0,Web
C00915,2025-07-06,3093.0,Store
C00915,2025-07-20,7532.0,Web
C00915,2025-11-20,2350.0,App
C00915,2025-11-24,6063.0,App
C00916,2025-08-30,3100.0,Web
C00916,2025-10-26,3896.0,Web
C00916,2026-01-12,2617.0,App
C00916,2026-03-23,2515.0,Web
C00917,2025-04-28,3840.0,Store
C00917,2025-06-10,3513.0,App
C00917,2025-06-13,5326.0,Store
C00917,2025-07-23,7407.0,Web
C00917,2025-07-29,3115.0,Store
C00917,2025-09-30,17316.0,Web
C00917,2025-11-26,3541.0,App
C00917,2025-12-11,5332.0,Web
C00917,2026-01-31,4621.0,Web
C00917,2026-03-07,4702.0,Web
C00917,2026-03-24,3362.0,Web
C00917,2026-05-13,7074.0,Web
C00918,2025-08-03,5483.0,App
C00918,2025-09-01,7386.0,App
C00918,2025-09-14,4091.0,App
C00918,2025-10-28,2779.0,Web
C00918,2026-01-14,6346.0,App
C00918,2026-03-11,3195.0,Web
C00918,2026-06-07,7795.0,Web
C00918,2026-08-11,7019.0,Web
C00919,2026-07-20,4167.0,App
C00919,2026-08-04,4206.0,Web
C00920,2025-07-30,3799.0,Web
C00921,2025-03-06,2671.0,App
C00921,2025-04-03,3586.0,App
C00921,2025-04-30,6936.0,Web
C00921,2025-05-03,6882.0,App
C00921,2025-06-11,4076.0,App
C00921,2025-06-23,9499.0,App
C00921,2025-09-03,4006.0,Web
C00921,2025-10-22,5552.0,App
C00921,2025-10-27,5491.0,Web
C00921,2026-01-08,2711.0,App
C00921,2026-04-01,4416.0,App
C00921,2026-07-13,11960.0,Web
C00922,2025-03-05,1946.0,Store
C00922,2025-07-19,4900.0,Store
C00922,2025-08-19,3481.0,App
C00922,2026-01-25,4970.0,Web
C00922,2026-02-14,1063.0,Web
C00923,2025-03-03,2754.0,Store
C00923,2025-04-13,2721.0,Web
C00923,2025-05-19,3818.0,Web
C00924,2025-06-18,4806.0,Web
C00924,2025-07-07,1822.0,Web
C00924,2025-08-08,3989.0,Web
C00925,2025-07-18,6029.0,Web
C00925,2025-10-25,5805.0,Web
C00925,2025-12-17,4999.0,App
C00925,2026-01-14,3867.0,Web
C00925,2026-02-09,4484.0,Store
C00925,2026-05-10,6405.0,App
C00925,2026-06-03,3585.0,App
C00925,2026-07-15,6510.0,Web
C00925,2026-08-01,2559.0,Web
C00926,2026-06-10,2022.0,Web
C00926,2026-06-29,3548.0,App
C00927,2025-03-02,3498.0,App
C00927,2025-03-25,5442.0,App
C00927,2025-05-29,6904.0,Web
C00927,2025-07-06,2596.0,App
C00927,2025-09-15,5713.0,App
C00927,2025-10-25,5340.0,App
C00927,2025-11-09,9793.0,App
C00927,2025-12-29,5768.0,App
C00927,2026-02-25,3916.0,Web
C00927,2026-03-26,4102.0,Web
C00927,2026-04-19,10369.0,App
C00927,2026-05-13,4005.0,Web
C00927,2026-06-10,5835.0,Web
C00927,2026-06-12,4196.0,App
C00927,2026-08-01,7113.0,Store
C00928,2025-03-13,6609.0,Web
C00928,2025-07-27,2900.0,Web
C00928,2025-10-03,3114.0,Web
C00928,2026-01-20,5472.0,Web
C00928,2026-03-03,7855.0,App
C00929,2025-04-17,2110.0,Web
C00929,2025-05-21,4404.0,App
C00929,2025-09-03,4592.0,Web
C00930,2025-03-13,4209.0,Web
C00930,2025-05-12,4471.0,Store
C00930,2025-07-28,3647.0,Web
C00930,2025-08-08,4538.0,App
C00930,2025-11-21,3183.0,Store
C00930,2026-01-12,5843.0,App
C00930,2026-02-09,4582.0,Web
C00931,2026-06-16,5207.0,Web
C00931,2026-07-03,3005.0,App
C00932,2025-03-31,5107.0,Web
C00932,2025-04-07,5869.0,Web
C00932,2025-05-01,7134.0,App
C00932,2025-05-20,3665.0,Web
C00932,2025-06-10,9819.0,Web
C00932,2025-06-27,7100.0,Web
C00932,2025-07-11,4859.0,Web
C00932,2025-07-13,12422.0,Web
C00932,2025-08-05,7158.0,App
C00932,2025-08-20,4421.0,App
C00932,2025-08-25,12228.0,Web
C00932,2025-09-14,11335.0,Web
C00932,2025-09-25,5132.0,App
C00932,2025-10-24,6300.0,App
C00932,2025-11-07,6010.0,App
C00932,2025-11-23,3641.0,App
C00933,2025-06-18,9176.0,App
C00933,2025-07-19,3362.0,App
C00933,2025-08-02,6239.0,Web
C00933,2025-08-25,8958.0,Web
C00933,2025-09-13,7695.0,Web
C00933,2025-09-14,4756.0,App
C00933,2025-09-19,3080.0,Store
C00933,2025-09-26,12794.0,App
C00933,2025-10-14,6607.0,Web
C00933,2025-11-02,11984.0,Store
C00933,2025-11-16,9317.0,App
C00933,2025-12-12,5344.0,Web
C00933,2026-01-10,2939.0,Web
C00934,2025-05-11,4512.0,Web
C00934,2025-07-02,2895.0,App
C00934,2025-07-24,2749.0,Web
C00934,2025-09-01,2376.0,Web
C00934,2025-11-07,5795.0,Web
C00934,2025-11-17,3741.0,App
C00934,2026-01-10,2217.0,Store
C00934,2026-01-28,2649.0,Web
C00934,2026-03-15,5133.0,Web
C00934,2026-03-30,882.0,Web
C00935,2025-09-22,3388.0,App
C00935,2025-12-28,4257.0,Web
C00935,2026-03-10,993.0,App
C00936,2026-07-22,4962.0,Web
C00936,2026-07-30,4289.0,Web
C00937,2025-04-24,2076.0,App
C00937,2025-07-28,1449.0,App
C00937,2025-12-31,4944.0,Web
C00937,2026-03-05,2276.0,Web
C00937,2026-07-31,3847.0,Web
C00938,2025-06-13,3080.0,Web
C00938,2025-07-14,4529.0,Web
C00938,2025-10-19,2694.0,Web
C00938,2026-01-07,3467.0,App
C00938,2026-03-24,4186.0,Web
C00938,2026-04-11,3899.0,Store
C00938,2026-05-19,6173.0,Web
C00939,2025-08-27,3502.0,Web
C00939,2025-11-09,3681.0,Web
C00939,2025-11-28,2737.0,Web
C00940,2025-07-30,7275.0,Web
C00940,2025-08-19,2196.0,Web
C00940,2025-10-06,5295.0,Web
C00940,2026-01-06,9386.0,Web
C00940,2026-01-08,5700.0,Web
C00940,2026-03-18,6745.0,Web
C00940,2026-05-07,4683.0,App
C00941,2026-07-02,5203.0,App
C00941,2026-08-09,6303.0,Web
C00942,2025-04-08,2992.0,App
C00942,2025-07-08,3211.0,App
C00942,2026-01-06,3319.0,Web
C00942,2026-02-06,4892.0,App
C00943,2025-04-07,4587.0,App
C00943,2025-04-29,6265.0,Web
C00943,2025-05-19,3461.0,Store
C00943,2025-05-29,4019.0,App
C00943,2025-08-26,6837.0,App
C00943,2025-09-09,5568.0,Web
C00943,2025-10-05,7699.0,Web
C00943,2025-10-27,8197.0,App
C00943,2025-11-16,2678.0,Store
C00943,2025-11-21,5180.0,Store
C00943,2025-12-15,3767.0,App
C00943,2026-01-22,2858.0,App
C00943,2026-02-03,3366.0,Web
C00943,2026-02-21,4092.0,App
C00943,2026-05-13,4103.0,Web
C00943,2026-05-28,3621.0,App
C00944,2025-03-02,5613.0,Web
C00944,2025-03-06,9739.0,App
C00944,2025-04-08,12811.0,App
C00944,2025-04-21,8253.0,App
C00944,2025-05-29,4498.0,Web
C00944,2025-07-02,7000.0,Web
C00944,2025-07-16,13197.0,Web
C00944,2025-08-02,6327.0,App
C00944,2025-08-11,7410.0,Web
C00944,2025-08-15,7674.0,Web
C00944,2025-09-02,4107.0,Web
C00944,2025-10-01,10003.0,App
C00944,2025-10-20,9511.0,Web
C00944,2025-11-05,3511.0,Web
C00944,2025-12-02,4428.0,App
C00944,2025-12-18,5024.0,App
C00944,2026-01-08,9167.0,App
C00944,2026-01-22,5424.0,Web
C00944,2026-02-09,8118.0,Web
C00945,2025-03-22,17612.0,App
C00945,2025-04-04,9113.0,Web
C00945,2025-04-20,6006.0,Web
C00945,2025-05-23,7209.0,Web
C00945,2025-07-09,12235.0,Web
C00945,2025-08-02,5160.0,Web
C00945,2025-08-23,11709.0,App
C00945,2025-08-27,6647.0,Web
C00945,2025-09-28,7638.0,Store
C00945,2025-11-01,5317.0,Web
C00946,2026-07-22,1987.0,App
C00946,2026-08-13,2347.0,Web
C00947,2025-07-12,3040.0,App
C00947,2026-02-21,5831.0,Web
C00947,2026-04-18,3002.0,Web
C00947,2026-05-31,2681.0,Web
C00948,2025-04-17,2070.0,Web
C00948,2025-09-09,3267.0,App
C00948,2026-01-18,4866.0,Web
C00949,2025-04-16,3471.0,Web
C00949,2025-04-30,2253.0,Web
C00949,2025-09-17,3156.0,Web
C00949,2025-10-02,3789.0,App
C00949,2026-01-15,4167.0,Web
C00949,2026-04-18,4816.0,Web
C00950,2026-06-30,3221.0,App
C00950,2026-07-30,3452.0,Web
C00951,2025-08-11,4805.0,App
C00952,2026-07-28,2772.0,Web
C00952,2026-08-01,3102.0,Web
C00953,2026-07-04,5003.0,Web
C00953,2026-07-24,4424.0,Web
C00954,2025-07-21,8393.0,Web
C00954,2025-08-14,3754.0,App
C00954,2025-08-24,5206.0,Web
C00954,2025-09-13,2873.0,App
C00954,2025-10-01,4522.0,Store
C00954,2025-10-09,5410.0,Web
C00954,2025-10-24,3579.0,Web
C00954,2025-10-29,5293.0,Web
C00954,2025-11-03,4936.0,Store
C00954,2025-11-29,3856.0,Web
C00954,2025-12-21,8072.0,App
C00954,2026-04-27,4202.0,Web
C00954,2026-05-13,4867.0,Web
C00954,2026-06-07,2567.0,Web
C00954,2026-07-18,5681.0,App
C00955,2025-03-24,958.0,Web
C00955,2025-04-30,4564.0,Web
C00955,2025-07-15,5633.0,App
C00955,2025-09-02,2320.0,Web
C00955,2026-03-10,1689.0,Web
C00955,2026-07-31,6616.0,Web
C00956,2025-09-23,1918.0,Web
C00956,2025-10-31,3317.0,Web
C00956,2025-11-14,3559.0,Web
C00956,2025-11-17,3491.0,Web
C00956,2026-02-12,2029.0,Web
C00956,2026-03-04,3393.0,Store
C00957,2025-03-10,5536.0,Store
C00957,2025-03-26,8298.0,App
C00957,2025-06-22,3148.0,App
C00957,2025-07-31,2629.0,Web
C00957,2025-10-06,2046.0,Web
C00957,2025-12-09,2504.0,App
C00958,2025-06-23,3273.0,Web
C00958,2025-08-01,1925.0,Web
C00958,2025-08-11,5157.0,App
C00959,2025-03-21,3023.0,Store
C00959,2025-04-22,6984.0,App
C00959,2025-05-24,3409.0,App
C00960,2025-06-01,1854.0,Web
C00960,2025-07-01,5167.0,Web
C00960,2025-09-05,853.0,Web
C00961,2025-05-14,1837.0,Web
C00961,2025-06-25,2069.0,Web
C00961,2025-07-02,4407.0,Web
C00962,2025-04-04,8510.0,Web
C00962,2025-04-28,6366.0,App
C00962,2025-05-06,5110.0,Store
C00962,2025-05-12,7174.0,Web
C00962,2025-05-15,3742.0,App
C00962,2025-05-20,9744.0,Web
C00962,2025-06-13,6372.0,Web
C00962,2025-06-30,5969.0,App
C00962,2025-07-21,6723.0,Web
C00962,2025-08-10,6653.0,Web
C00962,2025-08-17,10516.0,App
C00962,2025-09-11,4807.0,Web
C00962,2025-10-25,6171.0,Web
C00962,2025-11-01,6539.0,Web
C00962,2025-11-19,4859.0,Web
C00962,2025-12-20,7459.0,Web
C00963,2025-04-26,4914.0,App
C00963,2025-06-04,5369.0,Web
C00963,2025-07-11,5652.0,Web
C00963,2025-08-18,3135.0,Web
C00963,2025-10-19,5673.0,Web
C00963,2025-10-31,3727.0,App
C00963,2025-12-23,2608.0,App
C00963,2026-02-24,6755.0,Store
C00963,2026-03-28,6021.0,Web
C00963,2026-04-17,3136.0,App
C00963,2026-04-23,3713.0,App
C00964,2025-04-19,3045.0,App
C00964,2025-04-29,7910.0,Web
C00964,2025-05-31,4720.0,Web
C00964,2025-06-15,11365.0,Web
C00964,2025-07-27,5354.0,App
C00964,2025-09-03,5842.0,Web
C00964,2025-09-12,3019.0,Web
C00964,2025-10-24,4230.0,Web
C00964,2025-12-20,4752.0,App
C00964,2026-01-04,3577.0,Web
C00964,2026-02-02,3833.0,App
C00964,2026-04-04,5460.0,Web
C00964,2026-06-11,5503.0,Web
C00964,2026-07-02,2704.0,Web
C00964,2026-08-05,5170.0,App
C00965,2025-03-01,2558.0,Store
C00965,2025-04-10,2440.0,Web
C00965,2025-05-16,7441.0,Web
C00965,2025-09-21,6653.0,Web
C00965,2025-11-07,2090.0,Web
C00965,2025-12-08,1640.0,App
C00965,2026-04-28,4479.0,Web
C00965,2026-05-08,4040.0,Web
C00966,2025-06-21,2581.0,App
C00966,2025-07-18,3664.0,Web
C00967,2025-06-25,2243.0,Web
C00967,2025-07-06,3995.0,App
C00967,2025-11-27,5737.0,App
C00967,2026-03-10,3748.0,App
C00967,2026-04-05,3667.0,App
C00968,2025-04-17,2209.0,Web
C00968,2025-05-05,4144.0,Web
C00968,2025-05-29,4336.0,Web
C00968,2025-09-14,4358.0,Web
C00968,2025-09-27,3544.0,Web
C00968,2025-10-21,5928.0,Web
C00968,2025-11-03,6198.0,App
C00968,2026-01-26,4084.0,App
C00968,2026-03-13,4070.0,Web
C00968,2026-06-28,3032.0,Store
C00969,2025-05-24,5697.0,Web
C00969,2025-06-07,5840.0,App
C00969,2025-06-20,3645.0,Web
C00970,2026-06-24,9184.0,App
C00971,2026-07-10,6812.0,Web
C00971,2026-07-19,8912.0,Web
C00972,2025-04-14,8748.0,Web
C00972,2025-04-26,11248.0,App
C00972,2025-05-06,8825.0,Web
C00972,2025-06-05,10541.0,App
C00972,2025-06-10,7917.0,App
C00972,2025-06-13,8901.0,Web
C00972,2025-07-11,4907.0,Web
C00972,2025-07-25,9688.0,Web
C00972,2025-08-02,4854.0,Web
C00972,2025-09-01,9685.0,App
C00972,2025-09-10,6453.0,App
C00972,2025-09-26,8565.0,App
C00972,2025-10-11,5391.0,Web
C00972,2025-10-14,6309.0,App
C00972,2025-10-29,8559.0,App
C00972,2025-11-25,9798.0,Web
C00972,2025-12-15,11034.0,App
C00972,2026-01-15,5031.0,Web
C00972,2026-02-19,4450.0,Web
C00972,2026-02-26,5349.0,App
C00972,2026-03-19,5182.0,Web
C00972,2026-03-21,13021.0,Web
C00972,2026-04-04,12028.0,Web
C00972,2026-05-19,5309.0,App
C00972,2026-05-22,13692.0,Web
C00972,2026-07-01,11780.0,Web
C00972,2026-07-04,4254.0,Web
C00972,2026-07-25,5247.0,Web
C00972,2026-07-27,4210.0,Web
C00973,2025-07-24,7926.0,Web
C00973,2025-08-23,5611.0,Web
C00973,2025-09-06,5537.0,Web
C00973,2025-09-27,4033.0,App
C00973,2025-11-07,6408.0,Web
C00973,2026-01-16,2709.0,Web
C00973,2026-01-25,4367.0,Web
C00973,2026-03-28,5728.0,Web
C00973,2026-05-20,8107.0,Web
C00974,2025-06-09,5795.0,Web
C00974,2025-06-24,2489.0,Store
C00974,2025-07-05,6044.0,Web
C00974,2025-12-22,2099.0,Web
C00975,2026-07-09,6170.0,Store
C00975,2026-07-22,2415.0,Web
C00976,2025-06-07,1621.0,App
C00976,2025-06-23,2865.0,App
C00976,2025-08-05,3745.0,Web
C00977,2025-06-23,2873.0,Web
C00977,2025-07-02,1598.0,Web
C00977,2025-07-30,1747.0,App
C00978,2025-06-30,16464.0,App
C00978,2025-08-08,4194.0,Store
C00978,2025-08-26,8362.0,Web
C00978,2025-09-16,4930.0,Web
C00978,2025-10-04,5444.0,App
C00978,2025-10-14,5917.0,App
C00978,2025-10-28,8065.0,Web
C00978,2025-11-14,5591.0,App
C00978,2025-11-30,7138.0,App
C00978,2025-12-25,9439.0,Web
C00978,2025-12-30,10469.0,Web
C00979,2025-03-04,3819.0,App
C00979,2025-03-19,2938.0,Web
C00979,2025-03-21,2074.0,Web
C00980,2025-03-30,3665.0,Web
C00980,2025-05-09,11357.0,Web
C00980,2025-06-25,3299.0,Web
C00980,2025-07-15,1850.0,App
C00980,2025-08-17,3347.0,App
C00980,2025-09-07,4864.0,App
C00980,2025-11-05,3970.0,Web
C00980,2025-12-17,6937.0,Web
C00980,2025-12-21,6837.0,Web
C00980,2026-02-05,4064.0,Web
C00980,2026-03-12,2355.0,Web
C00980,2026-03-28,2763.0,Web
C00980,2026-04-11,4557.0,Store
C00980,2026-06-04,2469.0,Store
C00980,2026-07-31,3984.0,App
C00981,2025-07-12,4984.0,Web
C00981,2025-07-29,5637.0,Web
C00981,2026-01-02,3206.0,App
C00981,2026-03-11,2691.0,Web
C00981,2026-05-05,3748.0,Web
C00982,2025-06-10,2570.0,Web
C00982,2025-11-02,1835.0,Store
C00982,2026-03-18,8354.0,Web
C00982,2026-04-09,2594.0,App
C00982,2026-04-30,1750.0,Web
C00982,2026-06-22,8668.0,App
C00983,2025-06-27,1924.0,Store
C00983,2025-11-25,5222.0,App
C00983,2026-01-03,2748.0,Web
C00984,2025-06-28,1488.0,Web
C00984,2025-07-23,3006.0,Web
C00984,2025-09-11,1589.0,Web
C00985,2025-04-02,7117.0,App
C00985,2025-06-07,8412.0,Web
C00985,2025-06-29,3209.0,App
C00985,2025-08-14,5135.0,Web
C00985,2025-11-23,10517.0,App
C00985,2025-12-18,5547.0,Web
C00985,2025-12-26,11889.0,Web
C00985,2026-01-08,3578.0,App
C00985,2026-02-26,9471.0,Store
C00985,2026-03-17,4646.0,Store
C00985,2026-03-24,4049.0,Web
C00986,2025-06-26,2411.0,Web
C00986,2025-10-25,4990.0,Web
C00986,2025-12-05,2619.0,App
C00986,2026-02-15,2343.0,Web
C00987,2026-07-05,4326.0,App
C00987,2026-08-22,3240.0,Web
C00988,2025-03-10,2723.0,Web
C00988,2025-03-24,3158.0,Web
C00988,2025-06-08,3494.0,Web
C00988,2025-06-27,3746.0,Web
C00988,2025-07-26,3519.0,Web
C00988,2025-08-21,3686.0,Web
C00988,2025-12-19,5963.0,App
C00988,2026-01-03,4873.0,Web
C00988,2026-04-18,7518.0,App
C00989,2026-06-21,3685.0,App
C00989,2026-07-21,3060.0,Web
C00990,2025-08-29,3134.0,Web
C00990,2026-03-05,3691.0,Web
C00990,2026-03-08,3489.0,Web
C00990,2026-04-02,5252.0,App
C00990,2026-04-18,2473.0,Web
C00990,2026-06-06,3521.0,Web
C00990,2026-08-15,9509.0,Web
C00991,2025-06-24,2911.0,Web
C00991,2025-08-14,2396.0,Web
C00991,2025-09-25,1892.0,Web
C00992,2025-09-12,766.0,Web
C00992,2025-10-16,3456.0,Web
C00992,2025-12-20,4358.0,Web
C00992,2026-04-14,3009.0,App
C00992,2026-04-28,1873.0,App
C00993,2025-07-01,3450.0,App
C00993,2025-10-10,2887.0,Web
C00993,2025-12-08,1740.0,App
C00993,2026-05-02,5781.0,App
C00994,2026-06-14,3128.0,Web
C00994,2026-06-20,4160.0,App
C00995,2025-07-16,1342.0,App
C00995,2025-12-02,3762.0,Store
C00995,2026-04-25,6445.0,Web
C00996,2025-03-27,6062.0,App
C00996,2025-04-11,5269.0,Web
C00996,2025-05-07,10009.0,App
C00996,2025-05-11,11932.0,App
C00996,2025-06-05,13887.0,Web
C00996,2025-07-10,5239.0,Store
C00996,2025-08-02,5583.0,Web
C00996,2025-08-17,5426.0,Web
C00996,2025-09-29,4939.0,App
C00996,2025-12-11,4967.0,App
C00996,2026-01-07,5890.0,Web
C00996,2026-02-11,9580.0,Web
C00997,2025-03-22,1841.0,Web
C00997,2025-04-02,3837.0,Web
C00997,2025-04-26,4606.0,Web
C00998,2025-04-27,5608.0,App
C00998,2025-05-05,8630.0,Web
C00998,2025-05-16,5747.0,Web
C00998,2025-06-02,6717.0,Web
C00998,2025-07-22,13341.0,App
C00998,2025-08-07,4945.0,Web
C00998,2025-09-16,16075.0,Web
C00998,2025-09-28,9121.0,Store
C00998,2025-10-14,6392.0,Web
C00998,2025-11-16,7707.0,Web
C00998,2025-12-12,5921.0,Web
C00998,2025-12-20,6214.0,App
C00998,2026-01-10,7720.0,Web
C00998,2026-02-01,6706.0,Web
C00998,2026-02-25,5428.0,Store
C00998,2026-03-06,6964.0,Web
C00998,2026-03-11,4750.0,Web
C00998,2026-04-21,4821.0,App
C00998,2026-06-20,4804.0,Web
C00998,2026-07-14,13506.0,Web
C00998,2026-07-25,8673.0,App
C00999,2025-07-31,1804.0,Web
C00999,2025-10-21,3475.0,Web
C01000,2026-06-21,3211.0,App
C01000,2026-07-13,4311.0,Web
C01001,2025-07-16,5228.0,Web
C01001,2025-08-04,10776.0,Web
C01001,2025-08-20,5011.0,Web
C01001,2025-10-12,15217.0,Web
C01001,2025-12-03,7654.0,Web
C01001,2025-12-12,4712.0,Store
C01001,2026-02-25,5186.0,Web
C01001,2026-06-22,4062.0,Web
C01001,2026-06-28,5100.0,App
C01002,2025-04-20,2458.0,Web
C01002,2025-05-20,2104.0,App
C01002,2025-06-02,2029.0,Web
C01003,2025-04-23,4170.0,Web
C01003,2025-05-16,3139.0,Web
C01003,2025-07-05,1948.0,Web
C01003,2025-07-26,3042.0,Web
C01003,2025-08-12,4526.0,Web
C01003,2025-09-17,4350.0,App
C01003,2025-09-20,5756.0,Web
C01003,2025-10-12,6464.0,Web
C01003,2026-01-02,3856.0,App
C01003,2026-02-19,2448.0,Web
C01003,2026-03-25,5423.0,App
C01003,2026-04-26,4598.0,App
C01003,2026-07-06,4162.0,Web
C01004,2025-05-18,5835.0,Web
C01004,2025-06-18,4584.0,App
C01004,2025-09-09,3634.0,Web
C01004,2025-09-23,3798.0,Web
C01004,2025-11-07,7112.0,App
C01004,2026-01-06,6225.0,App
C01004,2026-01-15,2545.0,Web
C01004,2026-03-07,2801.0,App
C01004,2026-03-11,2864.0,App
C01004,2026-04-01,7053.0,App
C01004,2026-05-06,2309.0,Store
C01005,2025-07-22,4824.0,Store
C01005,2025-07-29,4816.0,Web
C01005,2025-08-10,2278.0,Store
C01006,2025-04-06,7238.0,Web
C01006,2025-04-19,10906.0,Store
C01006,2025-04-25,5326.0,Web
C01006,2025-06-19,5041.0,Store
C01006,2025-06-22,6193.0,Web
C01006,2025-07-08,6058.0,Web
C01006,2025-08-10,4885.0,Web
C01006,2025-09-22,7322.0,Web
C01006,2025-10-20,7456.0,Web
C01006,2025-11-24,8295.0,App
C01007,2025-05-22,3219.0,App
C01007,2025-06-09,6116.0,App
C01007,2025-07-17,3410.0,Web
C01007,2025-07-18,1990.0,Store
C01007,2025-10-20,3680.0,App
C01007,2025-12-09,3942.0,Web
C01007,2026-01-22,2964.0,Web
C01008,2026-07-12,4446.0,App
C01008,2026-08-02,3837.0,App
C01009,2025-09-29,2073.0,Web
C01009,2025-10-30,2563.0,Web
C01009,2026-01-29,2221.0,Web
C01009,2026-03-19,4213.0,Web
C01009,2026-06-24,4752.0,App
C01009,2026-06-30,3291.0,App
C01010,2025-05-10,1318.0,App
C01010,2025-05-31,5799.0,App
C01010,2025-08-09,3366.0,App
C01011,2025-04-13,2573.0,Web
C01011,2025-05-13,2824.0,Web
C01011,2025-06-16,2968.0,Store
C01012,2025-03-12,2924.0,Web
C01012,2025-04-02,2528.0,App
C01012,2025-04-28,4109.0,Web
C01013,2025-06-21,3150.0,App
C01013,2025-09-18,1902.0,Web
C01014,2025-03-05,5026.0,App
C01014,2025-04-16,3352.0,Web
C01014,2025-04-21,3427.0,Web
C01014,2025-06-13,4725.0,App
C01014,2025-08-15,1610.0,App
C01014,2025-12-04,2061.0,App
C01014,2026-03-29,2789.0,App
C01015,2026-07-21,10113.0,App
C01015,2026-08-10,2061.0,App
C01016,2025-03-25,3482.0,Store
C01016,2025-04-15,3745.0,App
C01016,2025-05-29,11375.0,Web
C01016,2025-08-12,4491.0,Store
C01016,2025-10-05,7094.0,Web
C01016,2025-11-14,5203.0,Store
C01016,2025-12-17,2857.0,App
C01016,2026-02-23,2194.0,Web
C01016,2026-04-21,3612.0,Web
C01016,2026-05-24,11660.0,App
C01017,2025-07-17,1259.0,Web
C01017,2025-08-10,2055.0,App
C01017,2025-08-28,6993.0,App
C01018,2025-04-13,1753.0,Web
C01018,2025-06-11,1232.0,App
C01018,2025-10-15,4729.0,Store
C01018,2025-12-20,2501.0,App
C01018,2026-01-07,3787.0,Web
C01019,2025-05-25,11250.0,App
C01019,2025-06-17,8272.0,Web
C01019,2025-06-22,6072.0,App
C01019,2025-07-02,3851.0,Web
C01019,2025-08-10,18118.0,App
C01019,2025-10-06,15044.0,App
C01019,2025-10-19,12469.0,Web
C01019,2025-11-05,5883.0,Web
C01019,2025-11-11,6315.0,Web
C01019,2025-11-19,8657.0,App
C01019,2025-11-21,5503.0,App
C01019,2025-11-24,5322.0,Web
C01019,2025-12-05,12537.0,Store
C01019,2026-01-03,7381.0,Web
C01019,2026-01-18,5085.0,Web
C01019,2026-02-24,10503.0,Web
C01019,2026-03-06,6155.0,App
C01019,2026-04-08,3764.0,App
C01019,2026-06-16,5058.0,App
C01019,2026-07-06,6280.0,App
C01019,2026-07-08,8127.0,Web
C01019,2026-07-10,7991.0,Web
C01019,2026-07-14,11564.0,App
C01019,2026-07-22,6926.0,Web
C01019,2026-08-18,6393.0,Web
C01020,2025-03-20,10677.0,Web
C01020,2025-03-23,10252.0,App
C01020,2025-03-25,5805.0,App
C01020,2025-04-05,7809.0,Web
C01020,2025-04-14,5048.0,Store
C01020,2025-05-28,11080.0,App
C01020,2025-06-05,4825.0,Store
C01020,2025-06-29,9016.0,Web
C01020,2025-07-08,10483.0,Web
C01020,2025-07-31,5939.0,App
C01020,2025-08-20,5481.0,App
C01020,2025-10-11,6648.0,Store
C01020,2025-10-18,5162.0,App
C01020,2025-10-25,7451.0,Web
C01021,2025-06-01,2401.0,App
C01021,2025-08-07,2486.0,Web
C01021,2025-08-15,6114.0,Web
C01021,2025-11-04,2537.0,Web
C01021,2026-03-01,4227.0,App
C01021,2026-03-23,2721.0,Web
C01022,2025-08-24,3917.0,Web
C01022,2025-10-11,3659.0,Web
C01022,2025-12-04,3776.0,Web
C01022,2025-12-15,5726.0,App
C01022,2026-03-17,4092.0,App
C01022,2026-05-16,3927.0,Web
C01023,2025-06-16,2631.0,App
C01023,2025-09-09,961.0,Web
C01023,2026-04-19,6099.0,Web
C01023,2026-04-23,3958.0,Web
C01024,2025-03-16,3068.0,App
C01024,2025-04-07,3366.0,App
C01024,2025-05-28,2963.0,Web
C01025,2025-07-13,3090.0,App
C01025,2025-09-01,1767.0,App
C01025,2025-09-15,1272.0,Web
C01026,2026-06-28,2761.0,Web
C01026,2026-07-21,4222.0,App
C01027,2025-03-04,3017.0,App
C01027,2025-03-18,2489.0,Web
C01027,2025-04-06,2446.0,App
C01027,2025-07-24,3393.0,Web
C01027,2026-01-23,1647.0,Web
C01027,2026-05-25,2135.0,Web
C01028,2025-05-25,5421.0,App
C01028,2025-06-03,8324.0,Web
C01028,2025-06-13,8588.0,App
C01028,2025-07-07,6881.0,Web
C01028,2025-07-29,6249.0,App
C01028,2025-08-25,10633.0,Web
C01028,2025-09-09,5672.0,Web
C01028,2025-09-18,6887.0,Web
C01028,2025-09-30,12762.0,Web
C01028,2025-11-05,4418.0,Web
C01028,2025-11-20,6008.0,Web
C01028,2025-11-27,10099.0,Store
C01028,2026-01-07,8486.0,Web
C01029,2025-03-19,3178.0,Web
C01029,2025-04-18,4729.0,Web
C01029,2025-08-20,5892.0,App
C01029,2025-10-14,2089.0,Web
C01029,2025-12-03,6033.0,App
C01029,2026-02-12,3111.0,Web
C01030,2025-03-22,10254.0,Web
C01030,2025-04-04,5204.0,Web
C01030,2025-04-07,12798.0,Web
C01030,2025-05-02,6179.0,Web
C01030,2025-05-11,7186.0,App
C01030,2025-05-27,3714.0,Web
C01030,2025-06-07,10428.0,Web
C01030,2025-07-04,11249.0,Web
C01030,2025-07-24,4656.0,Web
C01030,2025-08-10,10642.0,Store
C01030,2025-09-24,4418.0,Web
C01030,2025-10-06,8801.0,Web
C01030,2025-10-30,6378.0,App
C01030,2025-11-11,11261.0,App
C01031,2025-05-07,3868.0,Web
C01031,2025-07-08,2950.0,App
C01031,2025-09-05,4204.0,App
C01032,2025-05-21,2844.0,Web
C01032,2025-06-08,4070.0,Store
C01032,2025-09-12,4544.0,App
C01032,2025-10-16,679.0,Web
C01032,2025-12-26,5587.0,Web
C01032,2026-01-14,2155.0,Web
C01032,2026-02-26,2689.0,App
C01032,2026-04-15,6323.0,App
C01032,2026-07-12,6066.0,Web
C01033,2025-03-09,2866.0,Web
C01033,2025-04-06,2940.0,App
C01033,2025-05-16,2900.0,Web
C01034,2025-09-15,3900.0,Store
C01034,2025-11-28,2796.0,Web
C01034,2025-12-17,2117.0,App
C01034,2026-02-18,2678.0,Store
C01034,2026-04-07,1422.0,Web
C01034,2026-05-26,3755.0,App
C01034,2026-06-18,783.0,Web
C01035,2025-05-25,7770.0,Web
C01035,2025-07-23,6964.0,App
C01035,2025-07-26,6444.0,App
C01035,2025-08-22,4069.0,Web
C01035,2025-09-01,10632.0,Web
C01035,2025-11-09,6168.0,Web
C01035,2025-11-25,6045.0,Web
C01035,2025-12-06,5836.0,Web
C01035,2025-12-07,4413.0,Web
C01035,2026-01-10,6846.0,App
C01035,2026-02-11,8452.0,Web
C01036,2025-06-11,2334.0,Web
C01036,2025-06-28,3084.0,Web
C01036,2025-07-15,1897.0,Web
C01037,2026-07-01,4741.0,Web
C01037,2026-07-11,5206.0,Store
C01038,2025-04-29,10437.0,App
C01038,2025-06-27,8992.0,Store
C01038,2025-07-08,7513.0,Web
C01038,2025-07-26,12037.0,Web
C01038,2025-08-14,6646.0,App
C01038,2025-08-21,8120.0,Web
C01038,2025-08-31,7367.0,Store
C01038,2025-09-24,7177.0,Web
C01038,2025-10-05,8284.0,App
C01038,2025-10-15,7170.0,App
C01038,2025-10-25,8304.0,Web
C01039,2025-05-08,7981.0,Web
C01039,2025-05-28,7227.0,Web
C01039,2025-06-06,5774.0,Web
C01039,2025-06-10,7339.0,Web
C01039,2025-06-23,5708.0,Web
C01039,2025-07-23,5423.0,App
C01039,2025-08-01,7042.0,Web
C01039,2025-08-04,5769.0,Store
C01039,2025-08-30,5458.0,Web
C01039,2025-09-24,10172.0,Store
C01039,2025-10-05,6150.0,Web
C01039,2025-10-15,13448.0,Web
C01039,2025-10-29,8784.0,Web
C01039,2025-11-10,5293.0,Web
C01039,2026-01-01,10586.0,Web
C01039,2026-01-15,5489.0,App
C01039,2026-02-07,14074.0,Web
C01040,2025-03-14,3808.0,Web
C01040,2025-05-03,6671.0,Web
C01040,2025-06-01,4488.0,App
C01040,2025-06-12,5162.0,Web
C01040,2025-09-14,8590.0,Web
C01040,2025-09-24,14393.0,Web
C01040,2025-12-30,5963.0,Web
C01040,2026-04-13,5732.0,Store
C01040,2026-04-28,2874.0,Web
C01040,2026-05-08,5349.0,Store
C01040,2026-05-31,4731.0,Web
C01040,2026-07-01,6595.0,Web
C01041,2025-06-30,2576.0,Web
C01041,2025-08-09,2749.0,Web
C01041,2025-09-09,6872.0,Web
C01041,2025-09-19,8456.0,Web
C01041,2025-10-04,2995.0,Web
C01041,2025-10-15,4743.0,App
C01041,2025-11-17,2459.0,Web
C01041,2026-01-28,3123.0,App
C01041,2026-03-11,5121.0,Web
C01041,2026-04-15,3751.0,Web
C01041,2026-05-17,2145.0,App
C01041,2026-07-16,9180.0,Web
C01042,2025-05-04,4236.0,Web
C01042,2025-05-25,2581.0,Web
C01042,2025-06-03,4049.0,App
C01043,2025-05-26,4069.0,App
C01043,2025-07-12,3869.0,App
C01043,2025-08-04,4166.0,Web
C01044,2025-03-29,1297.0,App
C01044,2025-04-17,2243.0,App
C01044,2025-05-01,2823.0,Web
C01045,2025-03-10,10899.0,Web
C01045,2025-03-19,6050.0,Web
C01045,2025-04-13,9067.0,Web
C01045,2025-07-12,5415.0,Web
C01045,2025-08-02,7031.0,Web
C01045,2025-08-13,5064.0,Web
C01045,2025-09-12,12469.0,App
C01045,2025-09-18,5900.0,Web
C01045,2025-09-28,4378.0,Web
C01045,2025-10-14,4259.0,App
C01045,2025-10-31,7303.0,App
C01045,2025-11-28,6410.0,Store
C01045,2026-01-07,9443.0,App
C01045,2026-02-03,6930.0,App
C01045,2026-03-16,11317.0,Web
C01045,2026-04-27,6575.0,Web
C01045,2026-05-15,10777.0,Web
C01045,2026-05-28,5391.0,Store
C01045,2026-06-20,4446.0,Web
C01045,2026-06-23,5641.0,App
C01045,2026-07-21,5069.0,Web
C01045,2026-08-15,4874.0,App
C01045,2026-08-21,8697.0,Web
C01046,2026-07-27,7285.0,Web
C01046,2026-08-23,3066.0,App
C01047,2025-04-26,3006.0,App
C01047,2025-06-17,6533.0,App
C01047,2025-07-22,3696.0,Web
C01047,2025-08-14,5421.0,Web
C01047,2025-09-09,5470.0,App
C01047,2025-10-25,1813.0,App
C01047,2025-12-06,2603.0,App
C01047,2026-03-29,8706.0,Web
C01047,2026-05-06,4173.0,Web
C01047,2026-06-15,10279.0,Web
C01047,2026-07-20,7795.0,App
C01048,2025-05-08,3516.0,Web
C01048,2025-12-02,2424.0,App
C01048,2025-12-24,2256.0,Web
C01048,2026-02-04,1637.0,Web
C01049,2025-06-19,4546.0,App
C01049,2025-07-18,5022.0,App
C01049,2025-10-31,3065.0,App
C01049,2025-11-17,2692.0,App
C01049,2026-04-01,2038.0,Web
C01050,2026-07-11,3479.0,Store
C01050,2026-07-19,4189.0,Web
C01051,2025-04-10,2727.0,Web
C01051,2025-06-12,1937.0,Web
C01051,2025-06-25,4897.0,App
C01052,2025-06-07,8274.0,Web
C01052,2025-08-13,7747.0,Web
C01052,2025-09-20,6706.0,App
C01052,2026-01-14,2328.0,Web
C01052,2026-02-22,2790.0,Web
C01052,2026-03-03,7226.0,Web
C01052,2026-03-17,5241.0,App
C01052,2026-06-25,3382.0,Web
C01052,2026-07-06,4021.0,App
C01053,2026-07-11,5863.0,App
C01053,2026-07-16,3803.0,Web
C01054,2025-03-04,4915.0,Web
C01054,2025-04-09,3986.0,Web
C01054,2025-05-01,1901.0,App
C01054,2025-05-22,3783.0,Web
C01054,2025-07-21,4473.0,App
C01054,2025-08-28,4065.0,Store
C01054,2025-09-15,4180.0,App
C01054,2025-10-15,5920.0,Web
C01054,2025-11-01,3093.0,Web
C01054,2025-12-31,5147.0,App
C01054,2026-01-29,4416.0,Web
C01054,2026-03-07,3243.0,Web
C01054,2026-03-24,9017.0,Store
C01054,2026-04-27,6225.0,App
C01054,2026-06-12,3370.0,Web
C01054,2026-06-26,5677.0,App
C01055,2026-06-30,3895.0,Web
C01055,2026-07-09,6216.0,App
C01056,2025-03-06,3510.0,App
C01056,2025-05-17,3973.0,App
C01056,2025-06-16,3187.0,App
C01057,2025-08-17,1425.0,App
C01057,2025-10-24,2220.0,Web
C01057,2025-11-27,4252.0,App
C01057,2025-12-19,3374.0,App
C01057,2026-04-29,2257.0,Web
C01057,2026-05-20,4412.0,App
C01058,2026-07-03,4734.0,Web
C01058,2026-07-26,2817.0,Web
C01059,2025-05-29,2735.0,App
C01059,2025-07-13,2204.0,App
C01059,2025-07-20,2200.0,App
C01060,2025-03-21,1906.0,Web
C01060,2025-06-08,5275.0,App
C01060,2025-11-09,2863.0,Web
C01060,2025-12-02,2766.0,Web
C01060,2026-02-10,5855.0,App
C01061,2025-04-05,2585.0,Store
C01061,2025-05-09,4440.0,Web
C01061,2025-08-29,3893.0,Web
C01061,2026-01-05,3350.0,Web
C01062,2025-05-05,1539.0,Web
C01062,2025-06-03,2461.0,Web
C01062,2025-07-12,3216.0,Web
C01063,2026-06-22,3889.0,Web
C01063,2026-06-29,3256.0,Web
C01064,2025-07-03,2232.0,Web
C01064,2025-07-15,2108.0,Web
C01064,2025-09-27,2346.0,Store
C01065,2026-06-12,3004.0,Web
C01065,2026-06-18,3672.0,App
C01066,2025-03-01,1568.0,App
C01066,2025-03-16,4785.0,App
C01066,2025-06-11,5075.0,Web
C01066,2025-07-10,3369.0,App
C01066,2025-08-31,3894.0,Web
C01066,2026-01-17,2731.0,App
C01067,2025-04-20,4481.0,Store
C01067,2025-05-16,6702.0,Web
C01067,2025-06-22,6925.0,Store
C01067,2025-10-09,9433.0,App
C01067,2025-12-17,16561.0,App
C01067,2025-12-24,5895.0,App
C01068,2025-06-05,1594.0,Web
C01068,2025-06-28,1381.0,Web
C01068,2025-07-23,3859.0,App
C01069,2025-04-22,8783.0,Web
C01069,2025-05-07,6179.0,Web
C01069,2025-06-02,5229.0,Web
C01069,2025-06-16,9187.0,Web
C01069,2025-06-22,5851.0,Web
C01069,2025-07-09,8092.0,Web
C01069,2025-09-01,9370.0,Web
C01069,2025-09-10,14666.0,Web
C01069,2025-09-17,4838.0,Web
C01069,2025-09-27,7133.0,Web
C01069,2025-10-04,7237.0,Web
C01069,2025-10-12,7527.0,Web
C01069,2025-10-17,18491.0,App
C01069,2025-11-16,7082.0,App
C01069,2025-12-11,3114.0,App
C01069,2025-12-22,7020.0,Store
C01069,2025-12-31,7219.0,App
C01069,2026-01-20,6916.0,App
C01069,2026-02-06,5851.0,Web
C01069,2026-02-22,4739.0,App
C01069,2026-03-31,16023.0,Web
C01069,2026-04-22,8411.0,App
C01069,2026-08-13,7035.0,Web
C01069,2026-08-23,15845.0,Store
C01070,2025-04-27,5336.0,Web
C01070,2025-05-06,3334.0,Web
C01070,2025-06-11,2870.0,Store
C01070,2025-06-26,7365.0,Web
C01070,2025-07-23,4752.0,Web
C01070,2025-08-19,3497.0,Web
C01070,2025-09-06,8779.0,Web
C01070,2025-10-26,12115.0,App
C01070,2025-11-02,6825.0,Web
C01070,2025-11-18,7749.0,App
C01070,2025-11-21,7772.0,Web
C01070,2025-12-10,3139.0,App
C01070,2026-01-13,9628.0,App
C01070,2026-01-18,10887.0,Web
C01071,2025-08-12,3121.0,App
C01071,2025-09-23,3295.0,App
C01071,2026-01-01,2215.0,App
C01071,2026-04-06,1598.0,Web
C01071,2026-05-16,4086.0,Web
C01072,2025-06-23,2938.0,Web
C01072,2025-08-21,1915.0,App
C01072,2025-09-01,1787.0,Web
C01073,2025-06-22,7514.0,Web
C01073,2025-08-02,14648.0,App
C01073,2025-09-09,5841.0,App
C01073,2025-10-18,7675.0,App
C01073,2025-10-31,5740.0,Store
C01073,2025-12-04,4495.0,App
C01073,2025-12-11,10680.0,Web
C01073,2025-12-17,6340.0,App
C01073,2025-12-30,8997.0,App
C01074,2025-03-23,4271.0,Web
C01074,2025-04-18,6692.0,Web
C01074,2025-06-01,4968.0,App
C01074,2025-07-23,3473.0,Web
C01074,2026-02-05,2538.0,Web
C01075,2025-06-14,1762.0,App
C01075,2025-07-10,3377.0,App
C01075,2025-09-01,3371.0,Web
C01075,2026-01-08,2031.0,App
C01075,2026-02-10,3823.0,Web
C01075,2026-05-30,5090.0,Web
C01075,2026-07-15,1989.0,Web
C01076,2026-06-10,3830.0,Web
C01076,2026-06-28,7429.0,App
C01077,2025-06-16,3431.0,Web
C01077,2025-07-09,2194.0,Web
C01077,2025-07-25,2460.0,Web
C01078,2025-03-25,4782.0,App
C01078,2025-05-01,1395.0,App
C01078,2025-05-12,2300.0,Store
C01079,2025-04-15,2717.0,Web
C01079,2025-05-12,3317.0,App
C01079,2025-06-17,1963.0,App
C01080,2026-06-15,4317.0,Web
C01080,2026-06-24,5352.0,Web
C01081,2026-07-27,7049.0,Store
C01081,2026-08-08,1796.0,App
C01082,2025-05-02,3874.0,App
C01082,2025-07-18,2120.0,Web
C01082,2025-08-13,3057.0,Web
C01082,2025-10-17,2902.0,Web
C01082,2026-01-14,7039.0,Store
C01082,2026-04-05,4379.0,Web
C01082,2026-06-09,4347.0,Web
C01082,2026-07-31,4785.0,App
C01083,2025-08-23,2610.0,App
C01083,2025-09-09,2791.0,Web
C01083,2025-12-14,4217.0,Web
C01083,2026-06-14,19907.0,App
C01084,2025-09-13,2587.0,Web
C01084,2025-11-07,2299.0,Store
C01084,2026-02-04,2822.0,Web
C01084,2026-04-01,6310.0,App
C01085,2025-05-10,1614.0,Web
C01085,2025-06-20,1781.0,Web
C01085,2025-08-16,4562.0,Web
C01085,2025-10-09,1495.0,Web
C01085,2026-03-24,3585.0,Web
C01085,2026-06-09,2608.0,Web
C01086,2025-08-21,2568.0,Web
C01086,2025-11-26,3837.0,Web
C01086,2026-01-05,5854.0,App
C01086,2026-05-06,4191.0,App
C01087,2025-05-01,2612.0,Web
C01087,2025-08-29,3030.0,App
C01087,2025-10-12,4302.0,Store
C01087,2025-12-12,9096.0,App
C01088,2025-06-03,5737.0,App
C01088,2025-08-22,1087.0,Web
C01088,2025-11-17,3300.0,Web
C01088,2026-01-19,3320.0,Web
C01088,2026-03-17,8119.0,Web
C01089,2025-03-19,3992.0,Web
C01089,2025-05-08,3362.0,Web
C01089,2025-05-31,2082.0,App
C01090,2025-03-24,2692.0,App
C01090,2025-05-10,2526.0,App
C01090,2025-07-23,2363.0,Web
C01091,2026-06-13,3610.0,Web
C01091,2026-08-05,2025.0,Store
C01092,2025-08-06,4340.0,App
C01092,2025-08-14,2167.0,Store
C01092,2025-08-21,2748.0,Web
C01093,2026-07-23,5313.0,App
C01094,2026-06-17,2626.0,Web
C01094,2026-07-27,6343.0,Web
C01095,2025-04-09,1791.0,App
C01095,2025-04-16,2718.0,App
C01095,2025-05-15,1609.0,Web
C01096,2025-04-11,7573.0,App
C01096,2025-04-21,5906.0,App
C01096,2025-05-06,4220.0,Web
C01096,2025-05-17,12064.0,Web
C01096,2025-06-19,5624.0,App
C01096,2025-07-30,6739.0,Store
C01096,2025-10-14,14913.0,App
C01096,2025-11-21,5678.0,App
C01096,2025-12-17,6406.0,Web
C01096,2026-01-19,7652.0,App
C01096,2026-01-30,4021.0,App
C01097,2026-07-09,5460.0,Store
C01098,2025-08-07,3275.0,Web
C01098,2025-09-02,2349.0,Web
C01098,2025-12-20,5075.0,Web
C01098,2026-03-06,2686.0,Web
C01099,2025-07-19,1853.0,Web
C01099,2025-08-16,5886.0,Web
C01099,2025-12-08,7557.0,Web
C01099,2026-01-24,2304.0,Web
C01099,2026-03-11,4505.0,Web
C01100,2025-03-20,5232.0,Web
C01100,2025-04-14,5606.0,Web
C01100,2025-05-05,7766.0,Web
C01100,2025-07-23,3819.0,App
C01100,2025-10-01,5565.0,Web
C01100,2025-10-31,3382.0,App
C01100,2025-12-01,5813.0,App
C01100,2026-01-26,5104.0,App
C01100,2026-03-22,3586.0,App
C01100,2026-04-24,4792.0,Web
C01100,2026-05-28,3676.0,App
C01100,2026-07-26,3968.0,App
C01100,2026-08-02,5319.0,Web
C01101,2025-06-07,10021.0,Web
C01101,2025-06-29,5153.0,Web
C01101,2025-07-10,7745.0,Web
C01101,2025-08-01,7528.0,App
C01101,2025-08-05,5577.0,Web
C01101,2025-09-09,9603.0,App
C01101,2025-09-25,5734.0,Store
C01101,2025-09-27,4790.0,Web
C01101,2025-10-11,4267.0,App
C01101,2025-11-02,13701.0,App
C01101,2025-12-02,6294.0,App
C01101,2025-12-14,6340.0,Web
C01101,2025-12-16,5246.0,Web
C01101,2025-12-22,12146.0,Store
C01101,2026-01-08,4642.0,App
C01101,2026-01-25,4937.0,App
C01101,2026-02-22,6723.0,Web
C01101,2026-03-26,7468.0,Web
C01101,2026-04-02,9476.0,Web
C01101,2026-04-12,5940.0,App
C01101,2026-04-24,12919.0,App
C01101,2026-06-03,5954.0,Web
C01101,2026-06-11,5287.0,Web
C01101,2026-06-22,5113.0,Web
C01101,2026-07-14,5739.0,Web
C01101,2026-07-31,4999.0,Web
C01101,2026-08-09,9787.0,Web
C01101,2026-08-18,5301.0,App
C01101,2026-08-25,7183.0,Web
C01102,2026-07-26,2910.0,Web
C01102,2026-08-04,2584.0,Web
C01103,2025-07-24,4567.0,Web
C01103,2025-09-30,2454.0,App
C01103,2025-10-28,1746.0,App
C01103,2025-11-04,6394.0,App
C01103,2025-11-16,8360.0,Store
C01104,2025-04-19,990.0,Web
C01104,2025-05-29,4853.0,Web
C01104,2025-07-26,4053.0,App
C01104,2025-11-13,2473.0,Web
C01104,2026-04-08,951.0,Web
C01105,2025-03-21,3475.0,Web
C01105,2025-05-19,4407.0,App
C01105,2025-05-25,9474.0,Web
C01105,2025-07-09,5977.0,App
C01105,2025-09-10,10519.0,App
C01105,2025-12-04,2993.0,Web
C01105,2026-01-07,3962.0,Web
C01105,2026-04-04,5450.0,App
C01105,2026-06-21,6211.0,Web
C01106,2025-07-22,1681.0,Web
C01106,2025-11-17,2695.0,Web
C01106,2026-01-25,8043.0,Store
C01106,2026-04-07,2264.0,App
C01106,2026-04-26,2244.0,Web
C01106,2026-07-01,2799.0,Web
C01107,2025-06-06,5055.0,App
C01107,2025-09-15,7887.0,Web
C01107,2025-10-10,6027.0,App
C01107,2025-10-28,3597.0,Web
C01107,2026-01-19,5151.0,App
C01107,2026-03-01,2798.0,App
C01107,2026-03-10,4874.0,Web
C01107,2026-03-21,4050.0,Web
C01107,2026-04-11,3046.0,Web
C01107,2026-06-06,5923.0,Web
C01107,2026-06-16,2093.0,Store
C01108,2025-06-21,14089.0,Web
C01108,2025-07-18,7087.0,Web
C01108,2025-09-07,11311.0,App
C01108,2025-10-14,9928.0,Web
C01108,2025-10-27,12031.0,App
C01108,2025-11-28,14068.0,App
C01108,2025-12-11,3808.0,Web
C01108,2025-12-29,7740.0,Web
C01108,2026-01-09,6784.0,Web
C01108,2026-01-20,7335.0,Web
C01109,2025-09-16,4356.0,Web
C01109,2025-10-07,2867.0,Store
C01109,2026-02-23,3888.0,App
C01110,2025-05-05,5260.0,App
C01110,2025-06-04,4702.0,Web
C01110,2025-06-13,7048.0,Web
C01110,2025-08-05,6036.0,Web
C01110,2025-10-30,4293.0,Web
C01110,2025-11-19,5951.0,App
C01110,2026-01-18,2487.0,Web
C01110,2026-02-20,7063.0,Web
C01110,2026-03-13,4657.0,App
C01110,2026-03-17,2855.0,App
C01110,2026-05-11,3907.0,Web
C01110,2026-06-27,6990.0,Web
C01110,2026-07-10,3395.0,Web
C01110,2026-08-06,5439.0,Store
C01111,2025-04-01,4873.0,App
C01111,2025-05-26,3105.0,Web
C01111,2025-06-17,4431.0,Web
C01111,2025-06-22,6156.0,Web
C01111,2025-08-31,7245.0,App
C01111,2025-09-08,3961.0,Web
C01111,2025-10-17,2851.0,App
C01111,2025-10-27,4753.0,App
C01111,2025-12-11,3282.0,Web
C01111,2025-12-23,3663.0,App
C01111,2025-12-30,6038.0,App
C01111,2026-01-26,5605.0,App
C01111,2026-01-29,6444.0,Web
C01111,2026-02-27,4033.0,Web
C01111,2026-04-23,6910.0,Web
C01112,2025-04-06,5838.0,Web
C01112,2025-05-13,16494.0,Web
C01112,2025-05-29,7838.0,App
C01112,2025-06-12,5738.0,App
C01112,2025-07-21,9583.0,Store
C01112,2025-08-23,10889.0,Web
C01112,2025-10-08,5380.0,App
C01112,2025-11-12,4294.0,Web
C01112,2025-11-17,4602.0,Web
C01112,2025-11-19,5580.0,Web
C01112,2025-11-25,6922.0,App
C01112,2025-12-23,3989.0,Web
C01113,2025-07-08,2251.0,App
C01113,2025-08-13,2757.0,Web
C01114,2025-07-26,3515.0,Web
C01114,2025-09-27,2688.0,Web
C01114,2025-12-26,5065.0,Web
C01114,2026-01-27,3909.0,Store
C01115,2025-05-02,3311.0,Web
C01115,2025-08-09,4107.0,Web
C01115,2025-08-22,4104.0,Web
C01115,2026-03-17,1983.0,App
C01116,2025-05-02,4645.0,Store
C01116,2025-05-07,5716.0,Web
C01116,2025-06-13,9644.0,Web
C01116,2025-07-04,13457.0,Web
C01116,2025-09-09,5555.0,App
C01116,2025-11-07,4416.0,App
C01116,2025-11-16,5506.0,Web
C01116,2025-11-24,4206.0,App
C01116,2026-03-18,2446.0,Store
C01116,2026-03-20,4530.0,Web
C01116,2026-04-08,7116.0,App
C01116,2026-04-19,2569.0,Web
C01116,2026-07-03,3113.0,Web
C01116,2026-08-01,3657.0,Web
C01117,2025-05-05,6223.0,Web
C01117,2025-05-16,5020.0,App
C01117,2025-06-29,7995.0,App
C01117,2025-08-30,7360.0,Web
C01117,2025-09-11,4266.0,Web
C01117,2025-10-07,7151.0,Web
C01117,2025-11-10,4073.0,App
C01117,2026-01-06,3802.0,Store
C01117,2026-03-06,2851.0,Web
C01117,2026-03-12,7801.0,Store
C01117,2026-07-03,4094.0,Web
C01117,2026-08-19,1752.0,Store
C01118,2025-09-22,5155.0,App
C01118,2026-01-20,1926.0,Store
C01118,2026-03-26,3855.0,Web
C01118,2026-04-24,3162.0,App
C01119,2026-06-14,3009.0,Web
C01119,2026-07-08,3937.0,App
C01120,2025-05-10,1708.0,App
C01120,2025-06-22,3001.0,App
C01120,2025-07-16,5053.0,Web
C01120,2025-11-21,4002.0,App
C01120,2025-12-19,3436.0,Web
C01120,2026-02-20,1512.0,Web
C01120,2026-05-07,2397.0,Web
C01120,2026-06-04,3263.0,Web
C01120,2026-07-30,1665.0,Store
C01121,2025-07-11,2320.0,Store
C01121,2025-08-12,4025.0,Store
C01122,2025-03-18,2965.0,Web
C01122,2025-03-26,5502.0,App
C01122,2025-04-14,3800.0,Web
C01122,2025-07-02,7116.0,Web
C01122,2025-07-23,6573.0,App
C01122,2025-09-08,4612.0,Web
C01122,2025-09-29,8596.0,Store
C01122,2025-10-10,4282.0,App
C01122,2025-11-06,6567.0,App
C01122,2025-12-26,3452.0,Web
C01122,2026-03-04,5427.0,Web
C01122,2026-04-03,3179.0,Web
C01122,2026-05-20,4652.0,Store
C01122,2026-06-24,4522.0,Web
C01122,2026-07-31,6559.0,Web
C01122,2026-08-15,3529.0,App
C01123,2025-06-28,3683.0,Web
C01123,2025-09-14,7965.0,Web
C01123,2025-11-17,5276.0,Web
C01123,2026-02-11,3700.0,Web
C01123,2026-04-18,2300.0,Store
C01123,2026-04-29,2469.0,Web
C01124,2025-05-06,2721.0,Web
C01124,2025-09-04,5340.0,App
C01124,2025-09-05,3322.0,App
C01124,2025-09-10,4252.0,Web
C01124,2025-09-21,3770.0,Store
C01124,2025-11-18,3247.0,Web
C01124,2026-02-02,2869.0,App
C01124,2026-03-09,6348.0,App
C01124,2026-04-29,5256.0,App
C01124,2026-05-16,5123.0,Web
C01124,2026-05-30,3990.0,Web
C01124,2026-06-06,4711.0,App
C01124,2026-07-27,3438.0,App
C01125,2025-06-17,9097.0,App
C01125,2025-06-28,6962.0,App
C01125,2025-07-05,5003.0,Web
C01125,2025-07-19,12018.0,Web
C01125,2025-07-26,6916.0,Web
C01125,2025-09-15,6373.0,Store
C01125,2025-10-02,8567.0,App
C01125,2025-10-31,6031.0,Web
C01125,2025-11-22,5420.0,Web
C01125,2025-11-30,5605.0,Store
C01125,2025-12-09,5600.0,Web
C01126,2025-07-03,2075.0,Web
C01126,2025-07-28,2920.0,App
C01126,2025-08-23,4270.0,Web
C01127,2025-03-15,3087.0,Web
C01127,2025-03-31,1693.0,App
C01127,2025-05-02,3806.0,App
C01128,2025-03-08,2206.0,Store
C01128,2025-05-11,1365.0,Web
C01128,2025-06-13,2748.0,Web
C01129,2025-08-01,2667.0,App
C01129,2025-08-17,3798.0,App
C01129,2025-09-22,3584.0,Web
C01130,2025-05-13,1740.0,App
C01130,2025-07-08,1554.0,App
C01130,2025-08-20,1135.0,App
C01130,2026-03-09,5603.0,Web
C01130,2026-04-24,5047.0,App
C01130,2026-08-02,2771.0,Store
C01131,2025-08-02,6731.0,Store
C01131,2025-08-04,3356.0,Web
C01131,2025-08-23,2717.0,App
C01131,2025-09-18,3565.0,App
C01131,2025-11-15,2421.0,App
C01131,2026-02-14,2919.0,App
C01131,2026-03-22,1901.0,Web
C01132,2025-07-12,7516.0,Web
C01132,2025-08-09,2812.0,App
C01132,2025-09-04,3118.0,Web
C01133,2025-06-22,5719.0,Web
C01133,2025-07-23,3238.0,Web
C01133,2025-08-11,4081.0,Web
C01133,2025-11-06,14762.0,Web
C01133,2025-11-11,10816.0,Web
C01133,2025-11-27,6338.0,Web
C01133,2025-12-14,3541.0,Web
C01133,2026-02-17,3457.0,Store
C01133,2026-05-17,6146.0,Web
C01133,2026-05-25,8400.0,App
C01133,2026-06-21,3761.0,Web
C01133,2026-08-23,3845.0,Web
C01134,2025-03-20,9843.0,Web
C01134,2025-05-03,1745.0,Web
C01134,2025-06-26,1440.0,Web
C01134,2025-07-16,7974.0,Store
C01134,2025-11-30,3090.0,App
C01134,2025-12-17,2575.0,App
C01134,2026-02-09,3443.0,Web
C01134,2026-03-16,1688.0,Store
C01135,2025-07-04,6580.0,Store
C01135,2025-08-07,3297.0,Web
C01135,2025-08-25,2977.0,Web
C01135,2025-09-24,5822.0,App
C01135,2025-10-17,5804.0,Web
C01135,2026-02-01,4172.0,Web
C01135,2026-02-07,4705.0,Store
C01136,2026-06-27,2994.0,App
C01136,2026-07-21,2645.0,App
C01137,2025-06-26,3850.0,Web
C01137,2025-08-13,2961.0,Web
C01138,2025-05-15,6245.0,App
C01138,2025-07-02,6555.0,App
C01138,2025-07-24,7683.0,App
C01138,2025-09-14,6176.0,App
C01138,2025-10-09,10239.0,Web
C01138,2025-10-24,7027.0,Web
C01138,2025-10-30,7704.0,Store
C01138,2025-11-18,5301.0,Web
C01139,2025-07-15,4390.0,Web
C01139,2025-09-29,2353.0,Web
C01139,2025-11-01,6670.0,Web
C01139,2025-11-05,3403.0,Web
C01139,2025-11-17,4908.0,Store
C01139,2025-11-23,4334.0,Web
C01139,2025-12-15,2450.0,Web
C01139,2026-06-02,4209.0,App
C01139,2026-06-15,2844.0,Store
C01139,2026-08-07,3556.0,App
C01140,2025-07-01,3075.0,App
C01140,2025-08-17,2162.0,Web
C01140,2025-08-21,2414.0,App
C01141,2025-06-12,9202.0,Web
C01141,2025-08-06,9069.0,App
C01141,2025-08-26,5540.0,Web
C01141,2025-09-09,4542.0,Web
C01141,2025-10-05,4965.0,Store
C01142,2025-09-16,3150.0,App
C01142,2025-12-01,9294.0,Web
C01142,2025-12-31,1996.0,Web
C01142,2026-03-05,1985.0,Web
C01142,2026-03-22,2761.0,Store
C01142,2026-03-29,2702.0,Web
C01143,2025-05-01,2560.0,Web
C01143,2025-07-02,1745.0,App
C01143,2025-10-06,5017.0,Store
C01143,2025-11-07,5524.0,Web
C01143,2026-02-02,7513.0,App
C01144,2025-08-24,3602.0,App
C01144,2025-11-06,3535.0,Web
C01144,2026-01-18,3460.0,Web
C01144,2026-04-03,5259.0,Store
C01144,2026-08-17,1522.0,App
C01145,2025-05-15,5548.0,App
C01145,2025-05-25,6056.0,Store
C01145,2025-06-29,3627.0,Web
C01145,2025-07-24,7964.0,Web
C01145,2025-08-16,7344.0,App
C01145,2025-08-18,4176.0,Web
C01145,2025-08-31,8887.0,Web
C01145,2025-09-22,11747.0,App
C01145,2025-09-29,5591.0,Web
C01145,2025-10-03,5360.0,App
C01145,2025-10-10,10416.0,Web
C01145,2025-11-06,8124.0,App
C01145,2025-11-09,6727.0,App
C01145,2025-11-16,9382.0,Web
C01145,2025-12-06,7765.0,App
C01145,2026-01-03,11630.0,Web
C01145,2026-01-18,7013.0,Web
C01145,2026-01-26,8190.0,App
C01145,2026-02-08,10360.0,App
C01146,2026-07-22,2819.0,Web
C01147,2025-06-01,2899.0,App
C01147,2025-06-22,1009.0,Web
C01147,2026-01-11,2575.0,App
C01147,2026-02-07,5536.0,App
C01148,2025-03-28,1463.0,Web
C01148,2026-02-23,2210.0,Web
C01149,2025-05-27,2762.0,Web
C01149,2025-06-22,1365.0,Web
C01149,2025-07-26,3387.0,Web
C01150,2025-03-13,3334.0,Store
C01150,2025-05-18,2980.0,Web
C01150,2025-07-24,5925.0,Store
C01150,2025-09-23,4554.0,Web
C01150,2026-01-12,2719.0,Store
C01150,2026-02-26,2635.0,Web
C01151,2025-04-13,2724.0,Store
C01151,2025-05-06,2963.0,Web
C01151,2025-05-29,4096.0,App
C01151,2025-07-07,6257.0,App
C01151,2025-08-09,4169.0,Store
C01151,2025-09-03,4042.0,Web
C01151,2025-10-13,5410.0,Web
C01151,2025-10-15,4667.0,Web
C01151,2025-11-13,3870.0,App
C01151,2025-12-17,3092.0,Web
C01151,2025-12-24,6741.0,Web
C01151,2026-01-07,7019.0,App
C01151,2026-01-22,3023.0,App
C01151,2026-02-23,3929.0,Web
C01151,2026-03-22,6027.0,Web
C01151,2026-04-19,2928.0,Web
C01151,2026-04-26,5342.0,Web
C01151,2026-07-04,4051.0,Web
C01152,2025-06-04,1764.0,App
C01152,2025-11-22,4022.0,Web
C01152,2026-03-12,2320.0,App
C01152,2026-04-07,3005.0,Store
C01153,2025-05-20,3814.0,App
C01153,2025-06-11,4775.0,Web
C01153,2025-08-08,6007.0,Web
C01153,2025-08-22,4844.0,App
C01153,2025-09-02,5318.0,Web
C01153,2025-12-23,4283.0,Web
C01153,2026-01-07,5387.0,Web
C01153,2026-03-16,3447.0,Web
C01153,2026-05-02,10191.0,Web
C01153,2026-05-20,1773.0,Web
C01153,2026-06-07,5800.0,App
C01153,2026-07-03,5245.0,App
C01154,2025-04-30,2224.0,Store
C01154,2025-06-19,4105.0,Web
C01154,2025-07-23,12629.0,Store
C01154,2025-11-09,4058.0,Web
C01154,2026-01-02,7030.0,Web
C01154,2026-02-08,3063.0,App
C01154,2026-06-20,3313.0,Web
C01154,2026-07-24,4471.0,App
C01155,2025-03-18,2063.0,Store
C01155,2025-04-25,3074.0,App
C01155,2025-05-01,2271.0,App
C01156,2025-04-15,4416.0,App
C01156,2025-07-01,4695.0,Web
C01156,2025-07-07,3191.0,Web
C01156,2025-08-30,5772.0,App
C01156,2025-09-11,4337.0,Web
C01156,2025-12-12,4910.0,Web
C01156,2026-02-04,7533.0,Web
C01156,2026-03-07,3890.0,App
C01156,2026-04-01,6485.0,Web
C01156,2026-05-16,8220.0,App
C01156,2026-07-31,8021.0,App
C01157,2025-04-02,8587.0,App
C01157,2025-05-15,2760.0,Web
C01157,2025-05-27,5255.0,Web
C01157,2025-06-30,4430.0,Web
C01157,2025-07-30,4092.0,Web
C01157,2025-09-12,6250.0,Store
C01157,2025-12-22,7753.0,Store
C01157,2026-01-05,3643.0,Web
C01157,2026-01-31,9063.0,Web
C01157,2026-03-03,2603.0,Web
C01157,2026-05-29,5845.0,App
C01157,2026-07-05,3232.0,App
C01158,2025-05-01,4423.0,Store
C01158,2025-05-24,15807.0,Web
C01158,2025-06-19,4380.0,Web
C01158,2025-06-27,5675.0,App
C01158,2025-07-09,6078.0,Web
C01158,2025-08-11,6415.0,Web
C01158,2025-08-12,9610.0,Web
C01158,2025-08-24,7679.0,Store
C01158,2025-08-28,10694.0,App
C01158,2025-09-04,8571.0,App
C01158,2025-10-03,4190.0,Web
C01158,2025-10-17,9122.0,Web
C01158,2025-10-23,8166.0,App
C01158,2025-11-14,6047.0,Web
C01158,2025-11-23,15549.0,Web
C01158,2025-12-06,9310.0,Web
C01158,2025-12-24,10462.0,Store
C01158,2026-01-31,10591.0,App
C01158,2026-02-18,6496.0,Web
C01158,2026-03-01,9392.0,Store
C01158,2026-03-22,8405.0,Web
C01158,2026-04-13,6192.0,App
C01158,2026-04-23,4907.0,Web
C01158,2026-05-07,7589.0,Store
C01158,2026-05-22,9241.0,Web
C01158,2026-06-24,7568.0,Store
C01158,2026-06-25,7060.0,App
C01158,2026-07-15,7597.0,Web
C01158,2026-08-12,6806.0,Web
C01159,2025-06-23,6298.0,Store
C01159,2025-07-06,7151.0,App
C01159,2025-07-14,8746.0,Web
C01159,2025-08-11,6985.0,Web
C01159,2025-08-30,14602.0,App
C01159,2025-09-07,8174.0,App
C01159,2025-10-04,9271.0,Web
C01159,2025-10-30,6964.0,Web
C01160,2025-07-19,2828.0,App
C01160,2025-11-25,3737.0,Web
C01160,2026-01-24,2912.0,App
C01160,2026-04-11,8113.0,App
C01161,2025-05-24,5081.0,App
C01161,2025-06-10,6021.0,Web
C01161,2025-06-22,5397.0,App
C01161,2025-07-08,11531.0,Web
C01161,2025-08-10,4211.0,Web
C01161,2025-09-18,12979.0,Web
C01161,2025-10-05,6827.0,App
C01161,2025-10-28,4673.0,App
C01161,2025-11-17,3607.0,App
C01161,2025-11-29,6979.0,Web
C01161,2026-01-25,5886.0,Web
C01161,2026-02-12,8174.0,App
C01161,2026-03-15,6427.0,Web
C01161,2026-03-23,10514.0,App
C01161,2026-03-28,7159.0,Web
C01161,2026-04-22,6487.0,Web
C01161,2026-04-28,10579.0,App
C01161,2026-05-17,8150.0,Web
C01161,2026-06-23,9868.0,App
C01161,2026-07-03,11248.0,App
C01161,2026-07-19,6789.0,Web
C01162,2025-04-05,4106.0,App
C01162,2025-04-10,3401.0,Web
C01162,2025-08-03,3316.0,Store
C01163,2025-09-03,5685.0,Web
C01163,2025-11-17,9376.0,App
C01163,2026-01-12,2773.0,Web
C01163,2026-05-08,6436.0,App
C01163,2026-06-08,2091.0,App
C01164,2025-03-16,6593.0,App
C01164,2025-04-28,5238.0,App
C01164,2025-05-12,4999.0,Web
C01164,2025-06-08,7859.0,Web
C01164,2025-07-07,3310.0,Web
C01164,2025-08-24,5061.0,Store
C01164,2025-09-02,4666.0,Web
C01164,2025-10-19,2526.0,App
C01164,2025-12-09,7557.0,App
C01164,2026-03-07,6430.0,Store
C01164,2026-03-12,4679.0,App
C01164,2026-05-16,4157.0,Web
C01164,2026-06-16,4616.0,App
C01165,2025-08-06,2747.0,Store
C01165,2025-09-16,10387.0,App
C01165,2025-12-02,6011.0,App
C01165,2026-03-04,5681.0,Web
C01165,2026-07-08,3996.0,App
C01166,2025-04-23,3978.0,App
C01166,2025-09-14,4287.0,Web
C01166,2025-11-23,2959.0,App
C01167,2025-08-13,4280.0,Web
C01167,2025-12-09,2073.0,Store
C01168,2025-03-07,8706.0,App
C01168,2025-04-17,3327.0,App
C01168,2025-04-22,3593.0,Web
C01169,2025-08-06,3419.0,Store
C01169,2025-11-12,2731.0,Web
C01169,2026-02-14,5039.0,Web
C01169,2026-06-16,4611.0,Web
C01170,2025-03-01,3416.0,Web
C01170,2025-03-06,2652.0,Web
C01170,2025-05-01,5748.0,Web
C01170,2025-06-14,5446.0,Web
C01170,2025-07-21,8033.0,Web
C01170,2025-10-06,5313.0,Web
C01170,2025-12-14,3585.0,App
C01170,2026-02-24,4870.0,Web
C01170,2026-03-30,2180.0,App
C01170,2026-04-26,3920.0,App
C01170,2026-06-08,1805.0,App
C01170,2026-07-30,5264.0,Store
C01171,2025-07-09,8049.0,Store
C01171,2025-07-18,10790.0,App
C01171,2025-08-12,6702.0,Web
C01171,2025-08-26,10438.0,Web
C01171,2025-09-19,7307.0,App
C01171,2025-10-07,10359.0,App
C01172,2025-09-28,3975.0,App
C01172,2025-11-16,3388.0,Web
C01172,2026-01-05,1821.0,Web
C01173,2026-07-19,3490.0,Web
C01173,2026-08-02,4791.0,Web
C01174,2025-04-13,4066.0,Web
C01174,2025-07-14,2668.0,Web
C01174,2025-12-07,1767.0,Web
C01174,2026-02-03,3110.0,Web
C01174,2026-03-01,3728.0,App
C01174,2026-05-31,3080.0,Web
C01175,2025-04-16,2147.0,App
C01175,2025-05-06,5819.0,App
C01175,2025-06-14,2865.0,App
C01176,2025-04-21,1769.0,App
C01176,2025-05-20,2013.0,Web
C01176,2025-06-27,2448.0,Web
C01176,2025-09-24,3058.0,Web
C01176,2026-01-19,3230.0,App
C01176,2026-02-18,2267.0,App
C01176,2026-05-13,2025.0,App
C01177,2025-05-31,5973.0,Store
C01177,2025-07-08,2693.0,App
C01177,2025-08-01,1626.0,Web
C01178,2025-05-09,5649.0,App
C01178,2025-06-21,7662.0,Web
C01178,2025-07-05,9429.0,App
C01178,2025-07-07,8880.0,Web
C01178,2025-07-19,6222.0,Store
C01178,2025-08-10,5327.0,App
C01178,2025-09-19,11182.0,Web
C01178,2025-10-16,5379.0,App
C01178,2025-10-29,3607.0,App
C01178,2025-12-03,4242.0,App
C01178,2025-12-06,5766.0,Web
C01179,2026-07-08,10820.0,Web
C01179,2026-07-28,2558.0,Web
C01180,2026-07-27,5040.0,App
C01181,2025-06-08,6704.0,App
C01181,2025-08-01,5492.0,Web
C01181,2025-09-25,2730.0,Web
C01181,2025-11-17,2860.0,App
C01181,2025-12-03,6478.0,Web
C01181,2026-03-25,5610.0,App
C01182,2025-07-04,6563.0,App
C01182,2025-08-02,4318.0,Web
C01182,2025-08-12,3797.0,App
C01182,2025-09-19,2953.0,Store
C01182,2025-10-27,4778.0,App
C01182,2025-12-31,7122.0,Web
C01182,2026-01-22,2772.0,App
C01182,2026-02-09,4115.0,Web
C01182,2026-02-17,4036.0,Web
C01182,2026-04-01,5095.0,App
C01182,2026-05-10,5127.0,Web
C01183,2025-07-23,6448.0,App
C01183,2025-08-11,11103.0,Web
C01183,2025-11-02,3761.0,Web
C01183,2025-11-26,3713.0,Web
C01183,2026-01-23,4871.0,App
C01183,2026-02-03,4004.0,Web
C01183,2026-02-17,3656.0,App
C01183,2026-02-22,4717.0,Web
C01183,2026-03-26,6116.0,App
C01183,2026-05-08,1983.0,App
C01183,2026-06-13,3671.0,Store
C01183,2026-06-21,2634.0,Web
C01184,2025-04-27,4356.0,App
C01184,2025-05-15,7106.0,Web
C01184,2025-05-26,4957.0,Web
C01184,2025-06-23,2435.0,Web
C01184,2025-07-11,2235.0,App
C01184,2025-08-06,9638.0,Web
C01184,2025-08-23,2326.0,Store
C01184,2025-09-29,4317.0,Web
C01184,2025-11-18,6571.0,App
C01184,2025-11-26,2279.0,App
C01184,2025-12-13,2995.0,App
C01184,2026-01-04,2803.0,Web
C01184,2026-02-07,9487.0,Web
C01184,2026-03-20,10347.0,Web
C01184,2026-05-06,3441.0,Web
C01184,2026-06-14,5820.0,Web
C01185,2025-06-16,7401.0,Web
C01185,2025-08-19,5523.0,App
C01185,2025-08-21,3952.0,App
C01185,2025-09-30,7207.0,Web
C01185,2025-10-13,3558.0,Store
C01185,2025-10-22,4061.0,App
C01185,2025-11-14,5704.0,App
C01185,2025-12-02,5054.0,Web
C01185,2026-02-07,3525.0,Web
C01185,2026-03-19,2497.0,Web
C01185,2026-05-03,4581.0,Web
C01185,2026-05-19,3451.0,Store
C01185,2026-06-22,4671.0,Store
C01186,2025-03-25,6717.0,Web
C01186,2025-05-24,3296.0,Web
C01186,2025-07-16,3276.0,Web
C01186,2025-10-11,5025.0,App
C01186,2025-10-31,4341.0,Web
C01186,2025-12-03,1364.0,Web
C01186,2025-12-25,2401.0,App
C01186,2026-06-01,2683.0,Web
C01187,2025-06-08,10127.0,Web
C01187,2025-06-27,6453.0,App
C01187,2025-07-09,9417.0,App
C01187,2025-07-14,8386.0,Web
C01187,2025-09-05,13499.0,Web
C01187,2025-09-18,7070.0,Store
C01187,2025-10-13,6126.0,App
C01187,2025-10-21,5895.0,Web
C01187,2025-11-07,4907.0,App
C01188,2025-05-19,2125.0,Web
C01188,2025-06-23,2539.0,Web
C01188,2025-11-23,1851.0,App
C01188,2026-01-09,2581.0,App
C01189,2025-07-08,7412.0,Web
C01189,2025-08-04,6688.0,Web
C01189,2025-08-19,3861.0,Web
C01189,2025-10-22,3632.0,App
C01189,2025-11-20,3164.0,App
C01189,2025-11-28,4111.0,Web
C01189,2025-12-11,6941.0,Web
C01189,2025-12-29,4693.0,Store
C01189,2026-02-03,7725.0,Web
C01189,2026-02-13,3460.0,App
C01189,2026-06-13,1830.0,App
C01190,2025-06-30,4171.0,Store
C01190,2025-07-10,2352.0,App
C01190,2025-08-02,1798.0,Web
C01191,2025-03-19,6190.0,App
C01191,2025-03-24,7253.0,Web
C01191,2025-03-27,7356.0,Web
C01191,2025-04-06,7219.0,Web
C01191,2025-04-18,7344.0,App
C01191,2025-04-22,7603.0,Web
C01191,2025-05-18,7241.0,Web
C01191,2025-06-16,5156.0,App
C01191,2025-07-14,4101.0,Web
C01191,2025-08-17,10004.0,App
C01191,2025-08-30,10165.0,Web
C01191,2025-09-22,7939.0,App
C01191,2025-10-26,7916.0,Web
C01191,2025-11-21,5121.0,Web
C01191,2025-12-13,3005.0,Web
C01191,2026-01-26,6466.0,App
C01192,2025-05-13,5445.0,App
C01192,2025-06-19,8417.0,Web
C01192,2025-07-13,5432.0,App
C01192,2025-07-27,2827.0,Web
C01192,2025-08-26,12907.0,Web
C01192,2025-09-20,6187.0,Web
C01192,2025-10-14,10150.0,Store
C01192,2025-10-21,5597.0,App
C01192,2025-11-18,5318.0,Web
C01192,2025-12-14,5826.0,Web
C01192,2026-01-03,7707.0,Web
C01193,2025-06-27,1813.0,Web
C01193,2025-09-26,2521.0,Web
C01193,2026-01-07,2567.0,Store
C01193,2026-03-19,2206.0,App
C01194,2025-03-13,2609.0,Web
C01194,2025-09-16,3131.0,Web
C01194,2026-03-08,5658.0,Web
C01195,2025-05-11,1413.0,Web
C01195,2025-06-17,3121.0,Web
C01195,2025-09-10,2937.0,Web
C01195,2025-09-17,1292.0,Store
C01195,2025-11-10,4778.0,App
C01195,2026-01-16,4192.0,Web
C01196,2025-08-04,3311.0,Web
C01196,2025-10-31,3019.0,App
C01196,2025-11-04,1960.0,Web
C01196,2025-12-28,8356.0,Web
C01196,2026-03-15,3219.0,App
C01196,2026-04-16,4195.0,App
C01196,2026-05-11,8607.0,Web
C01196,2026-06-16,4361.0,App
C01197,2026-07-25,4411.0,App
C01197,2026-08-16,4056.0,App
C01198,2025-08-10,1564.0,App
C01199,2026-07-16,4309.0,Web
C01199,2026-07-23,3689.0,App
C01200,2025-06-23,3360.0,Web
C01200,2025-09-20,1845.0,Web
C01200,2025-10-14,2943.0,Web
C01200,2025-12-28,3178.0,App
C01200,2026-02-15,4446.0,App
C01200,2026-04-15,5532.0,Web
C01200,2026-05-21,5915.0,Web
C01201,2025-08-10,2855.0,App
C01201,2025-08-12,1609.0,Store
C01201,2025-09-04,2799.0,App
C01202,2025-05-06,2446.0,App
C01202,2025-05-27,3417.0,App
C01202,2025-07-12,2633.0,Web
C01203,2025-07-25,3646.0,Web
C01203,2025-10-22,6121.0,App
C01203,2025-12-13,2589.0,App
C01203,2026-01-05,1751.0,Web
C01204,2025-08-05,5595.0,Web
C01204,2025-08-26,1386.0,App
C01204,2026-03-14,3501.0,Web
C01205,2025-04-11,4926.0,App
C01205,2025-05-22,9615.0,Web
C01205,2025-06-18,8412.0,Web
C01205,2025-07-16,6868.0,Store
C01205,2025-08-10,6972.0,Web
C01205,2025-08-15,7689.0,Web
C01205,2025-10-15,13446.0,Web
C01205,2025-10-26,8499.0,Web
C01205,2025-11-05,5410.0,App
C01205,2025-11-15,6461.0,Web
C01205,2025-11-29,5041.0,Web
C01205,2025-12-15,3884.0,App
C01205,2026-01-14,5010.0,Web
C01205,2026-02-17,7848.0,Web
C01205,2026-02-27,11753.0,Web
C01205,2026-03-13,10662.0,App
C01205,2026-03-19,5022.0,Web
C01205,2026-03-31,5692.0,App
C01205,2026-04-06,5418.0,App
C01205,2026-04-22,3048.0,Web
C01205,2026-05-08,7096.0,App
C01205,2026-06-13,9968.0,Store
C01205,2026-07-15,6889.0,App
C01205,2026-08-03,4828.0,App
C01205,2026-08-16,5598.0,Web
C01206,2025-04-22,5652.0,App
C01206,2025-05-19,8023.0,App
C01206,2025-06-01,8897.0,Web
C01206,2025-07-01,10752.0,App
C01206,2025-07-12,10519.0,Store
C01206,2025-07-15,8413.0,Store
C01206,2025-07-27,7438.0,Web
C01206,2025-08-26,10106.0,Web
C01206,2025-09-09,7331.0,App
C01206,2025-10-10,4792.0,Web
C01206,2025-11-02,4449.0,App
C01206,2025-11-11,6791.0,Web
C01206,2026-01-16,7847.0,App
C01206,2026-01-28,17875.0,Web
C01206,2026-02-09,7215.0,App
C01206,2026-02-18,7648.0,App
C01206,2026-03-02,6532.0,Web
C01206,2026-05-10,9344.0,Web
C01206,2026-05-19,8300.0,Web
C01206,2026-05-31,6018.0,App
C01206,2026-06-23,5281.0,Web
C01207,2025-05-30,1407.0,Web
C01207,2025-06-10,3387.0,Web
C01207,2025-06-26,4610.0,Web
C01208,2025-03-03,1676.0,App
C01208,2025-03-30,2402.0,Web
C01208,2025-04-01,2630.0,App
C01209,2026-07-09,2422.0,App
C01209,2026-07-15,2316.0,Web
C01210,2025-04-13,7113.0,App
C01210,2025-05-07,14880.0,App
C01210,2025-06-07,7855.0,Web
C01210,2025-06-18,4958.0,App
C01210,2025-07-20,9575.0,App
C01210,2025-08-09,8120.0,App
C01210,2025-08-25,5608.0,Web
C01210,2025-09-14,4794.0,Web
C01210,2025-09-19,7669.0,Web
C01210,2025-10-24,6908.0,App
C01210,2025-11-10,4564.0,App
C01211,2025-06-15,4577.0,Web
C01211,2025-09-10,1756.0,Web
C01211,2025-09-29,1137.0,Web
C01211,2026-03-17,1786.0,App
C01212,2025-05-23,5080.0,App
C01212,2025-06-11,4373.0,App
C01212,2025-07-21,2205.0,App
C01212,2025-10-22,5149.0,Web
C01212,2025-12-23,2673.0,Web
C01213,2025-06-27,3815.0,App
C01213,2025-07-15,4247.0,Store
C01213,2025-09-09,2136.0,Web
C01214,2025-03-05,9685.0,Web
C01214,2025-04-05,6138.0,App
C01214,2025-05-08,15471.0,App
C01214,2025-06-10,3276.0,App
C01214,2025-07-31,8049.0,Web
C01214,2025-08-28,7028.0,Web
C01214,2025-09-03,6940.0,Web
C01214,2025-09-15,7795.0,Web
C01214,2025-09-25,7200.0,Web
C01214,2025-10-01,7616.0,Web
C01214,2025-10-12,8138.0,Web
C01214,2025-12-26,13011.0,Web
C01214,2026-01-15,2680.0,Store
C01215,2026-08-03,2762.0,Web
C01216,2025-07-01,1981.0,Web
C01216,2025-08-17,2388.0,Web
C01217,2026-07-09,3707.0,Web
C01217,2026-07-22,2627.0,App
C01218,2025-03-22,2922.0,App
C01218,2025-03-26,2921.0,Web
C01218,2025-05-25,2121.0,Web
C01219,2025-07-27,2317.0,Web
C01219,2025-08-09,4541.0,Web
C01219,2025-08-29,2462.0,Web
C01220,2025-04-06,13045.0,Web
C01220,2025-06-18,5678.0,Web
C01220,2025-07-19,3494.0,Web
C01220,2025-11-07,5682.0,App
C01220,2025-12-01,4198.0,App
C01220,2026-01-05,6438.0,App
C01220,2026-02-21,4100.0,Store
C01220,2026-03-27,5431.0,App
C01220,2026-04-15,4997.0,Web
C01220,2026-05-18,4763.0,Web
C01220,2026-05-27,7002.0,App
C01220,2026-06-11,2244.0,App
C01221,2025-06-15,9917.0,Web
C01221,2025-06-29,12298.0,Web
C01221,2025-07-05,5022.0,App
C01221,2025-08-02,7870.0,Web
C01221,2025-08-06,8294.0,Web
C01221,2025-08-25,6875.0,App
C01221,2025-09-03,10410.0,Web
C01221,2025-09-18,5958.0,Web
C01221,2025-10-24,7671.0,Store
C01221,2025-11-29,6609.0,Web
C01221,2025-12-29,16982.0,App
C01221,2026-02-08,5967.0,Web
C01221,2026-04-12,9766.0,Store
C01221,2026-05-10,14112.0,App
C01221,2026-05-31,5456.0,Web
C01221,2026-06-06,7780.0,Store
C01221,2026-06-30,5328.0,Web
C01221,2026-07-16,3720.0,App
C01222,2026-07-18,2052.0,App
C01223,2025-05-29,5004.0,Web
C01223,2025-08-13,4388.0,App
C01223,2025-09-23,5045.0,App
C01223,2025-10-12,2397.0,Web
C01223,2025-10-28,4235.0,Store
C01223,2026-01-08,2713.0,Web
C01223,2026-03-30,4930.0,Store
C01223,2026-04-08,3332.0,Store
C01223,2026-04-16,4181.0,Web
C01223,2026-05-09,3606.0,Web
C01223,2026-06-05,4453.0,Web
C01223,2026-07-08,2199.0,Web
C01224,2025-07-25,2754.0,Web
C01224,2025-08-16,2194.0,Web
C01224,2025-08-25,2266.0,Web
C01225,2025-03-17,7371.0,Store
C01225,2025-05-20,4742.0,Web
C01225,2025-06-20,4442.0,Web
C01225,2025-08-11,3417.0,Web
C01225,2025-11-05,11649.0,Store
C01225,2025-12-19,7408.0,Web
C01225,2026-02-20,6177.0,Store
C01225,2026-02-28,7243.0,Store
C01225,2026-03-09,5204.0,Store
C01225,2026-04-03,4014.0,App
C01225,2026-04-22,1604.0,App
C01225,2026-06-07,2834.0,Store
C01226,2025-04-19,2951.0,App
C01226,2025-05-08,3057.0,Store
C01226,2025-07-23,3004.0,App
C01226,2025-08-22,1574.0,App
C01226,2025-10-29,1856.0,Web
C01226,2025-11-08,4868.0,Store
C01226,2026-01-19,5900.0,Web
C01226,2026-03-16,2621.0,App
C01226,2026-04-26,2081.0,Web
C01227,2025-07-15,2115.0,Web
C01227,2025-08-08,2045.0,App
C01227,2025-08-21,1312.0,Web
C01228,2025-07-28,1743.0,Web
C01228,2025-09-25,2248.0,Web
C01229,2025-09-26,2607.0,Web
C01229,2025-10-27,2420.0,App
C01229,2025-12-21,2903.0,Web
C01230,2025-07-25,4496.0,Web
C01230,2025-08-05,3228.0,App
C01230,2025-10-15,5516.0,Web
C01230,2025-11-05,6086.0,Web
C01230,2025-11-13,3824.0,App
C01230,2025-12-23,3746.0,App
C01230,2026-03-08,5008.0,Web
C01230,2026-03-23,2774.0,Web
C01230,2026-04-17,5274.0,App
C01230,2026-05-17,3328.0,App
C01230,2026-06-06,6190.0,Web
C01230,2026-07-07,2725.0,Web
C01231,2026-06-16,4702.0,Web
C01231,2026-07-27,3570.0,Web
C01232,2025-05-15,1556.0,Web
C01232,2025-07-01,4485.0,Web
C01232,2025-07-26,1695.0,App
C01233,2025-03-30,3041.0,Store
C01233,2025-04-16,6937.0,Web
C01233,2025-05-03,2708.0,Web
C01233,2025-05-21,4946.0,Store
C01233,2025-06-21,6175.0,Store
C01233,2025-07-31,4920.0,Web
C01233,2025-09-09,7553.0,Web
C01233,2025-09-28,2931.0,Web
C01233,2025-12-01,3364.0,Web
C01233,2025-12-30,3838.0,Web
C01233,2026-02-26,17214.0,App
C01233,2026-03-31,5655.0,App
C01233,2026-04-18,6095.0,App
C01233,2026-05-11,5994.0,App
C01233,2026-05-26,4763.0,App
C01233,2026-06-02,7023.0,Web
C01234,2025-03-20,4604.0,App
C01234,2025-03-26,2366.0,Web
C01234,2025-05-09,4269.0,Web
C01235,2026-07-23,6172.0,Web
C01236,2025-03-14,11257.0,Web
C01236,2025-03-24,2243.0,Web
C01236,2025-04-05,6304.0,Web
C01236,2025-06-15,4872.0,App
C01236,2025-06-16,5089.0,Web
C01236,2025-08-06,2898.0,App
C01236,2025-10-03,5405.0,Web
C01236,2025-11-16,5305.0,App
C01236,2026-01-13,3503.0,App
C01236,2026-03-12,4490.0,App
C01236,2026-03-14,2728.0,Web
C01236,2026-03-19,3940.0,Web
C01236,2026-04-05,6779.0,Web
C01236,2026-05-19,6833.0,Web
C01236,2026-06-29,6277.0,Web
C01236,2026-07-12,6777.0,Web
C01237,2026-07-25,2101.0,App
C01237,2026-08-07,1896.0,Web
C01238,2025-06-28,6382.0,Web
C01238,2025-07-14,8122.0,Web
C01238,2025-08-15,15704.0,App
C01238,2025-09-08,8086.0,Web
C01238,2025-10-15,3009.0,Web
C01238,2025-11-05,5587.0,App
C01238,2025-11-30,4629.0,Web
C01239,2025-04-10,6786.0,Store
C01239,2025-05-06,3990.0,Web
C01239,2025-06-11,3587.0,App
C01239,2025-08-06,4003.0,Web
C01239,2025-10-04,5613.0,App
C01239,2025-11-07,6560.0,Web
C01239,2026-01-12,8870.0,Web
C01239,2026-02-13,5424.0,Store
C01239,2026-04-10,4356.0,App
C01239,2026-04-25,6579.0,Web
C01239,2026-05-17,3130.0,Web
C01239,2026-08-10,8143.0,Web
C01240,2025-07-11,2275.0,Store
C01240,2025-07-24,2109.0,App
C01240,2025-07-30,4099.0,Web
C01240,2025-08-21,9433.0,App
C01240,2025-09-04,12418.0,App
C01240,2025-10-20,3506.0,Web
C01240,2026-01-01,3651.0,Web
C01240,2026-02-14,5737.0,Store
C01240,2026-03-09,4266.0,Store
C01240,2026-03-30,4309.0,Web
C01240,2026-04-11,5950.0,App
C01240,2026-05-27,13676.0,Web
C01241,2025-08-01,3945.0,Web
C01241,2026-01-25,2442.0,Web
C01241,2026-04-23,2967.0,Web
C01242,2026-08-03,6475.0,Web
C01242,2026-08-09,3768.0,Web
C01243,2025-05-03,3936.0,Web
C01243,2025-05-04,7393.0,App
C01243,2025-05-13,5701.0,Web
C01243,2025-06-04,5823.0,App
C01243,2025-06-23,8609.0,Web
C01243,2025-06-26,4991.0,Web
C01243,2025-07-05,3031.0,Web
C01243,2025-08-16,12599.0,App
C01243,2025-08-27,10774.0,Web
C01243,2025-08-30,10726.0,App
C01243,2025-09-30,4765.0,Web
C01243,2025-10-24,6866.0,Web
C01243,2025-11-03,4525.0,Web
C01243,2025-11-06,6908.0,Web
C01243,2025-11-27,6245.0,Store
C01243,2025-12-15,4837.0,App
C01243,2026-01-11,8413.0,Web
C01243,2026-01-27,6444.0,App
C01243,2026-02-10,12892.0,App
C01244,2025-05-10,5065.0,App
C01244,2025-06-13,8084.0,Web
C01244,2025-07-10,6323.0,Web
C01244,2025-08-15,2749.0,Web
C01244,2025-10-29,2378.0,Web
C01244,2025-11-25,5509.0,Web
C01244,2026-01-08,7364.0,Web
C01244,2026-02-10,2375.0,Web
C01244,2026-03-15,4244.0,App
C01244,2026-04-13,11926.0,App
C01244,2026-06-04,4145.0,Web
C01244,2026-06-06,12677.0,App
C01244,2026-07-28,3320.0,Web
C01245,2025-05-09,7144.0,App
C01245,2025-05-23,3670.0,Web
C01245,2025-06-09,7931.0,App
C01245,2025-08-02,5131.0,App
C01245,2025-08-15,6333.0,Web
C01245,2025-08-16,8333.0,App
C01245,2025-09-01,8456.0,Web
C01245,2025-09-09,4241.0,Web
C01245,2025-09-24,9340.0,Web
C01245,2025-10-14,6959.0,Web
C01245,2025-10-22,10992.0,Web
C01245,2025-10-25,11766.0,Web
C01245,2025-11-10,12376.0,Web
C01246,2026-06-15,3133.0,Web
C01246,2026-07-09,3746.0,App
C01247,2025-04-23,3234.0,Web
C01247,2025-05-03,15633.0,Web
C01247,2025-07-20,3566.0,Web
C01248,2026-06-12,3278.0,Web
C01248,2026-07-14,7130.0,Store
C01249,2025-06-28,5757.0,App
C01249,2025-08-21,1722.0,Web
C01249,2025-08-25,1316.0,Web
C01249,2026-01-10,1704.0,Web
C01249,2026-03-02,3928.0,App
C01250,2025-08-29,2936.0,Web
C01250,2025-10-25,3671.0,Web
C01251,2025-03-02,7316.0,App
C01251,2025-04-30,3446.0,App
C01251,2025-05-16,6328.0,Web
C01251,2025-07-19,3276.0,App
C01251,2025-12-08,3675.0,App
C01251,2025-12-17,3999.0,Web
C01251,2026-01-03,5533.0,Web
C01251,2026-01-11,2988.0,App
C01251,2026-01-14,3159.0,Web
C01251,2026-01-30,3566.0,Web
C01251,2026-02-16,4706.0,Web
C01251,2026-04-19,3174.0,App
C01251,2026-07-07,5130.0,App
C01252,2025-06-20,2376.0,Web
C01252,2025-08-16,4770.0,Web
C01252,2025-10-06,5561.0,App
C01252,2025-10-14,1902.0,Web
C01252,2025-11-05,4464.0,Store
C01252,2025-11-18,3072.0,Web
C01252,2025-12-01,2960.0,Web
C01252,2026-01-18,3552.0,Store
C01252,2026-03-07,4849.0,Web
C01252,2026-04-10,3479.0,App
C01252,2026-04-21,2085.0,Web
C01252,2026-05-04,4834.0,App
C01252,2026-06-18,4011.0,Web
C01252,2026-06-27,3171.0,App
C01252,2026-07-02,4081.0,Store
C01252,2026-07-25,4016.0,Web
C01253,2025-04-30,6051.0,App
C01253,2025-08-18,4654.0,App
C01253,2025-08-26,3363.0,Web
C01253,2025-11-01,2720.0,Store
C01253,2025-12-17,9825.0,App
C01253,2026-03-03,4489.0,Web
C01253,2026-03-19,4005.0,Web
C01253,2026-05-04,2921.0,Web
C01253,2026-05-23,7134.0,Web
C01253,2026-06-04,6916.0,App
C01253,2026-07-10,6403.0,Web
C01254,2025-05-10,2278.0,Store
C01254,2025-05-17,4399.0,Web
C01254,2025-05-19,5398.0,App
C01255,2025-08-02,4074.0,App
C01255,2025-09-15,4740.0,Web
C01255,2025-09-26,4303.0,App
C01255,2025-11-20,6121.0,App
C01255,2026-01-26,2029.0,Store
C01255,2026-02-17,4255.0,Web
C01255,2026-02-25,4717.0,Web
C01255,2026-03-25,3096.0,Web
C01255,2026-06-23,5296.0,Web
C01256,2025-07-07,2101.0,Web
C01256,2025-07-28,3388.0,Web
C01256,2025-09-07,3068.0,Web
C01256,2025-10-28,1008.0,App
C01256,2026-03-08,5207.0,App
C01256,2026-04-30,4985.0,Store
C01256,2026-06-03,2842.0,Store
C01257,2025-10-05,2288.0,Web
C01257,2025-11-25,3794.0,Web
C01257,2026-01-01,7547.0,Store
C01258,2025-04-24,7508.0,Web
C01258,2025-06-18,2926.0,App
C01258,2025-10-05,3088.0,App
C01258,2026-01-15,6401.0,App
C01259,2025-07-23,3592.0,Web
C01259,2025-09-14,4358.0,App
C01260,2025-05-25,5155.0,Web
C01260,2025-07-12,2921.0,App
C01260,2025-10-02,1565.0,App
C01260,2025-12-10,1860.0,Store
C01261,2025-03-14,6085.0,Web
C01261,2025-05-09,7657.0,App
C01261,2025-06-26,11523.0,Web
C01261,2025-07-08,10803.0,App
C01261,2025-07-15,12101.0,Web
C01261,2025-07-23,8578.0,Web
C01261,2025-07-27,9851.0,App
C01261,2025-08-04,12320.0,Web
C01261,2025-08-17,6673.0,Web
C01261,2025-09-28,8779.0,App
C01261,2025-10-18,3550.0,Web
C01261,2025-12-10,4329.0,Web
C01261,2025-12-22,8964.0,Web
C01261,2026-01-10,9456.0,Store
C01261,2026-01-27,6571.0,Web
C01261,2026-02-14,6086.0,Web
C01261,2026-03-03,6644.0,Store
C01261,2026-03-17,8047.0,App
C01261,2026-04-19,3348.0,App
C01261,2026-05-10,8857.0,Web
C01261,2026-05-12,7611.0,App
C01261,2026-05-18,8205.0,Store
C01261,2026-06-11,7206.0,Store
C01261,2026-06-18,4637.0,App
C01261,2026-07-06,5123.0,App
C01261,2026-07-17,12825.0,App
C01261,2026-07-28,6009.0,App
C01261,2026-08-09,9983.0,App
C01262,2025-03-25,7154.0,Web
C01262,2025-04-16,4540.0,Web
C01262,2025-04-19,4578.0,Web
C01262,2025-05-06,6547.0,Store
C01262,2025-05-21,10478.0,App
C01262,2025-06-15,6579.0,Web
C01262,2025-06-30,6679.0,App
C01262,2025-07-12,5437.0,App
C01262,2025-07-16,3835.0,Web
C01262,2025-07-26,8220.0,Web
C01262,2025-08-14,6454.0,Web
C01262,2025-09-26,8246.0,App
C01262,2025-09-30,7447.0,Web
C01262,2025-10-21,5034.0,App
C01262,2025-10-23,7634.0,App
C01262,2025-10-28,4490.0,Web
C01262,2025-11-02,7613.0,Web
C01262,2025-11-10,6901.0,Web
C01262,2025-12-01,12096.0,Web
C01262,2025-12-04,5208.0,Web
C01262,2025-12-24,4434.0,App
C01262,2026-01-04,6105.0,Web
C01262,2026-01-17,8731.0,Web
C01263,2026-06-26,3480.0,Web
C01263,2026-07-11,5891.0,Web
C01264,2025-07-22,7685.0,App
C01264,2025-10-15,1931.0,Web
C01264,2026-01-15,5506.0,Web
C01264,2026-04-01,3839.0,Web
C01264,2026-05-11,3474.0,App
C01265,2025-05-14,2405.0,Web
C01265,2025-07-16,4074.0,App
C01265,2025-08-28,2156.0,Web
C01266,2025-06-11,7019.0,Web
C01266,2025-06-24,4226.0,Web
C01266,2025-07-23,2765.0,Web
C01266,2025-10-22,4729.0,Store
C01266,2026-01-21,4653.0,App
C01267,2025-03-19,4933.0,Web
C01267,2025-05-10,3081.0,App
C01267,2025-06-23,8006.0,Web
C01267,2025-07-26,6398.0,Web
C01267,2025-09-08,4972.0,App
C01267,2025-10-19,6662.0,App
C01267,2025-12-02,5090.0,App
C01267,2026-01-16,4627.0,Web
C01267,2026-03-08,3632.0,Web
C01267,2026-03-20,3995.0,Web
C01268,2025-09-11,2382.0,Web
C01268,2025-12-17,3136.0,Web
C01268,2026-01-10,4211.0,Web
C01268,2026-02-14,3474.0,App
C01268,2026-04-15,7370.0,Web
C01269,2025-06-15,1319.0,Web
C01269,2025-07-13,2296.0,App
C01269,2025-07-28,4127.0,App
C01270,2025-05-27,2030.0,Web
C01270,2025-07-05,3292.0,Web
C01270,2025-08-04,5229.0,App
C01271,2025-04-16,4223.0,Web
C01271,2025-07-18,2922.0,Web
C01271,2025-10-23,3022.0,Web
C01271,2025-11-06,999.0,Web
C01271,2026-01-06,2185.0,App
C01271,2026-03-24,3410.0,Web
C01271,2026-06-18,2243.0,App
C01272,2025-04-28,6225.0,App
C01272,2025-05-05,6498.0,Web
C01272,2025-07-07,13774.0,App
C01272,2025-08-21,6231.0,Store
C01272,2025-09-10,5980.0,App
C01272,2025-09-22,10536.0,Store
C01272,2025-10-23,4321.0,App
C01273,2025-04-15,8177.0,App
C01273,2025-05-12,7148.0,Web
C01273,2025-06-16,6428.0,Web
C01273,2025-08-12,7034.0,Web
C01273,2025-08-17,5594.0,App
C01273,2025-08-28,8865.0,App
C01273,2025-09-11,4454.0,App
C01273,2025-10-09,7912.0,Web
C01273,2025-10-26,5565.0,Web
C01273,2025-11-03,6075.0,Web
C01273,2025-11-15,6133.0,App
C01273,2025-12-07,6658.0,Web
C01273,2025-12-21,8410.0,App
C01274,2025-05-04,1575.0,Web
C01274,2025-05-21,3063.0,App
C01274,2025-07-11,1723.0,Web
C01275,2025-07-08,3856.0,Web
C01275,2025-08-10,7017.0,App
C01275,2025-09-11,2842.0,Web
C01275,2025-10-25,4460.0,Web
C01275,2025-11-21,7158.0,Web
C01275,2025-12-01,4340.0,Store
C01275,2025-12-18,3885.0,Web
C01275,2026-01-22,11528.0,Web
C01275,2026-03-04,8141.0,Web
C01275,2026-03-11,4885.0,Web
C01275,2026-03-25,3131.0,Store
C01275,2026-04-07,2045.0,Web
C01275,2026-05-10,6128.0,Web
C01275,2026-06-15,7658.0,Web
C01276,2026-07-12,6026.0,App
C01276,2026-07-25,4459.0,App
C01277,2025-04-27,4386.0,Web
C01277,2025-06-29,2689.0,App
C01277,2025-08-03,5922.0,Web
C01277,2025-08-12,3432.0,Web
C01277,2025-10-06,2478.0,App
C01277,2025-11-25,3152.0,Web
C01277,2025-12-14,5017.0,Web
C01277,2026-02-09,2453.0,Web
C01277,2026-02-25,2651.0,App
C01277,2026-04-27,5773.0,Store
C01277,2026-05-26,4484.0,App
C01277,2026-06-28,3202.0,App
C01277,2026-07-13,4059.0,App
C01278,2025-06-02,6062.0,App
C01278,2025-06-17,3063.0,Web
C01278,2025-07-01,4082.0,Web
C01278,2025-09-15,3733.0,App
C01278,2025-10-14,4131.0,App
C01278,2025-10-21,5977.0,Web
C01278,2025-12-07,3930.0,Web
C01278,2025-12-18,4029.0,Web
C01278,2026-02-02,6214.0,Web
C01278,2026-02-27,4731.0,App
C01278,2026-04-04,3643.0,App
C01278,2026-04-18,5082.0,Web
C01278,2026-05-12,6865.0,Web
C01278,2026-06-02,7041.0,App
C01278,2026-06-18,2717.0,App
C01278,2026-07-13,2772.0,App
C01278,2026-07-17,6883.0,App
C01279,2025-04-24,2101.0,App
C01279,2026-02-23,4142.0,Web
C01280,2025-03-24,4058.0,Web
C01280,2025-04-13,3287.0,App
C01280,2025-04-26,1642.0,App
C01281,2025-07-05,5142.0,App
C01281,2025-08-03,14152.0,App
C01281,2025-08-07,16113.0,Web
C01281,2025-08-11,13556.0,Web
C01281,2025-08-28,7361.0,Web
C01281,2025-09-19,7957.0,Web
C01281,2025-10-02,11888.0,Web
C01281,2025-10-13,6484.0,App
C01281,2025-10-29,8526.0,Store
C01281,2025-11-26,7638.0,Web
C01281,2025-11-30,13808.0,Web
C01282,2025-05-26,6540.0,Store
C01282,2025-06-30,6709.0,App
C01282,2025-07-16,10519.0,App
C01282,2025-07-28,14177.0,Web
C01282,2025-09-14,8748.0,App
C01282,2025-09-21,5851.0,Web
C01282,2025-10-09,10791.0,Web
C01282,2025-11-08,5739.0,App
C01282,2025-11-16,2816.0,Web
C01282,2025-12-04,4555.0,Web
C01282,2026-01-09,3076.0,Web
C01282,2026-01-17,6168.0,Web
C01282,2026-02-14,6628.0,App
C01283,2025-03-16,8709.0,Web
C01283,2025-03-18,4111.0,Store
C01283,2025-03-23,8530.0,Web
C01283,2025-04-26,6807.0,Web
C01283,2025-05-21,7297.0,Web
C01283,2025-06-16,9868.0,Web
C01283,2025-07-02,5292.0,Store
C01283,2025-07-14,6993.0,Web
C01283,2025-08-30,7844.0,App
C01283,2025-08-31,6353.0,Web
C01283,2025-09-06,9066.0,Web
C01283,2025-10-05,7918.0,Web
C01283,2025-10-18,5759.0,App
C01283,2025-11-20,10967.0,App
C01284,2025-04-13,3898.0,App
C01284,2025-06-28,3510.0,Web
C01284,2025-07-18,5862.0,App
C01285,2025-05-30,2137.0,Web
C01285,2025-09-15,7309.0,App
C01285,2026-01-18,2242.0,Web
C01286,2025-06-16,3786.0,App
C01286,2025-06-27,2220.0,App
C01286,2025-08-24,1744.0,App
C01286,2025-11-17,2838.0,App
C01286,2026-01-04,1047.0,Web
C01286,2026-01-23,1931.0,App
C01287,2025-05-21,8879.0,Web
C01287,2025-06-29,11147.0,Web
C01287,2025-07-29,8898.0,Web
C01287,2025-08-09,8498.0,Store
C01287,2025-08-31,5921.0,App
C01287,2025-09-25,6248.0,App
C01287,2025-10-03,8271.0,App
C01287,2025-10-13,6212.0,App
C01287,2025-11-11,8259.0,Web
C01287,2025-11-18,5303.0,Store
C01288,2026-07-03,4704.0,Web
C01288,2026-07-26,5560.0,Web
C01289,2025-08-04,1997.0,App
C01289,2025-09-05,2019.0,Web
C01290,2025-07-31,2028.0,Web
C01290,2025-09-21,1504.0,Web
C01290,2025-10-07,1796.0,Web
C01291,2025-05-17,2243.0,Web
C01291,2025-06-09,2682.0,Web
C01291,2025-06-29,2484.0,App
C01292,2025-03-22,3621.0,App
C01292,2025-05-03,1625.0,Web
C01292,2025-05-16,1632.0,App
C01293,2025-07-09,3632.0,App
C01293,2025-08-01,1835.0,App
C01293,2025-09-27,3265.0,Store
C01294,2026-07-21,5173.0,Web
C01294,2026-08-13,5628.0,Web
C01295,2026-07-28,3261.0,Web
C01296,2025-05-01,6164.0,Store
C01296,2025-06-11,5149.0,Store
C01296,2025-07-05,4542.0,Store
C01296,2025-07-24,7925.0,Web
C01296,2025-08-07,7443.0,Web
C01296,2025-08-19,3238.0,App
C01296,2025-09-23,4473.0,Web
C01296,2025-10-09,7713.0,Web
C01296,2025-10-26,6878.0,Store
C01296,2025-12-22,6131.0,Web
C01296,2026-01-26,8720.0,Web
C01296,2026-02-02,4257.0,Web
C01297,2025-03-14,2017.0,Web
C01297,2025-04-26,9110.0,App
C01297,2025-06-02,4416.0,App
C01297,2025-06-29,5003.0,App
C01297,2025-08-19,5261.0,Web
C01297,2025-09-20,2621.0,Web
C01297,2025-10-16,1898.0,Web
C01297,2025-11-02,9867.0,Web
C01297,2025-11-09,2417.0,Store
C01297,2025-12-05,8696.0,Web
C01297,2026-02-02,5575.0,Web
C01297,2026-02-19,4844.0,Web
C01297,2026-03-15,3745.0,Web
C01297,2026-05-17,11373.0,App
C01298,2025-06-19,4529.0,Web
C01298,2025-07-01,4437.0,App
C01298,2025-08-02,3824.0,Web
C01298,2025-10-15,7237.0,App
C01298,2025-11-04,4421.0,App
C01298,2025-12-22,1934.0,Web
C01298,2026-01-30,6574.0,App
C01298,2026-03-22,6437.0,Web
C01298,2026-04-16,4696.0,App
C01298,2026-06-17,3367.0,Web
C01298,2026-06-28,2902.0,Web
C01298,2026-07-04,3371.0,App
C01298,2026-07-23,4998.0,Store
C01299,2025-05-17,4186.0,Web
C01299,2025-06-08,4713.0,Web
C01299,2026-02-11,2892.0,Web
C01300,2025-05-24,5392.0,App
C01300,2025-07-17,10671.0,App
C01300,2025-08-06,5449.0,App
C01300,2025-08-17,7671.0,Web
C01300,2025-10-05,4663.0,Web
C01300,2025-11-01,6655.0,App
C01300,2025-11-18,5600.0,App
C01300,2025-11-23,7114.0,Web
C01300,2025-12-11,9125.0,Store
C01300,2026-01-01,7245.0,App
C01301,2026-07-06,4625.0,Web
C01301,2026-07-07,1384.0,App
C01302,2025-05-17,4830.0,App
C01302,2025-06-26,3649.0,Web
C01302,2025-07-03,2265.0,App
C01303,2025-04-10,4748.0,Web
C01303,2025-07-03,6331.0,Web
C01303,2025-11-07,2121.0,Web
C01303,2026-04-28,6236.0,App
C01304,2026-07-01,3140.0,Store
C01304,2026-07-13,6007.0,Store
C01305,2025-03-04,2547.0,Web
C01305,2025-05-20,3808.0,Web
C01305,2025-09-11,1950.0,Web
C01305,2025-11-23,7104.0,App
C01305,2026-03-12,3439.0,Web
C01306,2025-07-20,6027.0,App
C01306,2026-01-07,5595.0,App
C01307,2025-06-20,2713.0,Web
C01307,2025-07-14,3004.0,Web
C01307,2025-08-30,2647.0,Web
C01308,2025-03-09,3068.0,Web
C01308,2025-04-27,2251.0,Web
C01308,2025-06-11,1898.0,Web
C01309,2025-05-03,5303.0,Web
C01309,2025-05-16,5386.0,App
C01309,2025-08-01,11882.0,Web
C01309,2025-09-07,3869.0,Web
C01309,2025-10-11,8633.0,App
C01309,2025-12-09,3935.0,Web
C01309,2026-03-21,3483.0,Store
C01309,2026-04-17,4471.0,App
C01309,2026-04-29,4462.0,Web
C01310,2025-07-10,2426.0,Web
C01310,2025-08-10,5670.0,App
C01310,2025-09-19,3799.0,App
C01310,2025-11-23,2185.0,Web
C01310,2025-12-08,2384.0,Web
C01311,2025-07-13,4398.0,Web
C01311,2025-07-29,4995.0,App
C01311,2025-08-15,10571.0,Web
C01311,2025-08-22,11288.0,Web
C01311,2025-08-25,5677.0,Store
C01311,2025-09-18,7497.0,Store
C01311,2025-10-12,6864.0,App
C01311,2025-11-03,10650.0,App
C01311,2025-12-10,5853.0,Web
C01311,2025-12-29,6179.0,Web
C01311,2026-01-12,11279.0,App
C01311,2026-02-03,4965.0,App
C01312,2025-05-20,1816.0,Web
C01312,2025-06-21,3487.0,Web
C01312,2025-08-08,4381.0,App
C01312,2025-10-26,2491.0,Web
C01312,2025-11-17,2513.0,Web
C01312,2025-12-23,4521.0,App
C01312,2026-02-14,6829.0,Web
C01312,2026-02-27,4828.0,Web
C01313,2025-08-02,2010.0,App
C01313,2025-08-11,3112.0,Web
C01314,2025-05-28,8997.0,Web
C01314,2025-06-23,10704.0,App
C01314,2025-07-05,10380.0,App
C01314,2025-07-09,7637.0,Web
C01314,2025-08-10,6105.0,App
C01314,2025-08-19,5550.0,Web
C01314,2025-08-27,4318.0,App
C01314,2025-09-24,11410.0,App
C01314,2025-10-23,6702.0,App
C01314,2025-11-13,4143.0,Store
C01314,2025-11-22,11591.0,App
C01314,2025-12-15,7777.0,Web
C01314,2026-01-02,10558.0,App
C01314,2026-01-11,6866.0,App
C01314,2026-02-19,5700.0,Web
C01314,2026-03-28,8795.0,Web
C01314,2026-04-02,9054.0,Web
C01314,2026-04-11,6823.0,App
C01314,2026-04-23,11917.0,App
C01314,2026-05-03,10476.0,App
C01314,2026-05-07,9169.0,Web
C01314,2026-05-15,5102.0,Store
C01314,2026-05-19,4857.0,App
C01314,2026-06-14,11448.0,Web
C01314,2026-07-08,3498.0,Web
C01314,2026-07-16,7289.0,Store
C01314,2026-07-25,7921.0,Store
C01314,2026-08-03,6339.0,Web
C01315,2025-05-31,9296.0,App
C01315,2025-06-15,4931.0,Web
C01315,2025-07-01,12259.0,Web
C01315,2025-07-08,5733.0,Web
C01315,2025-08-04,10321.0,Store
C01315,2025-08-06,8251.0,Store
C01315,2025-09-16,7892.0,Web
C01315,2025-09-26,9819.0,App
C01315,2025-10-05,3558.0,App
C01315,2025-10-26,6156.0,App
C01315,2025-11-06,9770.0,Web
C01315,2025-12-17,14745.0,Store
C01315,2025-12-25,7461.0,App
C01315,2026-01-08,3206.0,App
C01315,2026-02-06,6734.0,Web
C01315,2026-04-12,7368.0,Web
C01315,2026-04-30,11095.0,Web
C01315,2026-06-22,7653.0,App
C01315,2026-06-24,4813.0,App
C01315,2026-07-12,10543.0,Store
C01315,2026-07-20,9181.0,Web
C01315,2026-08-01,5891.0,Store
C01315,2026-08-20,9681.0,App
C01316,2025-03-04,4383.0,Web
C01316,2025-04-13,3352.0,Web
C01316,2025-08-07,3333.0,App
C01317,2025-06-28,2653.0,Web
C01317,2025-09-07,2435.0,Web
C01318,2025-03-15,7702.0,Web
C01318,2025-04-18,9109.0,Store
C01318,2025-06-11,6144.0,App
C01318,2025-07-11,7197.0,Web
C01318,2025-07-16,10300.0,Store
C01318,2025-08-24,5888.0,Web
C01318,2025-09-03,4680.0,App
C01318,2025-09-14,6020.0,Web
C01318,2025-11-02,5513.0,App
C01318,2025-11-24,6089.0,App
C01318,2025-12-10,4111.0,App
C01318,2025-12-21,8172.0,Web
C01318,2026-01-10,10195.0,Store
C01318,2026-01-20,5664.0,Web
C01318,2026-02-17,5989.0,App
C01318,2026-02-27,7047.0,Web
C01318,2026-03-25,5470.0,Web
C01318,2026-04-15,10618.0,Store
C01318,2026-05-19,5513.0,App
C01318,2026-06-11,6260.0,Web
C01318,2026-06-16,5761.0,App
C01318,2026-07-11,10706.0,Web
C01318,2026-07-15,6940.0,Web
C01318,2026-08-13,15116.0,Web
C01318,2026-08-21,8517.0,Web
C01319,2025-03-10,5569.0,Web
C01319,2025-07-04,4054.0,App
C01319,2025-11-03,3562.0,App
C01320,2025-05-01,2209.0,Web
C01320,2025-06-28,4155.0,Web
C01320,2025-11-01,4711.0,Web
C01320,2026-01-12,3134.0,Web
C01321,2025-06-07,2632.0,App
C01322,2025-06-09,3476.0,Store
C01322,2025-07-05,3677.0,Store
C01322,2025-07-14,2214.0,Store
C01323,2025-05-30,6489.0,Web
C01323,2025-06-09,9332.0,Web
C01323,2025-06-30,14850.0,Web
C01323,2025-07-26,9944.0,Web
C01323,2025-08-09,4121.0,Web
C01323,2025-09-27,10179.0,App
C01323,2025-10-07,10830.0,App
C01323,2025-10-30,16247.0,Web
C01323,2025-11-26,6898.0,Web
C01323,2025-12-29,7899.0,Web
C01323,2026-01-01,8809.0,Store
C01323,2026-01-16,5759.0,App
C01323,2026-01-25,5579.0,Web
C01323,2026-02-16,8654.0,App
C01323,2026-02-22,4385.0,Web
C01323,2026-03-05,4746.0,Web
C01323,2026-03-25,10011.0,Store
C01323,2026-05-04,8957.0,Web
C01323,2026-05-23,11653.0,Web
C01323,2026-06-13,8849.0,App
C01323,2026-06-30,7552.0,App
C01323,2026-07-10,11815.0,Web
C01323,2026-07-22,6490.0,App
C01323,2026-08-03,6696.0,App
C01324,2025-09-03,8328.0,App
C01324,2025-11-28,3707.0,App
C01324,2026-02-26,3123.0,Web
C01325,2026-06-17,2354.0,App
C01325,2026-07-02,8843.0,App
C01326,2025-06-25,4237.0,App
C01326,2025-11-25,2501.0,Web
C01326,2026-01-07,4464.0,Web
C01326,2026-04-17,2506.0,Web
C01327,2025-05-22,4719.0,Web
C01327,2025-06-02,4878.0,Web
C01327,2025-06-08,7777.0,Store
C01327,2025-07-03,8036.0,App
C01327,2025-07-09,8353.0,Web
C01327,2025-07-15,13448.0,Web
C01327,2025-08-01,5021.0,App
C01327,2025-08-04,7154.0,Store
C01327,2025-10-08,9080.0,App
C01327,2025-10-22,9046.0,App
C01328,2025-07-04,2100.0,App
C01328,2025-08-06,4656.0,Web
C01328,2025-09-10,3574.0,Web
C01329,2026-07-15,3008.0,Web
C01329,2026-08-02,6441.0,Store
C01330,2025-07-04,3588.0,App
C01330,2025-08-26,6620.0,App
C01330,2025-09-29,8727.0,Store
C01330,2025-11-30,5498.0,Web
C01330,2025-12-19,6048.0,Web
C01330,2026-01-14,3224.0,Web
C01330,2026-03-02,2719.0,Store
C01330,2026-03-14,2919.0,App
C01330,2026-05-10,3255.0,Web
C01330,2026-05-22,5051.0,Web
C01331,2025-05-09,4512.0,Web
C01331,2025-07-28,2614.0,Store
C01331,2025-08-15,2124.0,Store
C01331,2025-12-08,1944.0,Web
C01331,2026-03-13,1900.0,Web
C01331,2026-05-16,8763.0,Web
C01332,2025-08-06,1046.0,App
C01332,2025-08-17,7035.0,Web
C01332,2025-09-06,2006.0,Web
C01333,2025-07-14,2642.0,Web
C01334,2025-08-24,761.0,Web
C01335,2025-06-18,1597.0,Web
C01335,2025-08-20,4455.0,App
C01335,2026-01-08,2594.0,App
C01335,2026-01-22,5850.0,Web
C01335,2026-03-29,4422.0,App
C01335,2026-04-18,4777.0,App
C01335,2026-04-28,2185.0,Web
C01335,2026-05-27,3862.0,Web
C01336,2025-07-10,2786.0,Web
C01336,2025-08-11,2626.0,Web
C01336,2025-09-28,4127.0,App
C01336,2026-01-13,2948.0,App
C01337,2025-08-09,1668.0,Web
C01337,2025-11-02,5328.0,App
C01337,2025-11-24,3397.0,App
C01337,2026-02-27,4248.0,Web
C01337,2026-04-02,4829.0,App
C01337,2026-05-09,3523.0,Web
C01337,2026-07-21,5057.0,App
C01338,2025-06-26,3961.0,Web
C01338,2025-07-17,2874.0,App
C01338,2025-08-13,4032.0,Web
C01339,2025-06-12,2842.0,Web
C01339,2025-09-23,3544.0,Store
C01339,2025-12-15,3674.0,App
C01339,2026-02-14,2723.0,Web
C01340,2025-03-28,6475.0,Web
C01340,2025-04-01,5390.0,Web
C01340,2025-04-10,9052.0,Web
C01340,2025-04-27,8032.0,Web
C01340,2025-05-21,4509.0,App
C01340,2025-06-30,8921.0,Web
C01340,2025-07-17,13594.0,Web
C01340,2025-07-26,7900.0,Web
C01340,2025-08-01,6449.0,App
C01340,2025-09-08,3933.0,App
C01340,2025-09-28,14463.0,App
C01340,2025-10-14,5887.0,Web
C01340,2025-11-04,4310.0,Store
C01340,2025-12-06,7333.0,App
C01340,2026-01-23,10040.0,App
C01341,2025-06-09,7107.0,Store
C01341,2025-08-18,3835.0,Web
C01341,2025-09-01,8597.0,Web
C01341,2025-10-07,6062.0,App
C01341,2025-11-23,5089.0,Web
C01341,2025-11-26,5164.0,Web
C01341,2026-02-10,3832.0,App
C01341,2026-02-26,3735.0,Store
C01341,2026-03-18,5126.0,App
C01341,2026-03-30,2857.0,Web
C01341,2026-06-05,3628.0,App
C01342,2025-07-16,2995.0,App
C01342,2025-11-17,2682.0,App
C01342,2026-02-15,3350.0,Web
C01343,2025-07-25,3398.0,Web
C01343,2025-09-14,1963.0,App
C01343,2025-09-24,3554.0,App
C01344,2025-05-04,3345.0,Web
C01344,2025-06-15,2518.0,App
C01344,2025-08-12,1325.0,Web
C01345,2025-03-31,4947.0,Web
C01345,2025-06-04,1158.0,Web
C01345,2025-08-25,2272.0,Web
C01345,2025-09-14,3878.0,Web
C01345,2025-12-23,3856.0,App
C01345,2026-01-12,3991.0,App
C01345,2026-04-09,3473.0,Web
C01345,2026-05-06,1890.0,App
C01346,2025-03-26,2904.0,Web
C01346,2025-03-30,3448.0,Web
C01346,2025-04-01,1530.0,Web
C01347,2025-03-11,6366.0,Web
C01347,2025-04-09,5334.0,Store
C01347,2025-05-07,7229.0,Web
C01347,2025-06-07,4009.0,Web
C01347,2025-06-19,10871.0,App
C01347,2025-07-02,4585.0,Store
C01347,2025-08-09,7873.0,Store
C01347,2025-08-23,7833.0,Web
C01347,2025-08-29,8788.0,App
C01347,2025-09-08,7715.0,Web
C01347,2025-10-09,7061.0,App
C01347,2025-11-03,8196.0,App
C01347,2025-11-19,9448.0,Web
C01347,2025-11-23,13229.0,Web
C01347,2025-12-18,4796.0,App
C01347,2026-01-01,3706.0,Web
C01347,2026-01-06,4105.0,Store
C01348,2025-06-26,5161.0,Web
C01348,2025-07-22,10518.0,Web
C01348,2025-08-10,12375.0,Web
C01348,2025-08-17,5112.0,Web
C01348,2025-09-02,2920.0,App
C01348,2025-09-18,7011.0,Web
C01348,2025-10-04,5141.0,App
C01348,2025-10-11,5507.0,App
C01348,2025-12-08,6490.0,Web
C01348,2025-12-12,8143.0,App
C01348,2026-01-24,5367.0,Web
C01349,2025-06-28,4763.0,Web
C01349,2025-07-18,5344.0,App
C01349,2025-08-03,6670.0,App
C01349,2025-08-10,4155.0,App
C01349,2025-08-18,5178.0,Web
C01349,2025-08-26,9263.0,Web
C01349,2025-09-07,9657.0,Web
C01349,2025-09-19,2906.0,App
C01349,2025-11-02,5745.0,Store
C01349,2025-11-25,11021.0,App
C01349,2025-12-18,8075.0,Store
C01349,2026-01-06,8135.0,Web
C01349,2026-01-27,8594.0,Web
C01350,2025-03-25,3298.0,App
C01350,2025-04-26,10497.0,App
C01350,2025-06-12,3785.0,Web
C01350,2025-06-17,6434.0,App
C01350,2025-07-10,4780.0,Store
C01350,2025-07-21,3837.0,Web
C01350,2025-09-17,4034.0,Web
C01350,2025-10-28,8200.0,Web
C01350,2025-11-17,6553.0,Web
C01350,2025-12-13,4395.0,App
C01350,2026-02-16,2033.0,Store
C01350,2026-03-10,5213.0,App
C01350,2026-03-16,2803.0,App
C01350,2026-04-16,5725.0,App
C01351,2025-06-04,2389.0,Web
C01351,2025-07-30,2097.0,App
C01351,2025-08-13,3850.0,Web
C01351,2025-11-01,4365.0,Web
C01351,2026-03-07,2744.0,Web
C01352,2025-09-08,2639.0,Web
C01352,2025-09-19,2122.0,Store
C01352,2025-11-09,1980.0,App
C01352,2025-12-09,4630.0,App
C01352,2026-02-04,3399.0,Web
C01352,2026-04-10,1334.0,Web
C01353,2026-07-22,5602.0,Web
C01354,2026-07-27,5643.0,App
C01355,2025-06-16,4058.0,App
C01355,2025-07-03,2408.0,App
C01355,2025-09-06,7385.0,Web
C01355,2025-11-08,2118.0,Web
C01355,2026-03-23,7237.0,Store
C01356,2025-04-19,10017.0,App
C01356,2025-05-07,8024.0,Web
C01356,2025-06-16,8068.0,Store
C01356,2025-06-24,5604.0,Web
C01356,2025-07-06,6970.0,Web
C01356,2025-08-21,6899.0,App
C01356,2025-09-01,5051.0,Store
C01356,2025-09-28,8530.0,App
C01356,2025-10-08,13050.0,App
C01356,2025-11-10,4576.0,Store
C01356,2025-11-13,8933.0,App
C01356,2025-11-18,6495.0,App
C01356,2025-11-24,6238.0,Web
C01356,2025-12-18,7724.0,Web
C01356,2025-12-27,7765.0,Web
C01356,2026-01-17,8027.0,Store
C01356,2026-01-30,5065.0,Web
C01356,2026-02-17,11019.0,Web
C01356,2026-02-28,7741.0,Web
C01356,2026-04-04,9263.0,Web
C01356,2026-04-09,11511.0,App
C01356,2026-05-04,3841.0,Web
C01356,2026-05-08,9383.0,App
C01356,2026-05-19,7104.0,App
C01356,2026-05-29,10749.0,App
C01356,2026-06-08,5684.0,Web
C01356,2026-06-15,10439.0,App
C01356,2026-06-18,5201.0,Web
C01356,2026-07-12,8662.0,Web
C01356,2026-08-12,8312.0,Web
C01357,2025-04-29,3559.0,Web
C01357,2025-05-23,1086.0,App
C01357,2025-06-21,2065.0,Web
C01358,2025-03-21,3181.0,Store
C01358,2025-04-09,7290.0,Web
C01358,2025-05-03,4257.0,Web
C01359,2025-06-17,2112.0,Web
C01359,2025-06-27,4568.0,Web
C01359,2025-07-14,2927.0,Web
C01360,2025-04-14,3425.0,Web
C01360,2025-05-08,11407.0,Web
C01360,2025-06-11,4137.0,Web
C01360,2025-07-31,5515.0,App
C01360,2025-09-13,3378.0,Store
C01360,2025-09-29,2374.0,App
C01360,2025-10-21,3449.0,Web
C01360,2025-12-17,3463.0,Web
C01360,2026-02-22,3454.0,App
C01360,2026-03-04,2434.0,App
C01360,2026-03-13,4874.0,App
C01360,2026-06-11,4034.0,App
C01361,2025-05-20,1346.0,App
C01361,2025-06-07,2304.0,App
C01361,2025-06-12,2683.0,Web
C01362,2025-07-05,9873.0,App
C01362,2025-08-01,4810.0,Web
C01362,2025-08-21,7058.0,App
C01362,2025-09-04,2546.0,Web
C01362,2025-09-22,9141.0,Web
C01362,2025-10-19,5364.0,Web
C01362,2025-10-31,5414.0,Web
C01362,2025-12-01,6760.0,Web
C01363,2025-05-04,1569.0,Web
C01363,2025-05-28,3814.0,Web
C01363,2025-06-02,3437.0,Web
C01364,2025-05-25,5160.0,Web
C01364,2025-06-06,7292.0,Store
C01364,2025-06-19,10639.0,Web
C01364,2025-07-09,3643.0,App
C01364,2025-07-11,6561.0,Web
C01364,2025-07-18,8278.0,Web
C01364,2025-07-22,10952.0,Web
C01364,2025-08-04,14128.0,Web
C01364,2025-08-08,6875.0,Store
C01364,2025-08-17,15008.0,App
C01364,2025-08-25,8825.0,Store
C01364,2025-09-27,10006.0,App
C01364,2025-10-06,5183.0,Web
C01364,2025-11-28,8819.0,App
C01364,2025-12-08,10313.0,App
C01364,2025-12-29,5912.0,App
C01364,2026-01-15,3023.0,Web
C01364,2026-01-30,7928.0,Web
C01364,2026-02-26,6979.0,App
C01364,2026-03-12,12045.0,App
C01364,2026-03-21,6233.0,Web
C01364,2026-04-14,5879.0,Web
C01364,2026-04-20,4994.0,Web
C01364,2026-05-01,6036.0,App
C01364,2026-05-28,19137.0,Web
C01364,2026-06-10,4318.0,App
C01364,2026-06-30,4715.0,Web
C01364,2026-07-18,7383.0,Web
C01364,2026-07-27,15019.0,Web
C01365,2025-03-23,2454.0,Web
C01365,2025-05-06,4073.0,Web
C01365,2025-06-29,2216.0,Web
C01366,2025-04-25,4080.0,Web
C01366,2025-05-23,2709.0,Store
C01366,2025-07-18,2905.0,Web
C01367,2026-07-04,2467.0,Store
C01367,2026-08-04,4580.0,Web
C01368,2025-03-12,4945.0,App
C01368,2025-04-23,2929.0,App
C01368,2025-07-18,2805.0,App
C01368,2025-09-05,2912.0,Web
C01368,2025-10-02,3003.0,App
C01368,2025-11-26,4803.0,Web
C01368,2025-12-23,9820.0,App
C01368,2026-02-25,5024.0,App
C01368,2026-03-07,4463.0,App
C01368,2026-03-25,6781.0,Web
C01368,2026-04-16,3314.0,Web
C01368,2026-05-28,7002.0,App
C01368,2026-06-01,6798.0,Web
C01368,2026-07-01,4726.0,Web
C01368,2026-07-29,10665.0,App
C01369,2025-07-13,7660.0,Web
C01369,2025-07-21,6795.0,Web
C01369,2025-09-11,3540.0,Web
C01369,2025-12-13,4619.0,Web
C01369,2025-12-31,2573.0,App
C01369,2026-01-12,3744.0,Web
C01369,2026-01-15,4670.0,App
C01369,2026-02-15,5212.0,App
C01369,2026-03-05,6329.0,App
C01369,2026-06-21,8694.0,Web
C01370,2026-06-27,4561.0,App
C01370,2026-06-28,2512.0,Web
C01371,2025-07-23,6074.0,Store
C01371,2025-09-11,7885.0,Web
C01371,2025-09-19,4226.0,Store
C01371,2025-10-08,7493.0,Store
C01371,2025-11-16,5119.0,App
C01371,2025-12-28,4664.0,Web
C01371,2026-02-20,4752.0,App
C01371,2026-04-09,3310.0,Web
C01371,2026-05-28,3146.0,Web
C01371,2026-07-28,2391.0,Web
C01371,2026-08-07,3443.0,Web
C01372,2025-03-30,4935.0,App
C01372,2025-05-30,2352.0,Web
C01372,2025-06-02,4529.0,Web
C01372,2025-06-09,3613.0,Web
C01372,2025-08-18,963.0,Web
C01372,2025-09-24,4152.0,App
C01372,2026-01-03,2863.0,App
C01372,2026-04-10,2572.0,App
C01372,2026-06-05,2616.0,Web
C01373,2025-05-30,4904.0,App
C01373,2025-06-09,8519.0,Web
C01373,2025-06-16,9575.0,Web
C01373,2025-06-19,5682.0,Store
C01373,2025-06-25,8730.0,App
C01373,2025-07-02,10734.0,Store
C01373,2025-08-06,6215.0,Web
C01373,2025-08-21,4263.0,App
C01373,2025-09-12,4454.0,Web
C01373,2025-10-01,5567.0,Web
C01373,2025-10-10,6035.0,Web
C01373,2025-11-12,6966.0,App
C01373,2025-12-25,7015.0,Web
C01373,2026-01-22,6413.0,App
C01374,2025-03-26,1892.0,Web
C01374,2025-06-30,3688.0,Web
C01374,2025-08-16,3240.0,Web
C01374,2025-12-21,2289.0,Web
C01374,2026-01-28,1829.0,Web
C01375,2025-03-13,3005.0,Store
C01375,2025-04-27,1903.0,Web
C01375,2025-05-17,2816.0,App
C01375,2025-07-01,6144.0,App
C01375,2025-10-07,8250.0,App
C01375,2025-11-03,2875.0,App
C01375,2025-11-17,3841.0,Web
C01375,2026-01-08,3774.0,Store
C01375,2026-01-29,1458.0,Web
C01376,2025-06-15,4207.0,Web
C01376,2025-06-27,10451.0,Web
C01376,2025-07-27,5791.0,Web
C01376,2025-10-01,4213.0,Web
C01376,2025-10-27,3947.0,App
C01376,2025-11-17,6974.0,Web
C01376,2025-12-05,3724.0,Web
C01376,2026-02-02,3967.0,App
C01376,2026-03-16,3635.0,Web
C01376,2026-07-07,3412.0,Web
C01377,2025-03-25,2203.0,Web
C01377,2025-04-26,3834.0,App
C01377,2025-06-30,2094.0,Web
C01378,2025-03-08,3202.0,Web
C01378,2025-06-10,7740.0,Web
C01378,2025-10-19,655.0,Store
C01378,2025-12-10,3096.0,App
C01378,2026-02-06,5365.0,Web
C01378,2026-06-07,2509.0,Store
C01379,2025-05-01,3129.0,Web
C01379,2025-05-29,3413.0,App
C01379,2025-07-25,2302.0,Web
C01380,2025-07-08,5441.0,App
C01380,2025-08-11,6693.0,Web
C01380,2025-09-24,6472.0,App
C01380,2025-10-23,7186.0,Store
C01380,2025-11-08,4163.0,Web
C01380,2025-11-30,4815.0,Web
C01380,2025-12-20,4259.0,App
C01380,2026-01-05,5149.0,App
C01380,2026-01-11,5478.0,App
C01380,2026-01-18,4911.0,Store
C01381,2025-03-14,5911.0,Store
C01381,2025-03-29,5931.0,App
C01381,2025-05-18,10454.0,Store
C01381,2025-06-12,8660.0,Web
C01381,2025-07-19,7663.0,App
C01381,2025-08-25,4690.0,Web
C01381,2025-08-28,7675.0,App
C01381,2025-09-04,6548.0,Web
C01381,2025-09-18,5126.0,App
C01381,2025-09-28,5715.0,App
C01381,2025-10-24,9001.0,App
C01381,2025-11-20,10897.0,Web
C01381,2025-12-03,4872.0,App
C01381,2025-12-15,5092.0,App
C01382,2025-03-04,6084.0,App
C01382,2025-03-11,5270.0,App
C01382,2025-03-15,12913.0,Web
C01382,2025-03-22,7471.0,Web
C01382,2025-03-31,4208.0,Web
C01382,2025-04-23,7448.0,App
C01382,2025-05-05,3628.0,App
C01382,2025-06-02,8207.0,Web
C01382,2025-06-10,7911.0,Web
C01382,2025-06-23,6225.0,Web
C01382,2025-07-02,5416.0,Web
C01382,2025-07-04,9162.0,Web
C01382,2025-07-20,7309.0,Store
C01382,2025-09-25,3814.0,Web
C01382,2025-09-30,11468.0,Web
C01382,2025-10-25,5415.0,Web
C01382,2025-11-23,4744.0,Store
C01382,2025-12-09,12106.0,Web
C01382,2025-12-14,10903.0,App
C01382,2026-02-07,6495.0,Web
C01382,2026-03-01,4854.0,App
C01382,2026-04-11,5473.0,Web
C01382,2026-04-14,6456.0,App
C01382,2026-04-23,11517.0,App
C01382,2026-04-28,11839.0,Web
C01382,2026-05-29,7975.0,App
C01382,2026-06-01,9447.0,Web
C01382,2026-06-15,6993.0,Web
C01382,2026-06-27,5544.0,Web
C01382,2026-06-29,4450.0,App
C01382,2026-07-23,8425.0,App
C01383,2025-05-31,4825.0,Web
C01383,2025-06-17,2633.0,App
C01383,2025-07-03,1984.0,Web
C01384,2025-10-03,1445.0,App
C01384,2025-10-22,3266.0,App
C01384,2025-12-05,3107.0,Web
C01384,2026-01-16,5414.0,Web
C01384,2026-03-08,2949.0,Web
C01385,2025-09-18,3278.0,App
C01385,2026-02-19,7125.0,Web
C01385,2026-03-29,1959.0,Web
C01385,2026-07-23,1016.0,Web
C01386,2025-06-10,9940.0,Store
C01386,2025-08-26,5270.0,Web
C01386,2025-09-29,7705.0,App
C01386,2025-10-14,6521.0,App
C01386,2025-10-19,9840.0,Web
C01386,2025-11-01,6676.0,Web
C01386,2025-12-14,5291.0,Web
C01386,2026-02-07,10638.0,App
C01386,2026-02-16,5636.0,Web
C01386,2026-02-28,7943.0,Web
C01386,2026-04-08,11752.0,Web
C01386,2026-05-15,5828.0,Web
C01386,2026-05-24,7257.0,Web
C01386,2026-06-18,6471.0,Web
C01386,2026-06-28,7879.0,App
C01386,2026-07-30,7347.0,Store
C01386,2026-08-14,10385.0,Store
C01387,2025-06-11,8104.0,App
C01387,2025-10-30,3149.0,Store
C01387,2026-02-22,2913.0,Web
C01388,2026-07-10,6469.0,Web
C01388,2026-07-22,3853.0,Web
C01389,2025-07-14,4881.0,Web
C01389,2025-09-18,2316.0,Store
C01389,2025-12-20,4768.0,Store
C01390,2025-03-08,11023.0,Web
C01390,2025-04-04,14786.0,App
C01390,2025-05-27,13550.0,Store
C01390,2025-06-06,12260.0,Web
C01390,2025-06-18,7594.0,Web
C01390,2025-06-26,8490.0,App
C01390,2025-07-12,4194.0,Web
C01390,2025-08-23,7876.0,Web
C01390,2025-08-28,9174.0,App
C01390,2025-09-11,6814.0,App
C01390,2025-09-16,4387.0,Web
C01390,2025-10-18,13094.0,Store
C01390,2025-11-11,8674.0,App
C01390,2025-11-20,13741.0,Web
C01390,2026-01-06,9757.0,Web
C01390,2026-01-16,12148.0,App
C01390,2026-01-28,11305.0,App
C01390,2026-02-05,5932.0,App
C01390,2026-02-28,6297.0,Web
C01390,2026-03-06,6477.0,Web
C01390,2026-03-16,5365.0,App
C01390,2026-03-25,13957.0,Web
C01390,2026-04-11,7637.0,App
C01390,2026-04-15,8838.0,Web
C01390,2026-04-28,4722.0,Web
C01390,2026-05-30,10021.0,Web
C01390,2026-06-04,6520.0,App
C01390,2026-06-28,11699.0,Web
C01390,2026-07-25,5920.0,Web
C01390,2026-08-07,11993.0,Web
C01390,2026-08-09,10459.0,App
C01391,2025-09-10,4614.0,App
C01391,2025-10-02,2999.0,Web
C01391,2025-11-11,2067.0,App
C01391,2025-12-15,7215.0,Store
C01391,2026-01-09,2218.0,App
C01391,2026-03-25,2508.0,Web
C01392,2025-03-21,2904.0,Store
C01392,2025-04-04,2176.0,Web
C01392,2025-06-23,2115.0,Store
C01392,2025-09-01,3287.0,Web
C01392,2025-11-25,3204.0,Web
C01392,2026-01-18,4044.0,Web
C01392,2026-02-02,1926.0,Web
C01392,2026-03-14,2124.0,Web
C01393,2025-06-07,4961.0,Web
C01393,2025-07-04,4257.0,App
C01393,2025-08-10,5324.0,Web
C01393,2025-10-10,1365.0,Web
C01393,2025-10-31,6962.0,Web
C01393,2025-12-24,2775.0,Web
C01393,2026-01-14,3463.0,Store
C01393,2026-03-31,2636.0,App
C01393,2026-05-14,3438.0,App
C01394,2025-07-12,5928.0,App
C01394,2025-07-15,4151.0,App
C01394,2025-08-24,2942.0,Web
C01394,2025-08-31,6768.0,Web
C01394,2025-09-18,6717.0,App
C01394,2025-10-20,2916.0,Web
C01394,2025-11-25,5190.0,App
C01394,2026-04-02,5007.0,App
C01394,2026-04-17,4492.0,App
C01394,2026-05-23,3755.0,App
C01394,2026-06-04,4350.0,Web
C01395,2025-09-08,688.0,Web
C01395,2025-11-27,2490.0,Web
C01395,2025-12-16,1659.0,App
C01395,2026-03-08,5661.0,Web
C01395,2026-03-11,1924.0,Web
C01396,2025-06-02,4322.0,Web
C01396,2025-06-16,5868.0,App
C01396,2025-07-12,2860.0,Web
C01396,2025-10-28,5530.0,App
C01396,2025-11-18,3009.0,App
C01396,2025-12-31,3138.0,App
C01396,2026-02-10,4360.0,Web
C01396,2026-02-18,7442.0,Web
C01396,2026-04-01,3296.0,App
C01396,2026-06-07,2267.0,Web
C01396,2026-07-17,3162.0,Web
C01396,2026-07-26,3957.0,Web
C01396,2026-08-08,9748.0,App
C01397,2025-05-30,2127.0,Web
C01397,2025-06-07,2516.0,App
C01397,2025-06-24,3355.0,App
C01398,2025-07-11,2263.0,App
C01398,2025-08-07,4786.0,Store
C01398,2025-09-28,2726.0,Web
C01398,2025-12-13,6648.0,Web
C01398,2026-04-04,5745.0,Web
C01398,2026-05-18,3220.0,Web
C01398,2026-06-24,2048.0,App
C01399,2025-03-16,2406.0,Store
C01399,2025-04-02,2172.0,App
C01399,2025-05-28,1602.0,Web
C01400,2025-07-10,6840.0,Web
C01400,2025-07-12,8070.0,Web
C01400,2025-08-03,8783.0,Web
C01400,2025-08-12,9715.0,Web
C01400,2025-09-04,7324.0,App
C01400,2025-10-03,6417.0,App
C01400,2025-10-23,7670.0,Store
C01400,2025-11-02,10702.0,App
C01400,2025-12-05,8795.0,Web
C01400,2025-12-12,6292.0,Web
C01400,2026-01-04,7193.0,Store
C01401,2025-03-10,9851.0,Store
C01401,2025-03-31,10318.0,Web
C01401,2025-04-28,6561.0,Web
C01401,2025-05-03,9337.0,App
C01401,2025-05-29,6453.0,Store
C01401,2025-06-16,10950.0,Web
C01401,2025-07-11,2705.0,Web
C01401,2025-08-07,11697.0,Web
C01401,2025-09-05,4780.0,Store
C01401,2025-10-01,7280.0,Web
C01401,2025-10-15,5306.0,App
C01402,2025-03-04,3152.0,Web
C01402,2025-03-30,6592.0,App
C01402,2025-06-04,3837.0,Web
C01402,2025-08-12,13121.0,App
C01402,2025-08-18,6785.0,App
C01402,2025-10-05,5530.0,Web
C01402,2025-10-08,8445.0,App
C01402,2025-11-05,6287.0,Web
C01402,2026-03-05,4969.0,Store
C01402,2026-04-20,2622.0,Web
C01402,2026-05-08,6023.0,Web
C01402,2026-06-27,8070.0,App
C01402,2026-07-14,3641.0,Web
C01403,2025-05-08,2176.0,Web
C01403,2025-06-14,5157.0,Web
C01403,2025-07-14,2750.0,Web
C01403,2025-09-30,2218.0,Web
C01403,2025-10-15,4727.0,App
C01403,2026-01-06,6072.0,Web
C01403,2026-02-16,3435.0,Web
C01403,2026-05-24,2013.0,Web
C01404,2026-07-12,2596.0,Store
C01405,2025-04-21,6116.0,Web
C01405,2025-05-09,4560.0,App
C01405,2025-05-18,1945.0,App
C01405,2025-06-14,5965.0,App
C01405,2025-06-25,8698.0,Web
C01405,2025-08-13,3300.0,Web
C01405,2025-08-16,3893.0,Web
C01405,2025-11-30,6373.0,App
C01405,2026-01-03,6441.0,App
C01405,2026-02-23,7158.0,Web
C01405,2026-04-19,6926.0,Web
C01405,2026-05-26,2501.0,App
C01405,2026-07-09,3810.0,Web
C01406,2026-07-12,2858.0,Web
C01406,2026-08-05,2738.0,Store
C01407,2025-03-14,3675.0,Store
C01407,2025-05-04,4784.0,Web
C01407,2025-07-12,3011.0,Web
C01407,2025-12-03,4724.0,App
C01407,2026-03-22,5046.0,App
C01407,2026-04-04,2622.0,Web
C01407,2026-05-01,7388.0,Web
C01407,2026-06-09,4423.0,Web
C01407,2026-07-22,2605.0,App
C01408,2025-03-26,3311.0,Web
C01408,2025-04-26,3918.0,App
C01408,2025-05-14,2927.0,Web
C01408,2025-07-30,3778.0,Web
C01408,2025-09-03,4268.0,Store
C01408,2025-10-09,4924.0,App
C01408,2026-02-25,5512.0,App
C01408,2026-05-04,4267.0,App
C01408,2026-06-02,3393.0,App
C01409,2025-05-18,4637.0,Web
C01409,2025-10-24,2217.0,App
C01409,2026-03-09,2810.0,App
C01410,2025-05-07,1925.0,App
C01410,2025-07-26,3508.0,App
C01410,2025-08-15,9094.0,Store
C01410,2025-12-24,5776.0,Web
C01410,2026-04-12,3154.0,App
C01411,2025-04-12,2047.0,App
C01411,2025-07-06,1787.0,Web
C01411,2025-09-01,3020.0,Web
C01411,2025-12-19,1744.0,App
C01411,2025-12-30,2836.0,Web
C01411,2026-01-26,3265.0,Store
C01412,2025-07-30,1088.0,App
C01412,2026-01-04,3379.0,Web
C01412,2026-04-23,4168.0,Store
C01413,2025-09-29,3279.0,Web
C01413,2025-12-10,4376.0,Store
C01413,2026-02-15,2629.0,App
C01414,2025-06-17,2187.0,Web
C01414,2025-08-22,2986.0,Web
C01414,2025-10-08,4170.0,Web
C01414,2025-11-03,1683.0,App
C01414,2026-01-20,3881.0,App
C01415,2025-07-18,7505.0,Web
C01415,2025-08-07,6672.0,Web
C01415,2025-08-27,7662.0,Web
C01415,2026-01-19,3367.0,App
C01415,2026-01-26,3194.0,Web
C01415,2026-04-08,4761.0,Web
C01415,2026-05-07,5449.0,Store
C01415,2026-05-22,4750.0,Store
C01416,2025-08-25,3069.0,Web
C01416,2025-09-06,2637.0,Store
C01416,2025-09-28,2648.0,App
C01416,2025-11-12,9138.0,Web
C01416,2026-01-04,1488.0,Store
C01417,2025-06-21,2793.0,App
C01417,2025-07-10,1946.0,App
C01417,2025-07-21,2016.0,Store
C01418,2025-05-01,783.0,Web
C01418,2025-06-20,3576.0,Web
C01418,2025-09-22,2179.0,Web
C01419,2025-07-29,6289.0,App
C01419,2025-10-31,5738.0,Web
C01419,2026-01-11,1567.0,App
C01419,2026-01-22,2073.0,App
C01419,2026-04-07,4252.0,Web
C01419,2026-05-07,5679.0,Web
C01420,2025-03-23,3578.0,App
C01420,2025-11-11,3069.0,App
C01420,2025-11-23,3689.0,App
C01420,2025-12-11,1658.0,Web
C01420,2025-12-19,4855.0,Web
C01420,2026-01-18,1845.0,App
C01420,2026-03-23,6359.0,Web
C01421,2025-07-23,5249.0,Web
C01421,2025-10-22,1990.0,Web
C01421,2025-12-09,1347.0,App
C01421,2026-03-24,5701.0,App
C01421,2026-06-11,1443.0,Web
C01421,2026-07-13,2654.0,Web
C01422,2025-07-15,2759.0,Store
C01422,2025-08-23,4351.0,Web
C01422,2025-09-08,2231.0,App
C01423,2025-05-07,2329.0,Web
C01423,2025-05-24,2639.0,App
C01423,2025-06-22,2328.0,App
C01424,2025-06-15,6616.0,Web
C01424,2025-09-10,5216.0,Store
C01424,2025-09-29,6474.0,Web
C01424,2025-10-13,13085.0,App
C01424,2025-10-27,6951.0,Web
C01424,2025-12-04,8866.0,Web
C01424,2025-12-05,4913.0,Web
C01425,2025-03-21,8971.0,Web
C01425,2025-03-22,5369.0,App
C01425,2025-04-11,6072.0,Web
C01425,2025-04-22,7984.0,App
C01425,2025-04-29,12095.0,App
C01425,2025-05-17,6694.0,App
C01425,2025-05-29,5317.0,Web
C01425,2025-06-16,9904.0,App
C01425,2025-06-24,3500.0,Web
C01425,2025-07-16,10163.0,Web
C01425,2025-07-31,4272.0,App
C01425,2025-08-30,8879.0,Web
C01425,2025-09-04,5972.0,Web
C01425,2025-09-16,7893.0,Store
C01425,2025-09-27,14625.0,Web
C01425,2025-10-23,5262.0,App
C01425,2025-11-27,4970.0,App
C01425,2025-12-16,7250.0,Web
C01426,2025-05-02,7769.0,App
C01426,2025-06-02,3749.0,App
C01426,2025-07-24,4089.0,Web
C01426,2025-08-23,7227.0,Web
C01426,2025-09-22,10104.0,Store
C01426,2025-10-18,7395.0,App
C01426,2025-11-09,8438.0,App
C01426,2025-11-18,6911.0,App
C01426,2025-12-06,9879.0,App
C01427,2025-06-05,2839.0,Web
C01427,2025-07-13,4009.0,App
C01427,2025-10-31,4507.0,Web
C01427,2025-11-22,6674.0,Store
C01427,2026-01-07,3721.0,Web
C01427,2026-01-12,3471.0,App
C01427,2026-03-12,3885.0,Store
C01427,2026-06-01,5569.0,App
C01428,2025-04-06,4009.0,Web
C01428,2025-05-20,5469.0,Web
C01428,2025-07-03,4772.0,Web
C01428,2025-07-16,10832.0,App
C01428,2025-08-10,7026.0,Web
C01428,2025-09-04,3524.0,Web
C01428,2025-10-05,2891.0,Web
C01428,2025-12-19,3936.0,Web
C01428,2026-01-07,2993.0,Web
C01428,2026-02-01,3842.0,App
C01428,2026-03-17,3132.0,App
C01428,2026-04-19,4050.0,App
C01428,2026-06-16,4069.0,Web
C01429,2025-06-04,3628.0,Web
C01429,2025-09-26,2947.0,App
C01429,2025-12-05,4765.0,Web
C01429,2026-01-31,6296.0,App
C01429,2026-03-03,2501.0,Web
C01429,2026-04-02,4205.0,App
C01430,2025-06-23,9610.0,App
C01430,2025-07-23,6253.0,Web
C01430,2025-08-12,4859.0,App
C01430,2025-08-27,4502.0,App
C01430,2025-09-29,6718.0,Web
C01430,2025-10-10,4800.0,Web
C01430,2025-10-21,5336.0,Web
C01430,2025-10-28,6688.0,Web
C01430,2025-12-03,11506.0,Web
C01430,2025-12-08,4158.0,Web
C01430,2026-01-10,7128.0,Web
C01431,2025-05-29,4235.0,Web
C01431,2026-01-05,2135.0,Web
C01431,2026-03-08,1791.0,Web
C01431,2026-04-15,1564.0,Web
C01431,2026-06-16,4217.0,Web
C01431,2026-07-19,5590.0,App
C01432,2025-05-17,3951.0,App
C01432,2025-06-12,1972.0,Web
C01432,2025-07-21,3472.0,Web
C01433,2025-04-18,6521.0,App
C01433,2025-04-30,6738.0,Store
C01433,2025-05-11,10376.0,Web
C01433,2025-05-13,6092.0,Web
C01433,2025-05-18,7758.0,App
C01433,2025-05-30,3741.0,Web
C01433,2025-06-05,6756.0,Web
C01433,2025-06-08,11881.0,Web
C01433,2025-06-14,8462.0,App
C01433,2025-07-24,10309.0,Web
C01433,2025-07-28,10516.0,Web
C01433,2025-08-02,12066.0,Web
C01433,2025-08-29,6664.0,Web
C01433,2025-09-18,10465.0,Web
C01433,2025-10-01,16525.0,Web
C01433,2025-10-26,7456.0,App
C01433,2025-11-10,4741.0,App
C01433,2025-11-11,6110.0,Web
C01433,2025-11-20,8865.0,App
C01433,2026-01-19,4206.0,Web
C01433,2026-02-03,5763.0,Web
C01433,2026-03-07,6704.0,Web
C01433,2026-04-09,7820.0,Web
C01433,2026-05-01,14111.0,App
C01433,2026-05-15,9573.0,App
C01433,2026-05-22,5095.0,Web
C01433,2026-05-26,29132.0,Web
C01433,2026-06-27,7481.0,Web
C01433,2026-07-16,4179.0,App
C01433,2026-08-04,5232.0,Store
C01434,2025-06-10,2484.0,App
C01434,2025-08-11,4099.0,App
C01434,2025-09-19,8748.0,Web
C01434,2025-10-20,6674.0,Store
C01434,2025-10-29,4262.0,Web
C01434,2025-12-03,4623.0,App
C01434,2025-12-15,5198.0,Store
C01434,2026-01-04,3976.0,App
C01434,2026-03-18,5745.0,Web
C01434,2026-03-25,5616.0,Store
C01434,2026-04-19,2955.0,Web
C01434,2026-05-16,3794.0,Web
C01434,2026-06-06,3849.0,App
C01434,2026-06-18,4167.0,Web
C01435,2026-07-07,3597.0,App
C01435,2026-08-11,4835.0,Web
C01436,2025-05-11,3853.0,Web
C01436,2025-08-09,2687.0,App
C01436,2025-12-14,2693.0,App
C01437,2026-07-20,2418.0,Web
C01437,2026-08-11,7276.0,Web
C01438,2025-06-27,2079.0,Web
C01438,2025-07-10,1827.0,Web
C01438,2025-08-16,2143.0,Web
C01439,2025-04-12,4309.0,App
C01439,2025-09-16,4830.0,App
C01439,2025-12-09,1806.0,Web
C01439,2026-01-19,3244.0,Web
C01440,2025-08-21,4266.0,Web
C01440,2025-10-03,2975.0,Web
C01440,2025-11-10,2469.0,Web
C01440,2025-12-22,2241.0,App
C01440,2026-02-04,7680.0,App
C01441,2026-07-21,3814.0,Web
C01441,2026-08-03,2688.0,App
C01442,2025-03-15,7804.0,Web
C01442,2025-04-17,10118.0,Web
C01442,2025-05-09,12976.0,App
C01442,2025-06-03,11730.0,Web
C01442,2025-07-02,4756.0,App
C01442,2025-07-14,6088.0,App
C01442,2025-08-22,6354.0,App
C01442,2025-08-25,9409.0,Web
C01442,2025-09-04,6268.0,Web
C01442,2025-09-26,6182.0,Web
C01442,2025-10-27,5820.0,Web
C01442,2025-11-07,8355.0,Web
C01442,2025-12-04,9396.0,App
C01442,2025-12-09,4924.0,Web
C01442,2026-01-03,6285.0,App
C01442,2026-01-18,3876.0,App
C01442,2026-02-21,3258.0,Web
C01442,2026-03-04,8916.0,Web
C01442,2026-03-18,8403.0,Web
C01442,2026-03-28,7993.0,App
C01442,2026-04-08,13113.0,Web
C01442,2026-05-17,4186.0,Web
C01442,2026-05-27,3633.0,App
C01442,2026-06-13,5079.0,Web
C01442,2026-06-24,3583.0,Web
C01442,2026-07-11,6071.0,Web
C01442,2026-07-31,9228.0,Web
C01443,2025-07-08,3475.0,App
C01443,2025-08-04,3897.0,App
C01443,2025-10-03,3425.0,Store
C01443,2025-12-07,3235.0,App
C01443,2025-12-18,4701.0,App
C01443,2026-01-18,6841.0,Web
C01443,2026-03-07,4841.0,App
C01443,2026-03-11,3272.0,App
C01443,2026-04-11,4267.0,Store
C01444,2025-06-27,5527.0,Web
C01444,2025-07-20,7773.0,Web
C01444,2025-08-05,4577.0,Web
C01444,2025-08-10,5125.0,Web
C01444,2025-08-24,3920.0,App
C01444,2025-08-29,4830.0,Web
C01444,2025-09-19,4166.0,Web
C01444,2025-11-10,2868.0,App
C01444,2025-12-26,6545.0,App
C01444,2026-02-18,8371.0,Web
C01444,2026-03-02,4547.0,Web
C01444,2026-03-10,5271.0,Web
C01444,2026-04-23,6515.0,Web
C01444,2026-06-24,4358.0,Web
C01445,2025-07-09,3179.0,App
C01445,2025-09-28,2414.0,App
C01445,2025-11-29,1769.0,Web
C01445,2026-02-23,15038.0,Web
C01445,2026-06-01,2368.0,App
C01446,2025-07-07,2480.0,App
C01446,2025-08-22,1936.0,Web
C01446,2025-09-22,2011.0,Web
C01447,2025-03-20,5959.0,Store
C01447,2025-04-20,8501.0,Web
C01447,2025-06-09,2417.0,App
C01447,2025-07-25,6903.0,Web
C01447,2025-11-06,2473.0,App
C01447,2026-01-17,2044.0,App
C01447,2026-02-06,2971.0,Web
C01447,2026-05-28,4677.0,Web
C01447,2026-06-28,3018.0,Web
C01448,2025-05-14,2368.0,App
C01448,2025-06-30,1727.0,Store
C01448,2025-08-29,2928.0,Web
C01449,2025-07-07,2072.0,Web
C01449,2025-07-19,3353.0,Web
C01449,2025-07-26,2540.0,App
C01450,2026-06-24,3341.0,Web
C01450,2026-07-02,5103.0,App
C01451,2025-04-09,3681.0,Web
C01451,2025-05-28,5492.0,Web
C01451,2025-08-06,4542.0,App
C01451,2025-08-19,1792.0,Web
C01451,2025-10-12,5762.0,Store
C01452,2025-06-17,2553.0,App
C01452,2025-06-24,1142.0,Store
C01452,2025-08-20,2603.0,App
C01453,2025-04-25,2058.0,Store
C01453,2025-07-09,5977.0,App
C01453,2025-09-26,2058.0,Store
C01453,2026-01-28,2813.0,App
C01453,2026-04-23,3611.0,Web
C01453,2026-05-18,3611.0,App
C01453,2026-06-11,2489.0,Web
C01453,2026-07-18,4045.0,Web
C01454,2025-04-24,2160.0,Web
C01454,2025-07-05,3364.0,Web
C01454,2025-08-04,2653.0,App
C01454,2025-10-03,7830.0,Web
C01454,2025-11-13,3805.0,Store
C01455,2026-06-26,5765.0,App
C01455,2026-08-02,3299.0,App
C01456,2025-08-06,5851.0,Web
C01456,2025-09-14,5479.0,Web
C01456,2025-09-30,4717.0,Web
C01456,2025-11-10,5602.0,App
C01456,2026-02-09,5003.0,Web
C01456,2026-02-12,7693.0,Web
C01456,2026-04-29,6050.0,Web
C01456,2026-06-07,6996.0,App
C01457,2026-07-03,3895.0,Web
C01457,2026-07-20,3817.0,App
C01458,2025-06-11,6972.0,App
C01458,2025-07-04,13369.0,App
C01458,2025-07-24,12453.0,Web
C01458,2025-08-13,5445.0,Web
C01458,2025-08-30,7693.0,Store
C01458,2025-10-01,6618.0,Store
C01458,2025-10-22,6420.0,App
C01458,2025-10-31,6657.0,Web
C01458,2025-11-11,6846.0,Web
C01458,2025-11-17,7594.0,Web
C01459,2025-05-22,1746.0,App
C01459,2025-08-24,3045.0,Web
C01459,2025-10-09,2353.0,Web
C01459,2026-05-23,4192.0,App
C01460,2025-06-21,8345.0,Web
C01460,2025-07-05,4038.0,App
C01460,2025-07-31,5964.0,App
C01460,2025-08-16,5513.0,App
C01460,2025-09-06,8392.0,Web
C01460,2025-09-29,5955.0,App
C01460,2025-10-13,4363.0,App
C01460,2025-10-23,5782.0,Store
C01460,2025-11-23,8698.0,Web
C01461,2025-08-21,1670.0,App
C01461,2025-09-09,3255.0,Store
C01461,2025-11-20,1223.0,App
C01461,2025-12-26,2493.0,Store
C01461,2026-01-15,3529.0,App
C01461,2026-03-04,4678.0,Web
C01461,2026-04-02,2954.0,Web
C01461,2026-05-02,2406.0,Web
C01462,2025-07-22,2646.0,App
C01462,2025-08-02,1832.0,App
C01462,2025-08-10,1421.0,App
C01463,2025-03-25,5384.0,App
C01463,2025-04-03,5122.0,Store
C01463,2025-05-19,3164.0,Web
C01463,2025-08-01,4756.0,Web
C01463,2025-09-12,5110.0,Web
C01463,2025-09-20,11131.0,Web
C01463,2026-01-19,4019.0,App
C01463,2026-02-23,6186.0,Web
C01463,2026-03-28,4392.0,Web
C01463,2026-04-26,3485.0,Store
C01463,2026-05-14,6536.0,Web
C01463,2026-05-27,9836.0,Web
C01463,2026-05-29,5126.0,Store
C01463,2026-06-08,3512.0,Web
C01464,2026-06-19,3687.0,Web
C01464,2026-07-05,1811.0,Web
C01465,2025-07-30,3097.0,Store
C01465,2025-08-18,2030.0,App
C01465,2025-09-25,2406.0,App
C01466,2025-07-27,7253.0,Web
C01467,2025-05-20,5659.0,App
C01467,2025-06-13,6282.0,App
C01467,2025-07-17,6910.0,App
C01467,2025-08-10,3856.0,Web
C01467,2025-08-27,5001.0,Web
C01467,2025-09-22,10929.0,Web
C01467,2025-10-09,7586.0,App
C01467,2025-10-28,10838.0,Web
C01467,2025-11-15,10066.0,Web
C01467,2025-12-03,6324.0,Web
C01467,2025-12-14,6357.0,App
C01467,2026-01-15,9894.0,Web
C01468,2026-07-30,4458.0,App
C01468,2026-08-09,1497.0,Web
C01469,2025-08-23,3690.0,Web
C01469,2025-09-12,2374.0,App
C01469,2025-10-01,1960.0,Web
C01469,2026-01-23,7265.0,App
C01469,2026-02-19,3814.0,Web
C01469,2026-04-12,7130.0,Web
C01469,2026-07-05,2795.0,Store
C01470,2025-04-29,4356.0,Web
C01470,2025-06-28,12200.0,Store
C01470,2025-12-21,4014.0,Web
C01470,2026-03-16,4147.0,Web
C01470,2026-03-24,2982.0,Web
C01470,2026-04-26,2474.0,Web
C01471,2025-09-07,2867.0,Web
C01471,2026-01-14,5572.0,Store
C01472,2025-05-19,5993.0,App
C01472,2025-06-15,8876.0,Store
C01472,2025-06-21,11114.0,Web
C01472,2025-08-17,3053.0,App
C01472,2025-10-29,3275.0,Web
C01472,2025-12-05,4524.0,Web
C01472,2025-12-19,6413.0,Web
C01472,2026-03-09,4449.0,Web
C01472,2026-04-02,7103.0,Web
C01472,2026-04-19,5977.0,App
C01472,2026-05-26,2382.0,Web
C01473,2025-05-27,2442.0,Web
C01473,2025-06-12,5540.0,App
C01473,2025-08-24,1545.0,Web
C01473,2025-09-04,8203.0,Web
C01473,2025-12-08,7762.0,App
C01473,2026-01-05,4230.0,Web
C01473,2026-03-21,1915.0,App
C01473,2026-05-11,4438.0,App
C01473,2026-05-20,7540.0,App
C01473,2026-06-23,5693.0,Store
C01474,2025-07-26,5252.0,Web
C01474,2025-08-08,2549.0,App
C01474,2025-08-29,4892.0,App
C01475,2025-07-29,2501.0,App
C01475,2025-10-13,1601.0,App
C01476,2025-04-13,2905.0,App
C01476,2025-05-18,3667.0,Web
C01476,2025-08-08,3132.0,Web
C01477,2025-04-27,8549.0,App
C01477,2025-04-28,9093.0,Web
C01477,2025-04-30,4346.0,Web
C01477,2025-05-08,7628.0,App
C01477,2025-05-28,4506.0,App
C01477,2025-06-23,8344.0,Web
C01477,2025-08-02,5992.0,Web
C01477,2025-08-14,5324.0,App
C01477,2025-08-28,3877.0,Web
C01477,2025-09-04,6830.0,Web
C01477,2025-09-15,4704.0,Web
C01477,2025-10-01,4197.0,App
C01477,2025-10-20,7529.0,App
C01477,2025-11-11,9904.0,App
C01477,2025-12-11,8099.0,App
C01477,2025-12-25,4275.0,Web
C01478,2025-08-05,6094.0,App
C01478,2025-11-03,7832.0,Web
C01478,2026-02-09,3173.0,Web
C01478,2026-03-19,3024.0,Web
C01478,2026-03-24,2944.0,Web
C01478,2026-05-22,2403.0,Web
C01479,2025-07-29,3306.0,App
C01479,2025-09-15,1828.0,App
C01479,2025-10-19,1734.0,App
C01480,2025-08-01,3206.0,App
C01480,2025-09-04,2057.0,Web
C01481,2025-04-20,6040.0,App
C01481,2025-05-06,8026.0,App
C01481,2025-06-09,7669.0,Web
C01481,2025-07-09,7378.0,App
C01481,2025-07-26,9206.0,App
C01481,2025-07-30,6790.0,App
C01481,2025-08-08,11484.0,Web
C01481,2025-08-20,6367.0,App
C01481,2025-09-07,8996.0,App
C01481,2025-09-28,9108.0,Web
C01481,2025-10-04,3975.0,Web
C01481,2025-10-08,8232.0,Web
C01481,2025-12-10,5638.0,Web
C01481,2025-12-23,4956.0,Web
C01481,2026-01-05,6081.0,Web
C01482,2025-03-17,5243.0,Web
C01482,2025-05-06,10888.0,Store
C01482,2025-06-27,5973.0,Web
C01482,2025-10-09,6510.0,Web
C01482,2025-11-05,4085.0,Web
C01482,2026-03-06,2730.0,Web
C01482,2026-03-12,4128.0,Store
C01482,2026-04-28,3441.0,Web
C01482,2026-05-19,4524.0,Web
C01483,2025-03-24,3230.0,Store
C01483,2025-05-13,1978.0,Web
C01483,2025-06-14,3968.0,App
C01484,2026-07-15,3271.0,Web
C01485,2025-04-24,3038.0,Web
C01485,2025-05-26,3169.0,App
C01485,2025-06-13,1967.0,App
C01486,2025-03-12,3231.0,Store
C01486,2025-03-15,4456.0,App
C01486,2025-05-18,2464.0,Web
C01486,2025-06-22,6385.0,App
C01486,2025-09-06,7207.0,Store
C01486,2025-10-25,6544.0,Store
C01486,2025-11-13,4391.0,Store
C01486,2026-01-22,2544.0,Web
C01486,2026-04-04,4459.0,App
C01486,2026-04-06,3520.0,Web
C01486,2026-05-24,6676.0,App
C01486,2026-05-28,3891.0,Web
C01486,2026-06-17,3858.0,Web
C01486,2026-07-21,11013.0,Web
C01487,2025-05-07,2972.0,App
C01487,2025-08-05,2213.0,Web
C01487,2025-09-20,1305.0,Web
C01487,2025-11-22,4785.0,App
C01488,2025-05-17,1790.0,Web
C01488,2025-06-18,3275.0,Web
C01488,2025-07-14,1969.0,Web
C01489,2025-06-11,3125.0,Store
C01489,2025-06-15,5962.0,App
C01489,2025-09-10,2610.0,Web
C01489,2025-10-30,2105.0,Web
C01489,2025-11-19,3150.0,App
C01489,2026-04-20,2664.0,Store
C01490,2025-06-20,3017.0,Web
C01490,2025-07-01,3431.0,App
C01490,2025-08-17,2709.0,Web
C01491,2025-07-30,4991.0,Web
C01491,2025-09-05,5732.0,Web
C01491,2025-09-17,5518.0,Web
C01491,2025-09-26,4225.0,Web
C01491,2025-10-16,3635.0,App
C01491,2026-02-07,6252.0,Web
C01491,2026-04-01,5278.0,Web
C01491,2026-04-06,2163.0,Web
C01491,2026-04-08,4225.0,Web
C01491,2026-04-24,4719.0,Web
C01491,2026-05-17,2980.0,Web
C01491,2026-05-28,4187.0,Web
C01492,2025-03-13,3963.0,Web
C01492,2025-04-19,4906.0,Web
C01492,2025-07-15,4088.0,App
C01492,2026-01-04,3295.0,App
C01492,2026-03-12,3052.0,App
C01492,2026-06-24,4049.0,App
C01492,2026-08-07,8471.0,Store
C01493,2025-06-21,3537.0,Web
C01493,2025-07-29,2686.0,App
C01493,2025-08-16,1800.0,Web
C01494,2025-07-20,2848.0,Web
C01494,2025-11-18,2858.0,Web
C01494,2025-12-24,2141.0,Web
C01494,2026-04-26,2950.0,Web
C01495,2025-07-03,8450.0,Web
C01495,2025-07-11,6755.0,App
C01495,2025-08-10,1859.0,Web
C01495,2025-08-22,5312.0,Web
C01495,2025-09-08,7542.0,App
C01495,2025-09-24,10246.0,App
C01495,2025-10-17,7922.0,Web
C01495,2025-11-07,10189.0,Web
C01495,2025-11-09,5159.0,App
C01495,2025-12-05,9100.0,Web
C01495,2025-12-09,9154.0,Web
C01495,2025-12-11,3986.0,Web
C01495,2025-12-26,10366.0,Web
C01496,2025-05-09,2122.0,Store
C01496,2025-05-12,1877.0,App
C01496,2025-07-19,1653.0,Store
C01497,2025-04-02,3291.0,App
C01497,2025-06-16,3996.0,Web
C01497,2025-06-25,2475.0,App
C01497,2025-08-22,2066.0,Web
C01497,2025-10-30,3247.0,Web
C01497,2025-11-15,1503.0,App
C01498,2025-04-22,1858.0,Web
C01498,2025-06-27,2862.0,Web
C01498,2025-08-01,2679.0,App
C01499,2026-07-10,5201.0,Web
C01499,2026-07-16,4261.0,App
C01500,2025-05-05,2203.0,App
C01500,2025-05-20,2555.0,App
C01500,2025-07-24,2121.0,Web
C01501,2025-08-11,2955.0,Web
C01502,2025-08-09,7233.0,Web
C01502,2025-09-18,2358.0,Web
C01502,2025-11-02,3778.0,Web
C01502,2026-02-27,8472.0,Web
C01502,2026-05-25,5055.0,App
C01503,2025-03-10,6712.0,App
C01503,2025-03-14,9771.0,App
C01503,2025-03-28,10613.0,App
C01503,2025-05-13,11132.0,App
C01503,2025-05-23,8163.0,App
C01503,2025-06-13,5145.0,Web
C01503,2025-07-31,9637.0,Web
C01503,2025-11-08,6597.0,Web
C01503,2025-11-25,8423.0,Web
C01503,2025-12-08,5660.0,App
C01503,2025-12-18,5718.0,Web
C01503,2026-01-08,5519.0,Web
C01503,2026-02-02,4437.0,Web
C01503,2026-02-12,5745.0,App
C01504,2025-07-15,6339.0,Web
C01504,2025-07-29,15339.0,Web
C01504,2025-08-09,7297.0,App
C01504,2025-08-21,5883.0,Store
C01504,2025-09-07,5761.0,Web
C01504,2025-10-02,8842.0,Web
C01504,2025-10-05,5293.0,App
C01504,2025-10-08,8438.0,Web
C01504,2025-10-12,10372.0,Store
C01504,2025-10-28,6840.0,Web
C01504,2025-11-09,9968.0,App
C01504,2025-11-11,6886.0,Web
C01504,2025-12-07,5546.0,Store
C01504,2025-12-21,3939.0,App
C01505,2025-09-30,5466.0,Store
C01505,2025-12-14,4860.0,Web
C01505,2026-02-01,2020.0,Web
C01505,2026-03-03,2135.0,Web
C01505,2026-03-29,4489.0,Web
C01506,2025-08-05,2925.0,Web
C01506,2025-10-03,3714.0,App
C01507,2025-04-28,1589.0,Web
C01507,2026-02-24,5386.0,Web
C01507,2026-05-01,3713.0,Web
C01508,2025-07-15,3836.0,App
C01508,2025-08-21,3002.0,Web
C01508,2025-09-05,1456.0,Web
C01509,2026-07-27,5245.0,Web
C01510,2025-06-29,4167.0,Web
C01510,2025-10-26,1244.0,Web
C01510,2026-01-19,2182.0,App
C01510,2026-03-31,2685.0,Web
C01511,2025-04-25,5003.0,Web
C01511,2025-05-10,6319.0,App
C01511,2025-07-08,4241.0,Store
C01511,2025-08-02,4682.0,App
C01511,2025-11-08,5644.0,Web
C01511,2025-12-31,3288.0,Web
C01511,2026-01-26,2496.0,Web
C01511,2026-03-12,3446.0,Web
C01511,2026-03-31,9215.0,Store
C01512,2025-07-05,5355.0,Web
C01512,2025-09-25,4621.0,Web
C01512,2025-10-11,3569.0,Web
C01512,2026-01-06,6846.0,Web
C01512,2026-01-13,3746.0,Store
C01512,2026-01-29,8343.0,Web
C01512,2026-02-22,4145.0,Web
C01512,2026-03-25,3151.0,App
C01512,2026-04-04,3189.0,App
C01512,2026-05-15,4787.0,App
C01512,2026-06-12,3008.0,Web
C01512,2026-06-16,4890.0,App
C01512,2026-08-09,3932.0,App
C01512,2026-08-18,3896.0,Web
C01513,2025-05-04,3003.0,App
C01513,2025-05-26,5424.0,Store
C01513,2025-08-11,2807.0,Web
C01514,2025-04-08,4921.0,Web
C01514,2025-08-03,4850.0,Web
C01514,2025-11-14,1412.0,Web
C01514,2025-11-22,6610.0,App
C01514,2026-03-10,5346.0,Web
C01514,2026-03-30,3471.0,App
C01514,2026-07-02,2973.0,Web
C01514,2026-08-05,4512.0,App
C01515,2025-03-25,3117.0,Store
C01515,2025-08-08,6093.0,Web
C01515,2025-09-29,1841.0,App
C01515,2025-12-20,3689.0,App
C01515,2026-02-25,2070.0,Store
C01516,2026-06-26,3541.0,Store
C01516,2026-08-16,4638.0,Web
C01517,2025-04-06,9500.0,App
C01517,2025-04-18,2917.0,App
C01517,2025-05-08,6219.0,Web
C01517,2025-06-04,8447.0,Store
C01517,2025-07-20,3389.0,Web
C01517,2025-07-23,1145.0,Web
C01517,2025-08-04,2780.0,App
C01517,2025-10-28,3454.0,Web
C01517,2025-11-15,5777.0,Store
C01517,2026-03-08,3680.0,App
C01517,2026-03-12,4621.0,Store
C01517,2026-03-24,3624.0,App
C01517,2026-04-03,4384.0,Store
C01517,2026-05-05,4495.0,App
C01517,2026-05-20,3584.0,Web
C01517,2026-07-27,6411.0,App
C01518,2025-09-14,3639.0,Web
C01518,2026-02-07,4707.0,Web
C01519,2025-06-13,4494.0,Store
C01519,2025-08-15,3593.0,Web
C01519,2025-08-25,3862.0,App
C01519,2025-09-28,5621.0,Web
C01519,2025-12-11,4160.0,Web
C01519,2026-01-10,5644.0,Store
C01519,2026-02-14,4887.0,App
C01519,2026-03-21,5195.0,App
C01519,2026-03-30,5302.0,Web
C01519,2026-05-10,3740.0,App
C01519,2026-05-18,4076.0,Web
C01519,2026-06-02,6639.0,Web
C01520,2025-06-24,2020.0,Web
C01520,2025-08-09,4122.0,App
C01520,2025-09-15,4171.0,App
C01520,2025-10-10,4375.0,Web
C01520,2025-10-16,7111.0,App
C01520,2025-11-26,3860.0,Web
C01520,2025-12-16,5620.0,Web
C01520,2026-03-25,5063.0,Store
C01520,2026-06-02,6455.0,App
C01520,2026-06-30,4369.0,App
C01521,2026-06-12,4546.0,App
C01521,2026-06-21,3625.0,Web
C01522,2025-03-21,2587.0,App
C01522,2025-03-29,2384.0,App
C01522,2025-04-20,3883.0,App
C01523,2025-04-08,2623.0,Web
C01523,2025-04-21,3861.0,Web
C01523,2025-06-04,5294.0,Web
C01523,2025-08-20,2531.0,Web
C01523,2025-10-06,2573.0,Web
C01523,2025-12-06,4201.0,Web
C01523,2025-12-23,2465.0,Web
C01523,2026-03-09,2288.0,App
C01524,2025-03-11,3976.0,App
C01524,2025-04-19,3137.0,Web
C01524,2025-05-01,5637.0,Web
C01524,2025-07-04,3448.0,Web
C01524,2025-08-22,2889.0,Web
C01524,2025-10-14,6498.0,Web
C01524,2025-11-23,2087.0,Web
C01524,2026-01-05,3652.0,Web
C01525,2025-03-14,2849.0,App
C01525,2025-03-31,1833.0,App
C01525,2025-08-19,4798.0,Web
C01525,2025-11-21,3057.0,Web
C01525,2026-02-12,1888.0,Web
C01525,2026-03-28,2184.0,Web
C01525,2026-06-17,2138.0,Web
C01526,2025-03-05,5751.0,Web
C01526,2025-06-11,2557.0,Web
C01526,2025-08-09,5484.0,Web
C01526,2025-12-16,3581.0,App
C01526,2025-12-22,4672.0,Web
C01526,2026-02-14,4318.0,Web
C01526,2026-04-06,3780.0,Web
C01526,2026-05-02,7498.0,Web
C01526,2026-05-18,3979.0,Web
C01526,2026-06-07,6116.0,Web
C01527,2025-03-22,8119.0,App
C01527,2025-03-27,15971.0,Web
C01527,2025-04-09,9306.0,App
C01527,2025-04-22,7439.0,Web
C01527,2025-04-26,5057.0,App
C01527,2025-04-30,6634.0,Web
C01527,2025-06-01,5788.0,Web
C01527,2025-06-16,4246.0,Web
C01527,2025-07-16,3349.0,Web
C01527,2025-07-25,5275.0,App
C01527,2025-08-16,6977.0,App
C01527,2025-08-24,10438.0,App
C01527,2025-09-19,5448.0,Web
C01527,2025-09-23,7544.0,App
C01527,2025-10-09,3889.0,Web
C01527,2025-10-18,5331.0,Web
C01527,2025-12-22,2995.0,Store
C01528,2025-03-27,1900.0,App
C01528,2025-04-05,3947.0,App
C01528,2025-04-23,2407.0,Web
C01529,2025-04-30,4548.0,App
C01529,2025-06-08,3349.0,Web
C01529,2025-07-06,2885.0,Web
C01529,2025-07-08,5044.0,Store
C01529,2025-08-05,9826.0,App
C01529,2025-10-20,6643.0,App
C01529,2026-01-13,7701.0,Web
C01529,2026-02-09,2746.0,App
C01529,2026-03-02,4275.0,Store
C01529,2026-04-05,4264.0,Web
C01529,2026-04-19,8173.0,Web
C01529,2026-05-19,6660.0,Web
C01529,2026-06-04,4322.0,Web
C01529,2026-06-23,1848.0,Web
C01529,2026-06-30,2903.0,App
C01529,2026-07-05,5945.0,Web
C01530,2026-08-02,1529.0,App
C01531,2026-07-01,5264.0,Store
C01531,2026-07-12,4250.0,App
C01532,2025-04-14,3829.0,Web
C01532,2025-05-28,3286.0,Web
C01532,2025-09-26,6814.0,App
C01532,2026-01-20,3910.0,App
C01532,2026-02-08,3848.0,App
C01532,2026-02-23,5463.0,Web
C01532,2026-04-01,8613.0,App
C01532,2026-06-07,4503.0,Web
C01532,2026-06-12,3823.0,Web
C01533,2025-06-05,5042.0,Web
C01533,2025-06-22,3102.0,Web
C01533,2025-07-30,2693.0,App
C01534,2025-08-28,2414.0,App
C01534,2025-09-27,7877.0,Web
C01534,2025-11-29,3124.0,Web
C01534,2026-03-02,3313.0,Web
C01534,2026-04-15,5790.0,App
C01535,2025-08-12,5285.0,Web
C01535,2025-10-13,4733.0,App
C01535,2025-11-30,6309.0,App
C01535,2026-03-06,7969.0,Store
C01535,2026-05-10,2282.0,Web
C01535,2026-06-02,4387.0,Web
C01536,2025-04-16,4025.0,Store
C01536,2025-04-30,1837.0,Web
C01536,2025-06-05,2118.0,App
C01537,2025-04-19,6060.0,App
C01537,2025-09-11,2157.0,Store
C01537,2025-10-18,1685.0,Web
C01537,2026-04-24,1925.0,App
C01538,2025-04-19,2781.0,Store
C01538,2025-05-19,2607.0,Web
C01538,2025-06-26,1102.0,Web
C01538,2025-11-15,2926.0,Web
C01538,2025-11-28,6538.0,App
C01538,2025-12-25,4199.0,Web
C01538,2026-04-07,2671.0,Web
C01539,2025-10-02,3819.0,App
C01539,2026-01-09,3072.0,Web
C01539,2026-07-09,4637.0,App
C01540,2025-06-12,6641.0,Store
C01540,2025-08-05,7108.0,Web
C01540,2025-08-26,9886.0,App
C01540,2025-10-03,4302.0,Web
C01540,2025-10-10,4936.0,App
C01540,2025-10-28,4595.0,App
C01540,2025-11-06,9509.0,Store
C01540,2025-12-03,6810.0,App
C01540,2025-12-10,5119.0,App
C01540,2026-01-12,6528.0,Web
C01541,2025-07-11,4434.0,Web
C01541,2025-09-03,2483.0,App
C01541,2025-09-30,2276.0,App
C01541,2026-01-22,3984.0,Web
C01541,2026-04-07,2008.0,Web
C01542,2026-06-22,2470.0,Web
C01542,2026-07-04,5073.0,Web
C01543,2025-05-26,6067.0,App
C01543,2025-05-29,5830.0,Web
C01543,2025-06-18,8782.0,App
C01543,2025-07-12,11760.0,Web
C01543,2025-08-06,7238.0,Store
C01543,2025-08-13,6369.0,Web
C01543,2025-08-31,8244.0,App
C01543,2025-10-17,6499.0,App
C01543,2025-10-28,3301.0,Store
C01544,2025-07-14,4742.0,Web
C01544,2025-09-18,10855.0,App
C01544,2025-10-26,6608.0,App
C01544,2025-12-20,4266.0,App
C01544,2026-01-21,6353.0,Web
C01544,2026-03-22,4528.0,Web
C01544,2026-04-11,8298.0,App
C01544,2026-05-07,6411.0,Web
C01544,2026-06-28,3264.0,Web
C01545,2025-05-23,3533.0,Web
C01545,2025-07-24,2025.0,Web
C01545,2025-08-07,2626.0,Web
C01546,2025-07-09,4123.0,Store
C01546,2025-08-17,5685.0,App
C01546,2025-08-25,8863.0,App
C01546,2025-09-18,11092.0,Web
C01546,2025-10-29,4501.0,Store
C01546,2025-11-23,15031.0,Web
C01546,2025-12-03,5042.0,Store
C01546,2025-12-13,3884.0,Web
C01547,2026-06-27,3058.0,App
C01547,2026-07-17,6372.0,Web
C01548,2025-07-06,3112.0,Web
C01548,2025-10-10,1068.0,Web
C01548,2026-01-29,2503.0,Web
C01548,2026-02-10,2625.0,Web
C01549,2026-06-17,2876.0,App
C01549,2026-06-27,4403.0,Store
C01550,2026-06-25,3569.0,Web
C01551,2025-04-20,2998.0,App
C01551,2025-05-19,4254.0,Web
C01551,2025-07-06,3665.0,Web
C01551,2025-09-18,2566.0,App
C01551,2025-10-25,3415.0,App
C01551,2025-11-21,1538.0,Store
C01551,2026-01-07,6626.0,Store
C01551,2026-02-08,6461.0,Web
C01551,2026-03-18,8112.0,Web
C01551,2026-06-01,5316.0,Web
C01551,2026-06-28,3858.0,Store
C01552,2025-04-24,7313.0,App
C01552,2025-04-28,10732.0,App
C01552,2025-05-11,5934.0,Web
C01552,2025-07-04,5041.0,Store
C01552,2025-07-09,7454.0,Web
C01552,2025-07-30,4097.0,Web
C01552,2025-08-18,4783.0,Web
C01552,2025-10-22,8534.0,App
C01552,2025-11-11,7673.0,Web
C01553,2026-07-20,4871.0,App
C01554,2025-06-26,6543.0,Web
C01554,2025-07-18,6570.0,App
C01554,2025-08-01,4250.0,App
C01554,2025-08-27,7641.0,App
C01554,2025-09-03,3302.0,Web
C01554,2025-09-15,5550.0,Web
C01554,2025-10-13,9293.0,App
C01554,2025-10-29,3238.0,Web
C01554,2025-11-02,8922.0,Web
C01554,2025-11-17,4691.0,Store
C01555,2026-07-25,3889.0,App
C01556,2025-08-27,3461.0,Web
C01556,2025-10-05,4415.0,App
C01556,2026-01-04,5009.0,App
C01557,2025-09-19,2063.0,App
C01558,2025-04-11,2765.0,App
C01558,2025-05-04,2665.0,Web
C01558,2025-05-24,1627.0,App
C01559,2025-07-12,2072.0,App
C01559,2025-07-30,5937.0,App
C01559,2025-10-01,6258.0,App
C01560,2025-03-21,2465.0,Web
C01560,2025-07-25,5141.0,App
C01560,2025-07-30,2456.0,App
C01560,2025-08-21,4573.0,Web
C01560,2025-11-11,2630.0,App
C01560,2026-01-02,4376.0,Web
C01561,2025-07-29,4905.0,Web
C01561,2026-03-01,2320.0,App
C01561,2026-05-01,1197.0,App
C01561,2026-07-15,3901.0,Web
C01562,2025-08-03,3890.0,Web
C01562,2025-08-18,1493.0,App
C01562,2025-09-12,1570.0,Web
C01563,2025-04-08,3913.0,Web
C01563,2025-04-28,2726.0,Web
C01563,2025-06-24,3908.0,Web
C01563,2025-08-29,3884.0,Web
C01563,2025-09-24,2689.0,Web
C01563,2025-11-26,3834.0,App
C01563,2026-02-02,2895.0,Store
C01563,2026-03-11,2631.0,App
C01563,2026-03-25,2527.0,Web
C01564,2025-06-07,4471.0,App
C01564,2025-06-27,4229.0,Web
C01564,2025-09-14,4452.0,Web
C01564,2025-10-01,3840.0,Web
C01564,2025-11-07,4446.0,Web
C01564,2026-03-08,1624.0,Web
C01564,2026-03-26,6255.0,App
C01565,2025-06-19,2055.0,Web
C01565,2025-11-13,2752.0,Web
C01565,2026-01-12,2982.0,Web
C01566,2025-03-19,2767.0,Web
C01566,2025-05-07,5413.0,Web
C01566,2025-05-20,2389.0,App
C01567,2025-03-10,4673.0,Web
C01567,2025-05-23,4199.0,Web
C01567,2025-07-23,4897.0,App
C01567,2025-08-09,3625.0,App
C01567,2025-09-09,3066.0,App
C01567,2025-11-13,2944.0,App
C01567,2026-02-03,4435.0,App
C01567,2026-02-13,3275.0,App
C01567,2026-04-03,4332.0,Web
C01567,2026-05-05,7858.0,Store
C01567,2026-06-14,4249.0,App
C01568,2025-06-07,4409.0,Web
C01568,2025-07-09,5396.0,App
C01568,2025-07-16,8016.0,Web
C01568,2025-08-13,9220.0,Web
C01568,2025-08-21,10696.0,Store
C01568,2025-09-01,3695.0,Web
C01568,2025-09-14,10208.0,Web
C01568,2025-09-29,12399.0,Web
C01568,2025-10-03,3256.0,Web
C01568,2025-10-08,7511.0,Web
C01568,2025-10-19,9810.0,Store
C01568,2025-10-22,4591.0,App
C01568,2025-11-01,6318.0,Web
C01568,2025-11-19,9155.0,App
C01568,2025-11-25,6267.0,Web
C01568,2025-12-05,6625.0,Web
C01568,2025-12-21,8129.0,Web
C01568,2025-12-25,4997.0,Web
C01568,2026-01-12,5180.0,Web
C01568,2026-01-26,8865.0,Web
C01568,2026-02-02,10489.0,Store
C01568,2026-03-08,8651.0,App
C01568,2026-03-14,12117.0,Web
C01568,2026-04-02,8715.0,Store
C01568,2026-04-22,14363.0,Web
C01568,2026-04-28,7700.0,Web
C01568,2026-05-06,8221.0,Web
C01568,2026-05-28,8665.0,Web
C01568,2026-06-24,6040.0,Web
C01568,2026-07-12,5735.0,Web
C01568,2026-08-03,5491.0,Web
C01568,2026-08-13,6195.0,Web
C01569,2025-03-18,7415.0,App
C01569,2025-04-06,2553.0,Web
C01569,2025-04-19,3126.0,Web
C01570,2025-04-05,1318.0,Web
C01570,2025-04-13,3369.0,App
C01570,2025-06-10,2721.0,App
C01571,2025-07-03,6633.0,Web
C01571,2025-07-26,4686.0,Web
C01571,2025-08-05,6992.0,App
C01571,2025-10-06,9173.0,Store
C01571,2025-10-31,8925.0,Web
C01571,2025-12-15,11167.0,App
C01571,2026-01-03,11589.0,App
C01571,2026-01-26,9018.0,App
C01572,2025-06-26,2846.0,Web
C01572,2025-07-12,7533.0,Web
C01572,2025-07-13,2774.0,Web
C01573,2025-07-11,4147.0,Web
C01573,2025-07-26,4712.0,App
C01573,2025-08-23,2571.0,Web
C01574,2025-05-13,2211.0,Web
C01574,2025-05-22,2406.0,Web
C01574,2025-06-15,2964.0,Web
C01574,2025-07-26,3094.0,Web
C01574,2025-08-31,1930.0,Web
C01574,2025-11-14,3534.0,Web
C01574,2026-01-21,3519.0,Web
C01574,2026-02-14,3010.0,Web
C01575,2025-04-21,3751.0,Store
C01575,2025-05-06,6531.0,App
C01575,2025-05-10,2522.0,App
C01575,2025-08-04,4649.0,App
C01575,2025-09-19,3129.0,Web
C01575,2025-10-25,3797.0,App
C01575,2025-11-20,13701.0,App
C01575,2025-12-02,3157.0,Web
C01575,2025-12-08,3976.0,Web
C01575,2026-01-06,2921.0,App
C01575,2026-02-07,4082.0,App
C01575,2026-03-04,4347.0,Web
C01575,2026-06-27,3440.0,App
C01575,2026-07-01,8671.0,App
C01575,2026-07-28,7327.0,Store
C01575,2026-08-01,3160.0,App
C01576,2026-06-20,4187.0,Web
C01576,2026-06-23,4417.0,App
C01577,2025-06-02,2950.0,Web
C01577,2025-08-08,5217.0,Web
C01577,2025-12-08,7413.0,Web
C01577,2026-02-18,1828.0,App
C01578,2025-08-30,5536.0,Store
C01578,2025-10-05,2203.0,App
C01578,2025-12-23,4092.0,App
C01578,2026-06-03,9403.0,Web
C01579,2025-03-02,2233.0,App
C01579,2025-08-31,2084.0,App
C01579,2026-01-22,2100.0,App
C01579,2026-02-04,2079.0,App
C01580,2025-06-15,6440.0,App
C01580,2025-07-04,796.0,Web
C01580,2025-07-21,6014.0,Web
C01580,2025-09-20,2166.0,App
C01580,2025-12-24,3753.0,Store
C01581,2025-07-30,2090.0,Web
C01581,2025-09-21,3860.0,Web
C01582,2026-06-13,3670.0,App
C01582,2026-06-25,5766.0,App
C01583,2025-05-15,9063.0,App
C01583,2025-06-09,6992.0,Web
C01583,2025-07-23,7046.0,App
C01583,2025-08-02,5895.0,Web
C01583,2025-08-12,8903.0,Web
C01583,2025-08-18,8025.0,Web
C01583,2025-09-04,3707.0,Web
C01583,2025-09-13,3782.0,Web
C01583,2025-10-19,6281.0,Web
C01583,2025-10-24,9908.0,Store
C01583,2025-12-05,10612.0,Store
C01583,2025-12-13,9214.0,Web
C01583,2026-01-21,6692.0,App
C01584,2026-06-20,3059.0,App
C01584,2026-07-05,2339.0,Web
C01585,2025-05-13,3107.0,Store
C01585,2025-05-31,2929.0,App
C01585,2025-07-12,1527.0,Web
C01586,2025-03-02,2251.0,Store
C01586,2025-03-20,2823.0,Web
C01586,2025-06-27,2687.0,App
C01586,2025-07-20,3344.0,App
C01586,2025-08-24,1593.0,Web
C01587,2026-07-31,10821.0,Web
C01587,2026-08-02,2100.0,Web
C01588,2025-04-11,3723.0,Web
C01588,2025-04-24,2336.0,App
C01588,2025-07-03,6605.0,Web
C01589,2026-07-14,2497.0,Store
C01590,2025-06-03,2804.0,App
C01590,2025-07-02,6035.0,App
C01590,2025-08-23,7691.0,App
C01590,2025-12-27,5477.0,Web
C01590,2026-01-12,5788.0,App
C01590,2026-02-11,3237.0,Web
C01590,2026-04-14,3636.0,Web
C01590,2026-05-21,2764.0,Web
C01590,2026-07-09,4177.0,Web
C01591,2025-07-10,4733.0,Web
C01591,2025-08-04,4304.0,App
C01591,2025-08-17,6492.0,Store
C01591,2025-09-20,10649.0,Store
C01591,2025-09-26,5189.0,App
C01591,2025-11-21,7708.0,Web
C01591,2026-02-27,3876.0,App
C01591,2026-04-10,3514.0,Store
C01591,2026-04-23,3367.0,App
C01591,2026-06-14,3197.0,Web
C01591,2026-07-09,4104.0,Store
C01592,2025-07-27,1897.0,Web
C01592,2025-08-27,5113.0,Web
C01592,2025-09-03,4328.0,Web
C01592,2025-10-18,6785.0,Web
C01592,2025-11-08,6516.0,App
C01592,2025-12-16,3018.0,App
C01592,2026-01-05,11765.0,Web
C01592,2026-03-30,5391.0,App
C01592,2026-06-23,2761.0,Store
C01593,2025-08-09,1224.0,Web
C01593,2025-09-16,3369.0,Store
C01593,2025-10-27,6234.0,Web
C01593,2026-01-08,2103.0,Web
C01593,2026-04-09,2071.0,Web
C01593,2026-05-12,2743.0,Store
C01594,2025-03-25,14383.0,Web
C01594,2025-04-26,3558.0,Web
C01594,2025-06-02,6831.0,App
C01594,2025-07-18,5442.0,Store
C01594,2025-08-11,6490.0,Web
C01594,2025-08-14,8715.0,Store
C01594,2025-08-21,9943.0,Store
C01594,2025-10-07,5880.0,Web
C01594,2025-10-22,8916.0,Store
C01594,2025-11-06,5152.0,App
C01594,2025-12-05,4506.0,App
C01595,2025-03-27,6205.0,Web
C01595,2025-10-05,3774.0,App
C01595,2026-03-01,3010.0,App
C01595,2026-04-15,4819.0,Web
C01595,2026-05-19,3726.0,Web
C01596,2025-06-04,3104.0,App
C01596,2025-07-01,1276.0,Store
C01596,2025-07-15,2088.0,App
C01597,2025-05-05,8580.0,App
C01597,2025-05-31,7909.0,App
C01597,2025-08-25,3527.0,App
C01597,2025-10-02,2099.0,Store
C01597,2025-11-13,4391.0,Web
C01597,2025-12-09,4957.0,Web
C01597,2026-01-13,2113.0,App
C01597,2026-01-25,4730.0,Web
C01597,2026-04-01,1649.0,App
C01597,2026-04-21,8566.0,App
C01597,2026-05-01,5587.0,App
C01597,2026-06-17,3328.0,Web
C01597,2026-08-08,4856.0,Web
C01598,2025-07-29,3598.0,Web
C01598,2025-09-21,3469.0,Web
C01598,2026-01-17,5066.0,Web
C01598,2026-02-21,7986.0,App
C01598,2026-03-16,3446.0,App
C01598,2026-04-14,4704.0,Web
C01598,2026-06-11,5601.0,Web
C01599,2025-07-12,5484.0,Store
C01599,2025-10-03,3129.0,App
C01599,2026-01-18,3228.0,Web
C01599,2026-03-18,3139.0,Web
C01599,2026-04-05,1529.0,App
C01599,2026-08-07,3966.0,Web
C01600,2026-07-15,6160.0,App
C01600,2026-08-06,1180.0,App
C01601,2025-09-06,6962.0,Web
C01601,2025-10-15,4765.0,App
C01601,2025-11-03,4251.0,App
C01601,2026-01-07,4890.0,Web
C01601,2026-02-15,5814.0,Store
C01601,2026-05-29,2390.0,Web
C01601,2026-07-08,1554.0,Web
C01602,2025-07-11,5309.0,App
C01602,2025-07-26,6992.0,Web
C01602,2025-09-14,2351.0,Web
C01602,2025-10-22,2196.0,App
C01602,2025-11-12,4534.0,Web
C01602,2026-01-29,6031.0,Web
C01602,2026-03-23,5177.0,Web
C01602,2026-06-02,2844.0,Web
C01602,2026-07-08,6615.0,App
C01603,2025-07-18,1367.0,Web
C01603,2025-09-02,1569.0,App
C01603,2025-10-04,2552.0,App
C01604,2025-08-18,4402.0,Web
C01604,2025-10-22,7897.0,Web
C01604,2025-12-31,4323.0,Web
C01604,2026-03-15,2833.0,Web
C01605,2026-07-26,4166.0,App
C01605,2026-08-20,4104.0,Web
C01606,2026-07-04,4661.0,Web
C01606,2026-07-17,3688.0,Web
C01607,2025-03-27,2219.0,Web
C01607,2025-08-19,3000.0,App
C01607,2026-03-16,1940.0,App
C01607,2026-05-05,4359.0,Web
C01608,2026-06-12,3086.0,Web
C01608,2026-07-21,4671.0,Web
C01609,2025-07-14,10726.0,Store
C01609,2025-08-22,5224.0,App
C01609,2025-09-27,10437.0,App
C01609,2025-10-10,4634.0,Web
C01609,2025-11-02,5886.0,Web
C01609,2025-11-16,6767.0,Web
C01609,2025-11-22,6411.0,App
C01609,2025-12-23,5537.0,Store
C01609,2026-01-08,7374.0,Web
C01609,2026-01-22,9257.0,Store
C01610,2025-05-24,7284.0,Web
C01610,2025-05-31,5318.0,Web
C01610,2025-06-11,6544.0,Web
C01610,2025-07-06,8144.0,Store
C01610,2025-07-23,10721.0,Web
C01610,2025-08-02,8444.0,Web
C01610,2025-08-31,8654.0,Web
C01610,2025-10-27,9135.0,Store
C01610,2025-11-29,9391.0,Web
C01610,2026-01-05,10128.0,Web
C01610,2026-01-07,16953.0,Web
C01610,2026-01-16,9337.0,App
C01610,2026-01-26,7798.0,App
C01611,2026-06-09,3399.0,App
C01611,2026-06-30,3287.0,Web
C01612,2025-03-17,3403.0,App
C01612,2025-05-07,4989.0,Store
C01612,2025-09-12,5084.0,App
C01612,2025-11-16,3629.0,Web
C01612,2026-01-09,3121.0,App
C01612,2026-03-08,3711.0,Web
C01612,2026-04-27,7110.0,Web
C01612,2026-06-15,3964.0,Web
C01613,2025-06-15,2212.0,Web
C01613,2025-07-14,1445.0,Store
C01613,2025-09-07,2433.0,Web
C01614,2025-04-16,6206.0,App
C01614,2025-05-03,5358.0,App
C01614,2025-05-05,6203.0,Web
C01614,2025-05-26,9025.0,Web
C01614,2025-06-21,7826.0,Web
C01614,2025-06-23,5519.0,Web
C01614,2025-09-13,10485.0,Web
C01614,2025-09-17,10237.0,Web
C01614,2025-09-24,7052.0,App
C01614,2025-11-27,6445.0,Web
C01614,2025-12-01,13073.0,Web
C01614,2025-12-19,12380.0,Web
C01615,2025-03-09,4346.0,App
C01615,2025-03-18,1817.0,Web
C01615,2025-04-20,2296.0,App
C01615,2025-06-06,3828.0,Web
C01615,2025-08-02,3362.0,App
C01615,2025-12-18,5071.0,Web
C01615,2026-01-25,926.0,Web
C01615,2026-02-22,4571.0,App
C01615,2026-03-21,2477.0,Web
C01616,2026-07-27,3757.0,Web
C01616,2026-08-02,6142.0,Store
C01617,2025-03-23,6671.0,Web
C01617,2025-04-08,6064.0,Web
C01617,2025-04-24,7295.0,Web
C01617,2025-05-08,8907.0,Web
C01617,2025-06-08,9053.0,App
C01617,2025-06-15,7913.0,App
C01617,2025-07-11,8512.0,Web
C01617,2025-07-16,5112.0,Store
C01617,2025-07-24,6396.0,Web
C01617,2025-10-09,9516.0,Store
C01617,2025-10-31,5621.0,Web
C01617,2025-11-21,7906.0,App
C01617,2025-12-10,7662.0,App
C01617,2025-12-30,7231.0,App
C01617,2026-01-09,9543.0,App
C01617,2026-01-28,8147.0,App
C01617,2026-03-01,4948.0,App
C01617,2026-03-02,9015.0,App
C01617,2026-03-29,6301.0,Web
C01617,2026-04-18,4668.0,Web
C01617,2026-04-27,9757.0,App
C01617,2026-05-16,4969.0,Web
C01617,2026-06-04,6646.0,Web
C01617,2026-06-18,8339.0,Web
C01617,2026-07-12,7334.0,Web
C01617,2026-07-22,6048.0,App
C01617,2026-08-09,5314.0,App
C01618,2025-03-29,3027.0,Web
C01618,2025-04-18,3199.0,App
C01618,2025-04-27,1976.0,Web
C01619,2025-09-16,1919.0,Store
C01619,2025-11-04,4362.0,Web
C01619,2025-11-14,3951.0,App
C01619,2026-03-09,3687.0,Web
C01619,2026-06-15,3612.0,Store
C01619,2026-07-14,2154.0,App
C01620,2025-06-05,10565.0,Web
C01620,2025-06-16,8514.0,App
C01620,2025-07-20,5564.0,App
C01620,2025-07-24,11302.0,Web
C01620,2025-08-07,6376.0,Web
C01620,2025-08-13,5660.0,Store
C01620,2025-09-21,5374.0,Web
C01620,2025-10-06,3313.0,App
C01620,2025-10-26,6081.0,Web
C01620,2025-11-06,8645.0,App
C01620,2025-11-28,4672.0,App
C01620,2025-12-04,13684.0,Web
C01620,2025-12-11,3435.0,Web
C01620,2026-01-13,5721.0,Web
C01620,2026-03-12,4471.0,Web
C01620,2026-03-15,10376.0,App
C01620,2026-03-23,9455.0,App
C01620,2026-04-19,6856.0,App
C01620,2026-05-08,4575.0,Web
C01620,2026-05-15,4947.0,Web
C01620,2026-05-25,8213.0,Web
C01620,2026-06-02,5939.0,Web
C01620,2026-06-23,6181.0,Web
C01620,2026-06-30,7333.0,Web
C01620,2026-07-10,6513.0,Store
C01620,2026-08-02,4079.0,Web
C01621,2026-06-30,1768.0,Web
C01622,2025-03-27,2285.0,Store
C01622,2025-06-23,4096.0,Web
C01622,2025-07-16,1167.0,Web
C01623,2025-05-25,2448.0,Web
C01623,2025-06-30,2941.0,Web
C01623,2025-08-15,3829.0,Web
C01623,2025-11-16,2236.0,Web
C01624,2025-07-12,2629.0,App
C01624,2025-08-05,6435.0,Web
C01624,2025-09-13,3647.0,Web
C01624,2025-11-29,3541.0,App
C01624,2026-01-17,7140.0,Web
C01624,2026-02-01,4023.0,Web
C01624,2026-04-04,6786.0,Store
C01624,2026-05-21,3033.0,Web
C01624,2026-07-12,4019.0,Web
C01625,2025-03-30,9853.0,App
C01625,2025-04-16,2755.0,Web
C01625,2025-05-07,9522.0,App
C01625,2025-05-23,9586.0,App
C01625,2025-05-25,15927.0,Store
C01625,2025-06-11,6464.0,App
C01625,2025-06-15,5881.0,Web
C01625,2025-07-12,7358.0,App
C01625,2025-08-03,8581.0,App
C01625,2025-08-26,6835.0,Web
C01625,2025-09-08,4663.0,App
C01625,2025-10-24,8577.0,Web
C01625,2025-11-16,7053.0,Store
C01625,2025-12-02,4957.0,Store
C01626,2025-04-19,2039.0,Web
C01626,2025-10-09,2265.0,Store
C01626,2026-02-19,2516.0,Web
C01626,2026-04-22,683.0,Web
C01627,2025-06-23,7445.0,App
C01627,2025-07-02,8666.0,App
C01627,2025-07-16,15332.0,Web
C01627,2025-07-31,8089.0,App
C01627,2025-08-10,7053.0,Web
C01627,2025-08-11,6680.0,Store
C01627,2025-08-18,6821.0,Web
C01627,2025-08-25,9228.0,Web
C01627,2025-09-06,5181.0,App
C01627,2025-09-29,9778.0,Web
C01627,2025-10-17,4113.0,App
C01627,2025-10-25,8907.0,Web
C01627,2025-11-03,9819.0,Web
C01627,2025-11-22,9354.0,Web
C01627,2025-11-28,7755.0,Web
C01628,2025-03-14,5598.0,Store
C01628,2025-05-29,3915.0,Web
C01628,2025-06-14,4171.0,Web
C01628,2025-06-27,7410.0,App
C01628,2025-07-10,4674.0,App
C01628,2025-09-03,3849.0,Web
C01628,2025-09-07,3342.0,App
C01628,2025-10-08,5246.0,Store
C01628,2025-12-11,3754.0,Web
C01628,2025-12-28,5853.0,Store
C01628,2026-01-22,12770.0,Web
C01628,2026-01-29,5678.0,Web
C01628,2026-02-20,9498.0,Web
C01628,2026-05-18,3468.0,App
C01628,2026-06-20,6068.0,Web
C01628,2026-07-11,7627.0,Web
C01629,2025-03-29,1782.0,Web
C01629,2025-04-14,2602.0,App
C01629,2025-06-01,1764.0,App
C01629,2025-07-04,4137.0,App
C01629,2025-07-29,4035.0,Store
C01629,2025-09-10,4903.0,Web
C01629,2025-09-13,6465.0,App
C01629,2025-10-10,4537.0,App
C01629,2025-10-20,3627.0,Web
C01629,2025-12-04,4608.0,App
C01629,2026-02-10,3788.0,App
C01629,2026-03-17,2556.0,Web
C01629,2026-04-17,6770.0,Web
C01629,2026-05-11,5470.0,Web
C01629,2026-06-01,8240.0,Web
C01629,2026-07-09,2814.0,Web
C01630,2025-05-25,4168.0,App
C01630,2025-06-16,5496.0,Web
C01630,2025-06-21,3033.0,App
C01630,2025-08-20,7527.0,App
C01630,2025-09-01,8106.0,Web
C01630,2025-09-09,5513.0,App
C01630,2025-09-12,6774.0,Web
C01630,2025-10-05,5016.0,App
C01630,2025-10-16,10951.0,App
C01630,2025-11-14,4498.0,App
C01630,2025-12-11,6327.0,Web
C01631,2025-05-29,7117.0,Web
C01631,2025-09-16,2060.0,App
C01632,2025-09-30,4985.0,App
C01632,2025-10-29,3385.0,Web
C01633,2025-07-17,3642.0,Web
C01633,2025-09-10,1582.0,Web
C01634,2025-03-02,2177.0,App
C01634,2025-03-17,3520.0,App
C01634,2025-05-30,1827.0,Web
C01635,2025-06-12,7412.0,Web
C01635,2025-08-25,2567.0,Web
C01635,2025-12-11,2385.0,Web
C01635,2026-03-31,9172.0,App
C01635,2026-05-29,3724.0,Web
C01636,2025-05-19,10105.0,App
C01636,2025-06-16,8600.0,Web
C01636,2025-06-24,8586.0,App
C01636,2025-07-10,5699.0,App
C01636,2025-07-25,6734.0,Web
C01636,2025-08-06,13392.0,Web
C01636,2025-08-18,12689.0,Web
C01636,2025-08-28,6936.0,App
C01636,2025-09-29,7544.0,Store
C01636,2025-10-31,3272.0,Store
C01636,2025-11-11,10751.0,App
C01636,2025-11-18,9158.0,Web
C01636,2025-12-11,7960.0,Web
C01636,2025-12-18,5713.0,App
C01636,2026-01-13,7220.0,Web
C01637,2025-05-31,3162.0,Web
C01637,2025-06-11,12899.0,Web
C01637,2025-06-22,8829.0,Web
C01637,2025-06-28,10530.0,Web
C01637,2025-07-21,6645.0,Web
C01637,2025-07-24,4182.0,Web
C01637,2025-08-05,4438.0,Web
C01637,2025-09-02,12822.0,Web
C01637,2025-09-11,3991.0,App
C01637,2025-09-21,4253.0,App
C01637,2025-11-08,6063.0,Web
C01637,2025-12-07,4345.0,App
C01637,2025-12-28,8502.0,Store
C01637,2026-01-10,8736.0,Web
C01637,2026-01-23,8153.0,Store
C01638,2025-08-18,2973.0,Web
C01638,2025-09-21,4626.0,Store
C01638,2025-11-08,1663.0,App
C01638,2026-01-31,5529.0,Web
C01639,2026-06-15,5532.0,Store
C01639,2026-06-26,2607.0,Store
C01640,2025-03-24,5249.0,App
C01640,2025-04-21,3802.0,Web
C01640,2025-10-09,4551.0,Web
C01640,2025-11-03,3087.0,Web
C01640,2026-01-20,5088.0,Store
C01641,2025-09-02,2378.0,Web
C01641,2025-10-26,3101.0,Web
C01641,2025-12-19,2355.0,Web
C01641,2026-01-28,1121.0,App
C01641,2026-03-20,2156.0,App
C01642,2025-08-04,3195.0,Web
C01642,2025-08-22,5632.0,App
C01642,2025-11-21,10641.0,Web
C01642,2025-12-09,4874.0,Web
C01642,2026-01-10,4118.0,Web
C01642,2026-04-24,5398.0,App
C01642,2026-05-21,2012.0,Web
C01643,2025-04-16,2416.0,App
C01643,2025-06-23,3293.0,Web
C01643,2025-08-01,2871.0,Web
C01644,2026-07-29,4452.0,Web
C01644,2026-08-08,1979.0,Web
C01645,2025-03-06,4827.0,Store
C01645,2025-05-21,4029.0,App
C01645,2025-09-01,4294.0,Web
C01645,2025-10-08,5171.0,Store
C01645,2025-11-01,9572.0,Web
C01645,2025-11-26,5413.0,Web
C01645,2025-12-20,7947.0,Web
C01645,2025-12-21,8066.0,App
C01645,2026-02-09,6280.0,Web
C01645,2026-03-22,2208.0,Store
C01645,2026-04-25,4194.0,Web
C01645,2026-06-24,2984.0,Web
C01645,2026-07-06,14511.0,App
C01645,2026-07-10,3089.0,Web
C01645,2026-08-03,2536.0,Web
C01646,2025-08-02,4128.0,Web
C01646,2025-09-09,4430.0,Web
C01646,2025-09-16,4771.0,Web
C01647,2026-07-26,2938.0,App
C01647,2026-08-18,6089.0,Web
C01648,2025-08-26,2782.0,Web
C01648,2025-09-16,2622.0,Web
C01649,2025-05-04,3243.0,App
C01649,2025-08-18,1127.0,Web
C01649,2026-02-10,4860.0,Web
C01649,2026-03-14,2201.0,App
C01649,2026-06-18,3634.0,App
C01649,2026-07-24,2994.0,Store
C01650,2025-06-01,2675.0,Web
C01650,2025-07-11,5322.0,Web
C01650,2025-09-08,4551.0,Web
C01650,2025-10-25,3304.0,App
C01650,2026-01-07,2112.0,Store
C01650,2026-01-19,1715.0,Web
C01651,2026-06-29,4659.0,Web
C01651,2026-08-04,3323.0,App
C01652,2026-07-14,2986.0,App
C01653,2026-07-19,4501.0,App
C01654,2025-08-10,4730.0,Web
C01654,2025-11-15,7541.0,Web
C01654,2025-12-31,4565.0,App
C01654,2026-01-16,2386.0,Web
C01654,2026-03-05,5364.0,Web
C01654,2026-04-18,4652.0,App
C01654,2026-05-12,5027.0,Web
C01654,2026-06-19,6812.0,App
C01655,2025-09-17,3875.0,Web
C01655,2025-10-27,1062.0,App
C01655,2025-11-07,3741.0,Web
C01656,2025-04-25,11775.0,Web
C01656,2025-04-28,4921.0,Web
C01656,2025-05-09,6920.0,Web
C01656,2025-06-27,6649.0,Web
C01656,2025-07-03,5825.0,Web
C01656,2025-07-06,7593.0,App
C01656,2025-08-29,4775.0,Web
C01656,2025-09-07,10772.0,Store
C01656,2025-09-23,8308.0,Web
C01656,2025-10-17,6637.0,Web
C01657,2026-07-24,2338.0,Store
C01658,2025-05-03,2575.0,App
C01658,2025-06-25,5603.0,Web
C01658,2026-02-16,1489.0,App
C01659,2025-04-09,15591.0,Web
C01659,2025-04-29,8282.0,Store
C01659,2025-05-16,7349.0,Web
C01659,2025-07-25,9672.0,App
C01659,2025-08-20,5134.0,Web
C01659,2025-09-22,8834.0,App
C01659,2025-10-12,10147.0,Web
C01659,2025-11-04,10096.0,App
C01659,2025-11-24,12644.0,Web
C01659,2025-12-14,5721.0,Web
C01659,2025-12-26,5938.0,App
C01660,2025-06-05,11193.0,Web
C01660,2025-06-18,5338.0,Web
C01660,2025-06-25,8728.0,App
C01660,2025-07-16,6083.0,Web
C01660,2025-07-21,8473.0,Web
C01660,2025-08-16,8264.0,Web
C01660,2025-09-10,7966.0,Web
C01660,2025-09-30,7478.0,App
C01660,2025-11-05,9066.0,App
C01660,2025-11-17,9590.0,Web
C01660,2025-11-29,4612.0,Web
C01660,2025-12-10,7406.0,Web
C01660,2025-12-27,6500.0,App
C01660,2026-01-10,8054.0,App
C01660,2026-01-21,6505.0,Web
C01660,2026-02-02,11757.0,Store
C01660,2026-02-21,7347.0,App
C01660,2026-03-27,10628.0,App
C01660,2026-04-05,5392.0,Store
C01660,2026-04-06,6821.0,Web
C01660,2026-04-30,6068.0,Web
C01660,2026-05-07,8636.0,Web
C01660,2026-06-10,4970.0,Web
C01660,2026-07-07,4138.0,Web
C01660,2026-08-05,6045.0,Store
C01661,2025-07-20,4163.0,Web
C01661,2025-09-07,5629.0,Web
C01661,2025-10-20,6703.0,Store
C01661,2025-11-15,4451.0,Web
C01661,2025-12-04,3255.0,Store
C01661,2025-12-13,3165.0,Web
C01661,2026-03-18,3897.0,Web
C01661,2026-05-18,5054.0,Web
C01661,2026-06-11,4325.0,Web
C01661,2026-06-18,3795.0,Web
C01662,2025-04-27,1486.0,App
C01662,2025-08-02,2448.0,Web
C01663,2025-08-12,2080.0,Web
C01663,2025-12-12,6261.0,Web
C01664,2026-06-15,2861.0,Web
C01664,2026-07-21,2896.0,Web
C01665,2025-03-10,3040.0,App
C01665,2025-06-21,3938.0,App
C01665,2025-12-24,6329.0,Web
C01666,2025-07-25,2952.0,App
C01666,2025-09-05,3494.0,Web
C01666,2025-11-15,3018.0,App
C01667,2025-03-17,2854.0,Web
C01667,2025-06-22,3911.0,Web
C01667,2025-06-27,3430.0,Web
C01667,2025-08-30,3548.0,Store
C01667,2025-10-11,2916.0,App
C01668,2026-07-24,3319.0,Web
C01669,2025-04-25,5476.0,App
C01669,2025-08-08,5209.0,Store
C01669,2025-10-02,3058.0,App
C01669,2025-11-10,5620.0,Web
C01669,2025-11-14,4520.0,App
C01669,2025-12-30,6339.0,Store
C01669,2026-02-05,3564.0,Store
C01669,2026-04-09,5845.0,Web
C01669,2026-04-28,6524.0,Web
C01669,2026-05-22,4745.0,App
C01669,2026-07-02,10682.0,Web
C01670,2025-06-23,1876.0,Web
C01670,2025-07-17,2284.0,Web
C01670,2025-12-04,2760.0,Web
C01670,2026-03-05,3655.0,Web
C01670,2026-07-04,5908.0,Web
C01671,2026-07-31,6114.0,App
C01672,2025-04-11,2667.0,Web
C01672,2025-04-25,7261.0,Web
C01672,2025-04-28,2935.0,Store
C01673,2025-04-24,3376.0,App
C01673,2025-10-31,7904.0,Web
C01673,2025-12-13,1807.0,Web
C01674,2025-06-02,2089.0,App
C01674,2025-06-10,4569.0,Web
C01674,2025-07-18,4979.0,App
C01674,2025-07-30,7184.0,App
C01674,2025-08-21,6359.0,Store
C01674,2025-09-12,2442.0,Web
C01674,2025-10-27,7666.0,App
C01674,2025-11-30,2867.0,Web
C01674,2025-12-09,6518.0,App
C01674,2026-01-17,3853.0,App
C01674,2026-02-16,13678.0,App
C01674,2026-03-23,3645.0,App
C01674,2026-04-03,4481.0,App
C01674,2026-04-21,4917.0,Web
C01674,2026-07-03,4189.0,App
C01675,2025-07-18,1286.0,Web
C01675,2025-07-24,3533.0,Web
C01675,2025-08-05,2607.0,Web
C01675,2025-10-26,4136.0,Web
C01675,2026-01-06,6404.0,Web
C01675,2026-02-07,3734.0,App
C01676,2025-10-04,1966.0,App
C01676,2025-12-02,3903.0,Web
C01676,2026-02-07,3148.0,Web
C01676,2026-06-04,1652.0,App
C01677,2025-06-10,4554.0,App
C01677,2025-07-12,2854.0,Web
C01677,2025-10-03,4035.0,App
C01677,2026-02-04,3716.0,Store
C01678,2025-05-26,7302.0,Web
C01678,2025-06-28,9215.0,App
C01678,2025-07-08,9933.0,Web
C01678,2025-07-17,11448.0,Store
C01678,2025-08-30,5272.0,Web
C01678,2025-09-10,7698.0,Store
C01678,2025-09-17,4022.0,App
C01678,2025-10-03,5961.0,App
C01678,2025-10-23,6584.0,App
C01678,2025-10-31,9143.0,Web
C01678,2025-12-10,6769.0,App
C01678,2026-01-02,8927.0,App
C01679,2025-08-12,6007.0,Web
C01679,2025-10-03,4890.0,App
C01679,2026-01-18,2408.0,Web
C01679,2026-03-10,3239.0,App
C01679,2026-07-05,2887.0,Web
C01680,2025-03-10,1152.0,App
C01680,2025-05-10,1806.0,Web
C01680,2025-06-20,2477.0,App
C01681,2025-05-30,1776.0,Web
C01681,2025-06-04,1340.0,App
C01681,2025-12-11,3960.0,App
C01681,2026-01-25,2503.0,App
C01681,2026-03-15,2284.0,App
C01682,2025-06-18,3196.0,App
C01682,2025-11-14,3215.0,App
C01682,2026-01-12,2499.0,Web
C01682,2026-05-01,6766.0,Web
C01682,2026-06-07,1994.0,Web
C01683,2025-06-30,3921.0,App
C01683,2025-08-20,2485.0,App
C01683,2025-11-22,2745.0,App
C01683,2026-03-09,4698.0,Web
C01684,2026-06-24,4676.0,App
C01684,2026-07-02,2485.0,App
C01685,2025-06-29,6048.0,Web
C01685,2025-08-18,4183.0,App
C01685,2025-10-01,6480.0,Store
C01685,2025-10-12,6277.0,Web
C01685,2025-11-14,4565.0,Web
C01685,2025-12-06,3432.0,Web
C01685,2026-01-25,4030.0,Store
C01685,2026-05-06,2957.0,Web
C01685,2026-07-01,5341.0,Store
C01685,2026-07-11,1501.0,App
C01685,2026-08-22,3658.0,App
C01686,2026-07-01,5092.0,Web
C01686,2026-08-14,2838.0,App
C01687,2025-05-20,2842.0,Web
C01687,2025-07-03,3304.0,Web
C01687,2025-07-28,3733.0,Web
C01688,2025-04-04,2066.0,App
C01688,2025-04-19,3323.0,App
C01688,2025-05-10,3926.0,Web
C01689,2025-04-27,2582.0,Web
C01689,2025-06-06,2471.0,Web
C01689,2025-08-02,3180.0,App
C01690,2025-04-11,9792.0,Web
C01690,2025-05-06,6462.0,Web
C01690,2025-05-18,8258.0,App
C01690,2025-07-05,6587.0,App
C01690,2025-07-12,9319.0,Store
C01690,2025-07-31,6822.0,Web
C01690,2025-09-06,8414.0,App
C01690,2025-09-19,5414.0,App
C01690,2025-10-14,5338.0,Store
C01691,2025-05-03,3464.0,Web
C01691,2025-06-28,3752.0,Web
C01691,2026-03-06,2617.0,App
C01691,2026-05-08,2328.0,App
C01691,2026-06-24,3400.0,App
C01692,2025-03-04,4115.0,App
C01692,2025-03-12,6509.0,Store
C01692,2025-05-04,1869.0,App
C01692,2025-06-27,2123.0,Web
C01692,2025-08-16,2347.0,App
C01692,2025-10-16,3730.0,App
C01692,2025-10-28,929.0,Web
C01692,2025-11-21,2854.0,Store
C01692,2026-01-09,1418.0,App
C01692,2026-05-09,3160.0,Web
C01693,2026-06-22,3548.0,Web
C01693,2026-06-29,3442.0,Web
C01694,2025-09-16,3102.0,App
C01694,2025-10-02,2398.0,App
C01694,2025-11-09,2633.0,Web
C01694,2026-02-17,1780.0,Web
C01694,2026-04-15,3477.0,Web
C01694,2026-07-07,3284.0,Web
C01694,2026-07-30,5976.0,App
C01695,2025-07-08,3302.0,App
C01695,2025-07-31,1351.0,Web
C01695,2025-09-29,2262.0,Web
C01696,2025-03-06,2918.0,Web
C01696,2025-05-10,2551.0,App
C01696,2025-06-04,4460.0,Web
C01697,2025-04-15,7408.0,Web
C01697,2025-07-06,3688.0,App
C01697,2025-08-28,4395.0,App
C01697,2025-09-18,5475.0,App
C01697,2025-10-03,6774.0,Web
C01697,2025-11-10,6882.0,App
C01697,2026-01-25,6829.0,App
C01697,2026-02-13,4135.0,Web
C01697,2026-02-22,9279.0,App
C01697,2026-03-16,5747.0,App
C01697,2026-04-04,1385.0,Web
C01697,2026-05-27,4602.0,Web
C01698,2025-04-10,2645.0,Store
C01698,2025-05-03,3152.0,App
C01698,2025-10-19,4571.0,Web
C01698,2026-01-06,3629.0,App
C01699,2025-09-14,2265.0,App
C01699,2025-10-21,3580.0,Web
C01699,2025-11-11,2876.0,App
C01699,2025-12-20,2530.0,Web
C01699,2026-01-03,4912.0,Web
C01699,2026-03-08,3486.0,Web
C01700,2025-05-05,1170.0,App
C01700,2025-08-08,3207.0,Web
C01700,2025-11-06,2612.0,Web
C01700,2025-12-12,4123.0,Web
C01700,2026-03-29,3782.0,Store
C01701,2025-06-12,3803.0,Web
C01701,2025-06-17,3783.0,Web
C01701,2025-08-23,1176.0,Web
C01701,2025-10-19,2300.0,Web
C01702,2025-08-22,3192.0,Store
C01702,2025-11-15,3046.0,Web
C01702,2025-12-25,4771.0,Web
C01702,2026-02-15,2488.0,App
C01702,2026-04-07,2250.0,Web
C01702,2026-07-12,4875.0,Web
C01703,2025-06-07,12777.0,Web
C01703,2025-06-18,11716.0,Web
C01703,2025-07-10,10484.0,App
C01703,2025-08-07,7205.0,App
C01703,2025-08-29,6526.0,App
C01703,2025-09-26,6195.0,App
C01703,2025-11-26,5019.0,Web
C01704,2025-06-19,4780.0,Web
C01704,2025-07-04,4189.0,Web
C01704,2025-08-08,2067.0,Web
C01705,2025-04-19,2408.0,Store
C01705,2025-06-14,2174.0,Web
C01705,2025-09-11,2207.0,App
C01706,2025-04-28,3714.0,App
C01706,2025-09-01,2600.0,Web
C01706,2025-09-14,1991.0,App
C01706,2025-11-14,4416.0,Web
C01706,2026-02-07,2497.0,Web
C01707,2025-06-21,2848.0,App
C01707,2025-07-23,3654.0,Web
C01707,2025-08-08,5806.0,Web
C01707,2025-08-14,2371.0,Web
C01707,2025-09-17,3229.0,App
C01707,2025-10-07,3831.0,App
C01707,2025-11-22,6818.0,Web
C01707,2026-03-19,9163.0,Web
C01707,2026-05-02,5371.0,App
C01707,2026-06-15,1304.0,Web
C01708,2025-04-17,8530.0,Web
C01708,2025-05-25,4336.0,Web
C01708,2025-06-20,6627.0,Web
C01708,2025-07-11,5940.0,Web
C01708,2025-07-20,8096.0,Web
C01708,2025-08-17,5721.0,Web
C01708,2025-09-07,6288.0,Web
C01708,2025-09-20,5129.0,App
C01708,2025-10-13,6467.0,Web
C01708,2025-11-08,7605.0,Web
C01708,2025-11-15,6247.0,Store
C01708,2025-12-30,6321.0,App
C01709,2025-05-17,8367.0,Web
C01709,2025-08-29,933.0,Store
C01709,2025-11-07,2590.0,App
C01709,2025-12-16,3420.0,Web
C01709,2026-02-11,2734.0,App
C01709,2026-06-04,3591.0,Web
C01709,2026-06-30,2932.0,App
C01710,2026-07-20,4028.0,Web
C01710,2026-07-28,5439.0,Web
C01711,2025-09-01,3690.0,Web
C01711,2025-10-07,5713.0,Web
C01711,2025-11-15,4205.0,App
C01711,2026-01-09,5214.0,App
C01711,2026-01-22,3336.0,Web
C01712,2025-04-06,5609.0,App
C01712,2025-04-15,8361.0,Web
C01712,2025-05-02,7926.0,App
C01712,2025-05-21,7334.0,App
C01712,2025-05-30,10772.0,App
C01712,2025-06-22,20576.0,Web
C01712,2025-07-17,8425.0,Web
C01712,2025-08-15,9694.0,Web
C01712,2025-09-09,7782.0,Web
C01712,2025-09-27,8850.0,Web
C01712,2025-10-30,3995.0,App
C01712,2025-11-19,2737.0,Store
C01712,2025-11-22,3366.0,App
C01712,2025-11-28,5669.0,Web
C01713,2025-05-04,2832.0,App
C01713,2025-10-17,2299.0,Web
C01713,2025-11-10,4798.0,Web
C01713,2026-06-30,4408.0,Web
C01714,2025-10-05,2113.0,App
C01714,2026-03-02,3096.0,App
C01714,2026-05-02,2845.0,App
C01715,2026-08-02,3404.0,Web
C01715,2026-08-05,3498.0,App
C01716,2025-03-04,3970.0,Store
C01716,2025-05-26,1555.0,Web
C01716,2025-11-30,3448.0,Store
C01716,2026-01-11,5520.0,App
C01716,2026-06-03,5051.0,Web
C01717,2026-07-10,4250.0,Web
C01717,2026-07-21,2042.0,Web
C01718,2025-06-25,3063.0,Web
C01718,2025-07-16,4166.0,Web
C01718,2025-09-07,2221.0,App
C01719,2025-07-16,3021.0,App
C01719,2025-07-29,2835.0,App
C01719,2025-08-10,2357.0,Web
C01720,2025-06-19,3876.0,Web
C01720,2025-08-31,4167.0,App
C01720,2026-03-12,4215.0,Web
C01720,2026-04-03,3170.0,Web
C01721,2025-03-19,6443.0,Web
C01721,2025-04-05,10386.0,Web
C01721,2025-04-19,12272.0,App
C01721,2025-04-27,7040.0,App
C01721,2025-05-10,10193.0,Web
C01721,2025-05-26,12345.0,App
C01721,2025-06-17,5420.0,Web
C01721,2025-07-07,8409.0,Web
C01721,2025-07-21,8043.0,App
C01721,2025-08-06,10962.0,Store
C01721,2025-08-22,5618.0,App
C01721,2025-09-13,8404.0,Web
C01721,2025-10-09,6874.0,Web
C01721,2025-11-06,8731.0,Web
C01721,2025-11-18,11538.0,Web
C01721,2025-12-01,12620.0,Web
C01721,2025-12-12,11574.0,Web
C01721,2025-12-28,5321.0,Web
C01721,2026-02-21,6377.0,Web
C01721,2026-03-05,10702.0,Web
C01721,2026-03-29,9299.0,Web
C01721,2026-04-22,6864.0,Web
C01721,2026-05-12,5460.0,Web
C01721,2026-05-15,1917.0,Web
C01721,2026-05-30,4307.0,Web
C01721,2026-06-21,6762.0,Web
C01721,2026-06-30,6798.0,Web
C01721,2026-07-03,8689.0,App
C01721,2026-07-25,9288.0,Web
C01721,2026-08-21,16591.0,App
C01722,2026-07-18,4624.0,Web
C01723,2025-03-16,3339.0,Store
C01723,2025-05-05,5730.0,Web
C01723,2025-08-07,3183.0,App
C01723,2025-12-11,3702.0,App
C01723,2025-12-27,6488.0,Web
C01723,2026-01-21,1400.0,App
C01724,2025-07-23,2432.0,Web
C01724,2025-09-09,2904.0,App
C01725,2025-04-19,3476.0,Store
C01725,2025-05-14,2534.0,App
C01725,2025-06-14,2632.0,Web
C01726,2025-04-16,2354.0,App
C01726,2025-05-07,5312.0,Store
C01726,2025-05-28,7017.0,Web
C01726,2025-06-02,5582.0,App
C01726,2025-09-20,4993.0,Web
C01726,2025-10-03,3965.0,Web
C01726,2025-11-29,4118.0,Web
C01726,2025-12-17,1819.0,Web
C01726,2026-01-11,6508.0,Web
C01726,2026-02-15,3966.0,Web
C01726,2026-03-09,7301.0,Web
C01726,2026-06-05,3730.0,App
C01727,2026-07-06,7962.0,Web
C01727,2026-08-07,6591.0,Web
C01728,2025-09-10,1320.0,Web
C01728,2025-10-02,4332.0,Web
C01728,2025-12-05,3093.0,App
C01728,2026-01-04,1962.0,Web
C01728,2026-02-19,2341.0,Web
C01728,2026-05-01,3407.0,Web
C01728,2026-05-17,1171.0,App
C01729,2025-04-30,5725.0,App
C01729,2025-05-21,5936.0,App
C01729,2025-06-24,17235.0,Store
C01729,2025-07-13,3897.0,Web
C01729,2025-07-31,4962.0,Web
C01729,2025-09-15,7593.0,Web
C01729,2025-10-29,6067.0,App
C01729,2025-11-09,10022.0,Web
C01729,2025-11-19,9720.0,Web
C01729,2025-11-27,6241.0,App
C01729,2025-11-30,12737.0,Web
C01729,2026-01-09,5114.0,App
C01729,2026-01-28,5813.0,Web
C01729,2026-02-08,13047.0,Web
C01729,2026-02-25,4765.0,Web
C01729,2026-04-08,8496.0,Store
C01729,2026-04-12,13028.0,Web
C01729,2026-05-21,3030.0,Web
C01729,2026-06-05,6686.0,Web
C01729,2026-06-27,10484.0,Store
C01729,2026-07-20,6846.0,Web
C01730,2025-06-21,9092.0,App
C01730,2025-07-20,5077.0,App
C01730,2025-07-26,5738.0,Web
C01730,2025-09-04,8258.0,Web
C01730,2025-09-13,3084.0,App
C01730,2025-09-21,9245.0,App
C01730,2025-10-23,5790.0,Web
C01730,2025-10-30,4837.0,App
C01730,2025-11-15,8081.0,Web
C01730,2025-11-29,11687.0,Web
C01730,2025-12-11,6322.0,Web
C01730,2025-12-21,7814.0,Web
C01731,2025-04-11,5398.0,Store
C01731,2025-04-19,2225.0,Store
C01731,2025-08-11,2867.0,Web
C01731,2025-08-21,2918.0,Web
C01731,2025-12-26,5187.0,Web
C01731,2026-02-14,5240.0,Web
C01732,2025-04-16,3626.0,App
C01732,2025-06-19,4058.0,App
C01732,2025-10-17,4909.0,App
C01732,2025-12-20,4581.0,Web
C01732,2026-01-15,3292.0,App
C01732,2026-02-27,2355.0,App
C01732,2026-03-20,3696.0,Store
C01732,2026-05-04,4132.0,App
C01732,2026-06-02,5223.0,Web
C01732,2026-07-20,3918.0,App
C01733,2025-03-12,1675.0,App
C01733,2025-07-05,4704.0,Web
C01733,2025-10-26,2480.0,App
C01733,2025-12-13,2583.0,Web
C01733,2026-04-16,2172.0,Web
C01734,2026-06-18,3205.0,Web
C01734,2026-07-30,3532.0,App
C01735,2025-08-02,4598.0,Web
C01735,2025-10-05,2784.0,Web
C01735,2025-11-12,6685.0,Web
C01735,2025-12-14,3013.0,Web
C01736,2025-06-23,2905.0,Web
C01736,2025-08-03,1940.0,Web
C01736,2025-12-08,2411.0,Web
C01736,2026-02-25,2756.0,App
C01736,2026-04-19,3186.0,App
C01737,2025-08-24,3165.0,Web
C01737,2025-10-10,2099.0,App
C01737,2026-02-05,6923.0,App
C01738,2026-06-13,5407.0,App
C01738,2026-06-27,3243.0,Web
C01739,2025-07-08,4716.0,Web
C01739,2025-08-20,1707.0,App
C01739,2025-09-12,2609.0,App
C01740,2025-07-17,7461.0,Web
C01740,2025-10-14,5953.0,App
C01740,2026-02-26,3158.0,Web
C01740,2026-03-11,1232.0,Web
C01740,2026-03-20,2714.0,Web
C01740,2026-04-03,8848.0,App
C01740,2026-05-02,3835.0,Web
C01741,2026-07-01,3638.0,App
C01741,2026-07-10,6725.0,Web
C01742,2026-08-02,2862.0,Web
C01743,2025-03-31,4651.0,Web
C01743,2025-04-27,10202.0,Store
C01743,2025-05-16,7534.0,App
C01743,2025-05-23,4806.0,Web
C01743,2025-06-23,10007.0,App
C01743,2025-08-15,2888.0,Web
C01743,2025-09-03,5667.0,Web
C01743,2025-10-08,4208.0,App
C01743,2025-10-14,11449.0,Web
C01743,2025-10-28,6465.0,Store
C01743,2025-11-02,7735.0,Store
C01743,2025-11-30,8370.0,App
C01743,2025-12-16,9986.0,Web
C01743,2025-12-18,9598.0,App
C01743,2025-12-24,9960.0,App
C01743,2026-01-08,6857.0,Web
C01743,2026-01-12,10143.0,App
C01743,2026-01-18,5982.0,Web
C01743,2026-02-20,6537.0,App
C01743,2026-02-28,4394.0,App
C01743,2026-03-19,13530.0,App
C01743,2026-04-18,5314.0,Web
C01743,2026-05-14,12329.0,App
C01743,2026-06-27,9082.0,Web
C01743,2026-07-29,8068.0,App
C01744,2025-09-09,2879.0,App
C01744,2025-11-12,2303.0,App
C01744,2025-12-19,4792.0,Web
C01744,2026-01-24,2093.0,App
C01744,2026-05-23,8222.0,App
C01744,2026-06-02,5327.0,Web
C01745,2025-05-10,3168.0,App
C01745,2025-06-23,2475.0,Web
C01745,2025-08-18,3723.0,App
C01745,2025-11-24,2710.0,App
C01745,2026-02-02,2804.0,App
C01745,2026-07-16,10071.0,Store
C01746,2025-06-09,5569.0,App
C01746,2025-06-27,2277.0,Web
C01746,2025-07-12,2566.0,Web
C01747,2025-08-25,5133.0,Web
C01747,2025-11-21,2301.0,Web
C01747,2025-12-29,3912.0,Web
C01747,2026-02-20,1595.0,App
C01747,2026-03-11,3382.0,Store
C01748,2025-06-01,2259.0,Web
C01748,2025-07-08,3685.0,App
C01748,2025-07-29,2664.0,App
C01749,2025-04-08,5456.0,App
C01749,2025-06-12,2981.0,App
C01750,2025-05-27,6843.0,App
C01750,2025-06-03,6975.0,Web
C01750,2025-07-13,11516.0,Web
C01750,2025-09-08,7187.0,Web
C01750,2025-09-20,7005.0,Web
C01750,2025-10-28,5547.0,Web
C01750,2025-11-15,2648.0,Web
C01750,2025-11-19,10354.0,Web
C01751,2025-05-08,3561.0,Web
C01751,2025-07-03,3879.0,Web
C01751,2025-07-07,2821.0,Web
C01752,2026-08-03,4391.0,App
C01753,2025-06-12,3136.0,App
C01753,2025-10-13,2389.0,Web
C01753,2025-12-20,2814.0,Web
C01753,2026-05-13,1676.0,App
C01754,2025-04-11,3135.0,App
C01754,2025-06-14,3159.0,App
C01754,2025-08-04,3939.0,Web
C01754,2025-12-09,6298.0,Web
C01754,2025-12-16,3864.0,Web
C01755,2026-06-18,4824.0,Store
C01755,2026-06-25,3694.0,Web
C01756,2025-04-23,1199.0,Web
C01756,2025-07-16,2752.0,Web
C01756,2025-08-27,1688.0,Web
C01757,2025-05-26,9431.0,App
C01757,2025-10-12,4220.0,Web
C01757,2025-11-17,2863.0,App
C01757,2025-12-20,11169.0,Web
C01757,2026-02-13,3072.0,Store
C01757,2026-05-16,2461.0,Web
C01758,2025-05-25,2038.0,Web
C01758,2025-08-02,1429.0,App
C01758,2025-11-27,8689.0,Web
C01758,2025-12-16,3217.0,Web
C01758,2026-01-25,2598.0,Web
C01758,2026-04-12,2206.0,Store
C01758,2026-07-07,5072.0,App
C01759,2025-03-09,2005.0,Web
C01759,2025-04-08,2875.0,App
C01759,2025-04-26,1637.0,Store
C01759,2025-07-02,2895.0,App
C01759,2025-08-01,2630.0,App
C01759,2025-10-18,2587.0,Store
C01759,2025-12-14,2968.0,App
C01759,2026-01-23,4027.0,Web
C01760,2025-10-01,2696.0,Web
C01760,2025-12-15,1398.0,Web
C01760,2026-03-31,2483.0,App
C01760,2026-05-08,3054.0,Web
C01760,2026-05-16,3802.0,Web
C01761,2026-07-13,6337.0,Web
C01761,2026-07-15,6088.0,Store
C01762,2025-03-01,4458.0,Store
C01762,2025-03-22,5099.0,Store
C01762,2025-05-09,4379.0,Web
C01762,2025-07-11,2756.0,Web
C01762,2025-09-10,5201.0,App
C01762,2025-10-13,2583.0,Web
C01762,2025-12-11,4810.0,Web
C01762,2026-01-12,2440.0,Web
C01762,2026-03-20,1950.0,Web
C01762,2026-04-30,5898.0,Web
C01763,2026-06-11,5633.0,Web
C01763,2026-06-14,3817.0,Web
C01764,2025-06-28,3523.0,Web
C01764,2025-07-28,11041.0,App
C01764,2025-08-30,5873.0,Web
C01764,2025-10-28,3618.0,Web
C01764,2025-11-03,2629.0,Web
C01764,2025-12-06,6101.0,App
C01764,2026-02-22,8029.0,Web
C01764,2026-05-12,5388.0,Store
C01765,2025-06-21,4759.0,App
C01765,2025-08-03,5108.0,App
C01765,2025-09-29,4786.0,Web
C01765,2025-10-28,4660.0,Store
C01765,2025-12-03,4518.0,App
C01765,2026-01-11,2466.0,Store
C01765,2026-01-22,5532.0,App
C01765,2026-03-19,3003.0,App
C01765,2026-05-11,5366.0,Web
C01765,2026-06-18,6110.0,Web
C01765,2026-06-30,5431.0,Web
C01766,2025-07-14,12848.0,App
C01766,2025-08-20,4070.0,Web
C01766,2025-11-13,4448.0,App
C01766,2025-11-20,2432.0,Web
C01766,2025-12-02,4191.0,App
C01766,2026-01-25,4147.0,App
C01766,2026-03-31,4025.0,Web
C01766,2026-04-26,7167.0,App
C01766,2026-05-02,6266.0,Store
C01767,2025-09-27,2168.0,Store
C01767,2025-11-08,3941.0,Web
C01767,2026-01-08,6958.0,Web
C01767,2026-01-22,5007.0,Web
C01768,2025-08-05,2561.0,Web
C01768,2025-08-21,5340.0,Web
C01768,2025-09-13,5050.0,App
C01768,2025-10-16,6177.0,Web
C01768,2025-10-31,3784.0,Web
C01768,2025-12-03,6201.0,Web
C01768,2026-01-17,5483.0,Web
C01768,2026-03-04,4857.0,Web
C01768,2026-03-25,10179.0,App
C01768,2026-04-15,5572.0,Web
C01768,2026-05-09,3834.0,App
C01768,2026-06-13,8533.0,App
C01769,2025-07-11,3843.0,App
C01769,2025-09-10,2509.0,Web
C01769,2025-10-31,5309.0,Web
C01769,2026-02-04,5821.0,Store
C01769,2026-02-09,6231.0,App
C01769,2026-03-23,4090.0,App
C01769,2026-04-24,3489.0,App
C01769,2026-04-27,3763.0,App
C01769,2026-05-27,4450.0,Web
C01769,2026-06-24,3765.0,App
C01769,2026-07-06,8787.0,Web
C01769,2026-08-04,3987.0,Web
C01770,2025-03-09,2922.0,Web
C01770,2025-03-28,1735.0,Store
C01770,2025-06-21,2704.0,App
C01770,2025-07-17,2828.0,Web
C01770,2025-08-16,4452.0,Web
C01770,2025-09-03,2419.0,Web
C01770,2025-10-05,3842.0,App
C01770,2026-02-15,3223.0,Web
C01771,2025-07-01,2412.0,Web
C01771,2025-08-19,2693.0,Web
C01772,2025-05-31,5144.0,Web
C01772,2025-08-15,2094.0,Web
C01772,2025-10-14,4275.0,Web
C01772,2025-12-18,4347.0,Web
C01772,2026-02-07,3485.0,App
C01772,2026-04-21,2904.0,App
C01773,2025-07-14,5707.0,Web
C01773,2025-08-26,3449.0,Web
C01773,2025-08-29,1724.0,App
C01774,2025-08-20,3139.0,App
C01774,2025-09-03,4247.0,App
C01774,2025-10-26,4233.0,Store
C01774,2026-03-31,2134.0,Store
C01774,2026-05-19,2421.0,Web
C01775,2025-03-21,2518.0,App
C01775,2025-04-24,2809.0,Web
C01775,2025-06-04,2111.0,Web
C01776,2025-04-11,1528.0,App
C01776,2025-05-19,2984.0,App
C01776,2025-06-08,1994.0,Web
C01777,2025-07-04,3314.0,Web
C01777,2025-10-05,2925.0,Web
C01777,2025-12-04,2482.0,Web
C01777,2026-01-28,8781.0,Web
C01777,2026-02-05,2266.0,Web
C01777,2026-04-04,2115.0,Web
C01777,2026-06-12,3944.0,Web
C01777,2026-07-09,1774.0,Web
C01778,2025-03-31,14752.0,Web
C01778,2025-04-17,9683.0,Web
C01778,2025-05-25,7539.0,App
C01778,2025-06-04,5104.0,App
C01778,2025-06-28,6383.0,Web
C01778,2025-07-29,7277.0,Web
C01778,2025-08-18,9608.0,Web
C01778,2025-08-27,5924.0,Store
C01778,2025-09-08,8118.0,App
C01778,2025-10-04,7767.0,Web
C01778,2025-10-30,7307.0,Web
C01778,2025-11-18,6143.0,App
C01778,2025-11-21,7359.0,App
C01778,2025-11-27,6822.0,Web
C01778,2025-12-13,5366.0,Store
C01778,2025-12-23,9614.0,App
C01778,2025-12-30,12241.0,Web
C01779,2026-07-07,2217.0,App
C01779,2026-07-14,5821.0,Web
C01780,2025-05-13,5378.0,App
C01780,2025-06-01,2143.0,Web
C01780,2025-07-02,4026.0,App
C01781,2025-03-11,3464.0,App
C01781,2025-04-07,4442.0,Web
C01781,2025-05-01,2458.0,App
C01781,2025-06-13,5500.0,Web
C01781,2025-07-26,3502.0,Store
C01781,2025-10-04,8670.0,App
C01781,2025-10-09,5331.0,App
C01781,2025-12-09,4121.0,Web
C01781,2025-12-23,4133.0,App
C01781,2026-02-02,5341.0,Web
C01781,2026-02-15,6085.0,App
C01781,2026-04-06,2892.0,App
C01781,2026-04-27,4349.0,App
C01782,2025-06-18,4571.0,Web
C01782,2025-07-28,3725.0,App
C01782,2025-11-01,2947.0,Store
C01782,2025-11-17,2200.0,Web
C01782,2026-01-09,4990.0,App
C01782,2026-04-13,1398.0,Web
C01782,2026-05-31,1572.0,Web
C01783,2026-06-17,4739.0,Web
C01783,2026-07-31,2705.0,Web
C01784,2025-05-09,4437.0,Web
C01784,2025-06-19,5431.0,App
C01784,2025-07-17,5652.0,App
C01784,2025-08-23,3558.0,Store
C01784,2025-10-09,7717.0,Web
C01784,2025-12-08,6389.0,Web
C01784,2026-01-02,3144.0,Web
C01784,2026-01-18,3810.0,Web
C01784,2026-03-30,3407.0,Store
C01784,2026-05-28,4501.0,Store
C01784,2026-07-11,5936.0,Web
C01785,2026-06-22,3631.0,Web
C01785,2026-07-02,4197.0,App
C01786,2025-07-30,5319.0,App
C01786,2025-11-20,6951.0,Web
C01786,2026-01-31,2130.0,Store
C01786,2026-03-11,5400.0,Web
C01786,2026-04-15,3138.0,App
C01787,2026-07-08,5694.0,Store
C01787,2026-07-21,2858.0,App
C01788,2025-03-10,1826.0,Store
C01788,2025-08-12,2993.0,App
C01789,2025-04-12,1973.0,Web
C01789,2025-06-26,5670.0,Web
C01789,2025-07-11,3037.0,Web
C01789,2025-07-18,2092.0,App
C01789,2025-09-29,7694.0,App
C01789,2026-03-06,1932.0,Store
C01789,2026-05-03,2182.0,Web
C01789,2026-06-08,3163.0,Web
C01790,2025-05-24,6746.0,Web
C01790,2025-06-09,2641.0,Web
C01790,2025-06-23,5097.0,Web
C01790,2025-07-25,5761.0,Web
C01790,2025-08-06,2600.0,Web
C01790,2025-09-06,9918.0,Web
C01790,2025-10-09,7145.0,App
C01790,2025-11-29,7169.0,Web
C01790,2026-02-12,5436.0,Web
C01790,2026-02-21,3158.0,Web
C01790,2026-03-03,2779.0,Web
C01790,2026-05-25,4436.0,Web
C01790,2026-08-06,6099.0,App
C01791,2025-03-20,9663.0,App
C01791,2025-03-21,4155.0,App
C01791,2025-04-04,6374.0,Web
C01791,2025-09-10,4727.0,App
C01791,2025-10-05,2013.0,Web
C01791,2025-12-18,2675.0,App
C01791,2026-02-07,3828.0,App
C01791,2026-05-04,5312.0,Web
C01792,2026-06-25,5661.0,App
C01792,2026-07-29,6702.0,Store
C01793,2026-07-30,3099.0,Web
C01794,2025-03-13,5011.0,Web
C01794,2025-04-15,4684.0,Web
C01794,2025-05-18,3202.0,Web
C01795,2025-07-17,3082.0,Web
C01795,2025-08-13,4178.0,Web
C01795,2025-10-30,1558.0,Web
C01795,2026-04-14,1925.0,App
C01795,2026-04-30,3209.0,Web
C01795,2026-06-04,2282.0,Web
C01796,2026-06-12,4864.0,App
C01796,2026-07-04,3462.0,Web
C01797,2025-06-12,2405.0,Web
C01797,2025-07-19,1299.0,Store
C01797,2025-07-27,6967.0,Web
C01798,2026-07-30,3018.0,Web
C01799,2025-04-16,1588.0,App
C01799,2025-06-10,3314.0,Web
C01799,2025-07-05,2653.0,Web
C01800,2025-07-12,1604.0,Web
C01801,2025-04-02,2273.0,Web
C01801,2025-06-04,1583.0,Web
C01801,2025-07-24,2470.0,App
C01802,2025-05-12,3433.0,App
C01802,2025-06-15,3073.0,Web
C01802,2025-08-25,1467.0,App
C01803,2025-07-17,3963.0,App
C01803,2025-08-03,2907.0,Store
C01803,2025-09-28,6142.0,Web
C01803,2025-10-10,8853.0,Web
C01803,2025-11-28,11968.0,App
C01803,2025-12-24,5097.0,App
C01803,2026-03-23,4309.0,App
C01803,2026-06-19,4548.0,Web
C01803,2026-06-28,7956.0,App
C01804,2025-06-24,1776.0,App
C01804,2025-08-19,1435.0,Web
C01804,2025-09-11,2132.0,App
C01805,2025-04-14,2826.0,Web
C01805,2025-05-20,3840.0,App
C01805,2025-07-13,4155.0,App
C01806,2025-03-09,3023.0,App
C01806,2025-03-21,4406.0,Web
C01806,2025-03-25,3817.0,Web
C01807,2025-06-09,9030.0,Web
C01807,2025-07-12,3306.0,App
C01807,2025-09-29,4230.0,App
C01807,2025-11-04,5667.0,Store
C01807,2025-11-17,6024.0,App
C01807,2026-01-04,5458.0,Web
C01807,2026-01-18,2719.0,Store
C01807,2026-02-20,3166.0,App
C01807,2026-05-01,5291.0,Web
C01807,2026-05-03,2490.0,App
C01807,2026-06-09,3238.0,Web
C01807,2026-06-29,4685.0,App
C01808,2025-04-08,6495.0,Web
C01808,2025-05-05,9577.0,Web
C01808,2025-06-06,5505.0,Web
C01808,2025-06-27,6124.0,Web
C01808,2025-07-27,4039.0,Web
C01808,2025-08-04,13310.0,Web
C01808,2025-08-13,14637.0,Web
C01808,2025-08-25,6635.0,App
C01808,2025-09-01,9215.0,App
C01808,2025-09-02,9011.0,Web
C01808,2025-09-18,7538.0,Web
C01808,2025-09-28,10795.0,App
C01808,2025-10-12,4531.0,App
C01808,2025-10-21,6612.0,App
C01808,2025-11-03,3398.0,Store
C01808,2025-11-22,4952.0,Web
C01808,2025-12-21,3993.0,Web
C01809,2025-03-12,5457.0,App
C01809,2025-03-24,13240.0,Web
C01809,2025-03-28,5390.0,App
C01809,2025-04-23,3935.0,Web
C01809,2025-05-03,7464.0,Store
C01809,2025-05-19,8595.0,Web
C01809,2025-06-06,6347.0,Store
C01809,2025-06-20,10906.0,Web
C01809,2025-07-22,7515.0,App
C01809,2025-09-01,5293.0,App
C01809,2025-09-07,5731.0,Web
C01809,2025-09-17,7431.0,App
C01809,2025-09-25,7256.0,Web
C01809,2025-09-30,10787.0,Web
C01809,2025-10-28,9448.0,Web
C01810,2025-06-25,4134.0,App
C01810,2025-07-30,4031.0,Web
C01810,2025-10-22,5058.0,App
C01810,2025-12-14,3990.0,Web
C01810,2026-01-16,8035.0,Web
C01810,2026-02-24,4189.0,Web
C01810,2026-06-18,3058.0,Store
C01811,2026-07-15,4978.0,Web
C01811,2026-08-08,2920.0,Web
C01812,2025-03-10,6504.0,Web
C01812,2025-03-29,3670.0,App
C01812,2025-04-18,5767.0,Web
C01812,2025-04-22,3452.0,Web
C01812,2025-05-09,4411.0,App
C01812,2025-05-15,8795.0,Web
C01812,2025-07-03,3909.0,Web
C01812,2025-07-17,4046.0,Web
C01812,2025-08-28,3813.0,Web
C01812,2025-09-17,9257.0,Store
C01812,2025-10-29,12519.0,Web
C01812,2025-11-01,6872.0,Web
C01812,2025-11-10,9813.0,Web
C01812,2025-12-20,4694.0,Web
C01813,2025-07-28,4902.0,Web
C01813,2025-09-25,1812.0,Web
C01813,2025-10-27,8817.0,App
C01813,2026-02-03,1847.0,App
C01814,2026-06-26,5993.0,Web
C01814,2026-07-13,7029.0,Store
C01815,2025-04-20,6317.0,App
C01815,2025-05-26,2706.0,Web
C01815,2025-08-07,5412.0,App
C01815,2025-08-13,3898.0,Store
C01815,2025-11-09,6576.0,Web
C01815,2026-02-04,5163.0,Web
C01815,2026-05-23,3445.0,App
C01816,2025-03-23,2963.0,Web
C01816,2025-04-26,2944.0,App
C01816,2025-05-16,1960.0,Web
C01817,2025-05-16,3197.0,App
C01817,2025-06-30,2429.0,Web
C01817,2025-09-15,1860.0,App
C01817,2025-10-06,3775.0,App
C01817,2025-11-14,11008.0,Web
C01817,2026-03-10,3023.0,App
C01818,2025-03-24,1863.0,App
C01818,2025-05-13,2140.0,Web
C01818,2025-06-18,2357.0,Store
C01819,2025-05-04,2435.0,App
C01819,2025-05-10,3446.0,App
C01819,2025-06-04,3046.0,App
C01820,2025-04-01,3494.0,Web
C01820,2025-04-22,954.0,Store
C01820,2025-05-03,1703.0,Web
C01821,2025-09-02,3223.0,Store
C01821,2025-11-04,2160.0,Web
C01821,2026-04-21,3112.0,Web
C01821,2026-06-01,1716.0,Store
C01821,2026-06-16,2546.0,App
C01822,2025-03-06,2982.0,Web
C01822,2025-03-19,6451.0,App
C01822,2025-05-13,2502.0,App
C01823,2025-05-21,2887.0,Web
C01823,2025-08-04,2771.0,Web
C01823,2025-08-06,4508.0,App
C01824,2025-08-07,1882.0,Web
C01824,2025-08-30,2673.0,Web
C01824,2025-09-10,2782.0,Web
C01825,2025-09-16,2771.0,App
C01825,2025-11-14,2083.0,Store
C01825,2026-02-09,3216.0,App
C01825,2026-02-23,2108.0,App
C01825,2026-03-21,2416.0,App
C01825,2026-04-20,3092.0,App
C01826,2025-07-22,4199.0,Web
C01826,2025-08-09,4600.0,App
C01826,2025-08-21,9911.0,App
C01826,2025-08-24,4462.0,App
C01826,2025-12-03,4154.0,Web
C01826,2025-12-06,4687.0,App
C01826,2025-12-29,3522.0,Store
C01826,2026-01-29,2472.0,App
C01826,2026-02-28,2301.0,Store
C01826,2026-03-03,3451.0,Web
C01826,2026-04-05,7403.0,App
C01826,2026-06-11,7362.0,App
C01826,2026-06-19,2954.0,Web
C01826,2026-07-22,4333.0,App
C01827,2025-04-29,1035.0,App
C01827,2025-06-07,3416.0,Web
C01827,2025-07-03,1969.0,App
C01828,2025-05-09,2757.0,Web
C01828,2025-07-15,1904.0,Web
C01828,2025-08-20,2743.0,App
C01829,2025-05-25,8181.0,Web
C01829,2025-10-04,3847.0,Web
C01829,2026-01-12,4637.0,App
C01829,2026-06-21,2942.0,App
C01830,2025-06-10,2369.0,Web
C01830,2025-07-10,3924.0,Web
C01830,2025-09-05,4390.0,Store
C01831,2025-03-24,2897.0,App
C01831,2025-06-16,3406.0,App
C01831,2025-08-03,6046.0,Store
C01832,2025-03-11,2067.0,Web
C01832,2025-04-09,7387.0,Web
C01832,2025-06-23,4430.0,Web
C01832,2025-08-27,2729.0,App
C01832,2025-11-20,6011.0,App
C01832,2025-12-01,2040.0,Web
C01832,2025-12-13,2724.0,Web
C01832,2026-01-13,4645.0,Web
C01832,2026-03-29,1915.0,Web
C01832,2026-05-13,4305.0,Web
C01833,2025-03-18,2925.0,Web
C01833,2025-04-21,2395.0,Web
C01833,2025-06-01,1830.0,Store
C01834,2025-04-26,3413.0,Web
C01834,2025-06-17,12048.0,App
C01834,2025-08-18,10084.0,Web
C01834,2025-09-29,7488.0,App
C01834,2025-10-24,4697.0,App
C01834,2025-11-27,6235.0,Web
C01834,2026-01-07,3957.0,Web
C01834,2026-02-16,1564.0,App
C01834,2026-04-13,3674.0,App
C01834,2026-05-03,3818.0,Web
C01834,2026-06-09,4668.0,App
C01834,2026-06-25,5599.0,Web
C01835,2026-07-24,4212.0,Web
C01836,2025-04-27,4459.0,App
C01836,2025-06-18,10851.0,Web
C01836,2025-07-13,3992.0,Store
C01836,2025-09-07,4225.0,Web
C01836,2025-09-17,6714.0,Web
C01836,2025-10-15,9949.0,App
C01836,2025-11-06,4152.0,Web
C01836,2026-03-13,7568.0,App
C01836,2026-03-29,6478.0,Web
C01836,2026-05-19,3405.0,Store
C01836,2026-06-09,4582.0,Web
C01836,2026-06-24,4541.0,App
C01836,2026-07-12,3055.0,Web
C01837,2025-03-05,7335.0,Web
C01837,2025-03-17,4038.0,App
C01837,2025-03-29,4131.0,Web
C01837,2025-04-26,13048.0,Web
C01837,2025-05-06,11942.0,App
C01837,2025-05-31,13172.0,App
C01837,2025-07-01,14415.0,Web
C01837,2025-07-22,12174.0,Store
C01837,2025-07-27,8179.0,Web
C01837,2025-08-16,9153.0,App
C01837,2025-08-20,5922.0,App
C01837,2025-09-05,8180.0,Web
C01837,2025-09-18,9768.0,Web
C01837,2025-10-10,9834.0,Web
C01837,2025-10-21,7201.0,Web
C01837,2025-10-31,3698.0,Web
C01837,2025-11-11,4431.0,App
C01837,2025-11-22,8889.0,Web
C01837,2025-11-26,6305.0,Web
C01837,2025-12-28,9497.0,Web
C01837,2026-01-09,4914.0,App
C01837,2026-02-03,12119.0,Web
C01837,2026-02-23,5420.0,App
C01837,2026-03-07,12616.0,Web
C01837,2026-03-17,4372.0,Web
C01837,2026-03-21,9294.0,App
C01837,2026-03-30,5431.0,App
C01837,2026-04-04,7501.0,App
C01837,2026-04-10,10967.0,Store
C01837,2026-05-05,10317.0,App
C01837,2026-05-15,5641.0,App
C01837,2026-05-23,6073.0,Web
C01837,2026-06-03,4339.0,Web
C01837,2026-06-08,4019.0,Store
C01837,2026-06-14,5620.0,App
C01837,2026-07-11,5579.0,Web
C01838,2025-05-09,12221.0,Web
C01838,2025-05-13,7499.0,App
C01838,2025-05-18,6584.0,Web
C01838,2025-05-26,7577.0,App
C01838,2025-06-02,5458.0,Web
C01838,2025-07-07,4527.0,App
C01838,2025-07-26,5008.0,Web
C01838,2025-08-02,5965.0,Web
C01838,2025-08-27,9553.0,Web
C01838,2025-09-24,4251.0,Web
C01838,2025-10-16,5016.0,Web
C01838,2025-11-05,9351.0,App
C01838,2025-11-25,6226.0,Web
C01838,2025-12-02,6579.0,Web
C01838,2025-12-19,6187.0,App
C01839,2025-05-17,2666.0,App
C01839,2025-09-05,1528.0,App
C01839,2025-09-22,4404.0,App
C01839,2025-10-15,11092.0,App
C01839,2025-12-27,3250.0,App
C01839,2026-02-13,5406.0,Web
C01840,2025-08-27,8426.0,Web
C01840,2025-09-17,2681.0,Web
C01841,2025-04-25,13858.0,App
C01841,2025-05-03,10678.0,Web
C01841,2025-05-30,5625.0,Web
C01841,2025-07-19,7571.0,App
C01841,2025-08-04,8611.0,Web
C01841,2025-08-10,12805.0,Web
C01841,2025-08-24,6892.0,Web
C01841,2025-09-03,6031.0,App
C01841,2025-09-09,4218.0,App
C01841,2025-09-12,10214.0,App
C01841,2025-10-28,8096.0,Web
C01841,2025-12-02,5556.0,Web
C01841,2025-12-13,9854.0,Web
C01841,2025-12-14,6680.0,Web
C01841,2026-01-03,4733.0,App
C01841,2026-02-10,11989.0,Web
C01841,2026-03-31,3655.0,Web
C01841,2026-04-20,7913.0,Web
C01841,2026-04-28,7238.0,Store
C01841,2026-05-16,4240.0,Web
C01841,2026-05-29,8432.0,App
C01841,2026-06-09,5903.0,Web
C01841,2026-07-11,13564.0,Web
C01841,2026-07-31,10693.0,App
C01841,2026-08-04,8130.0,Web
C01842,2025-04-19,3728.0,Web
C01842,2025-05-13,2460.0,Web
C01842,2025-07-12,2354.0,Web
C01843,2025-08-07,7081.0,App
C01843,2025-08-14,3108.0,Web
C01843,2025-09-25,5006.0,App
C01843,2025-10-02,6448.0,Web
C01843,2026-01-02,5523.0,Web
C01843,2026-01-07,2204.0,App
C01843,2026-03-13,4868.0,App
C01843,2026-04-10,3436.0,Web
C01843,2026-05-28,2720.0,Store
C01843,2026-07-02,5046.0,Store
C01843,2026-07-22,2801.0,Web
C01843,2026-08-08,5090.0,Web
C01844,2025-05-14,2133.0,Web
C01844,2025-06-14,2197.0,App
C01844,2025-08-23,2674.0,Web
C01844,2025-11-19,4077.0,Store
C01844,2026-01-19,4388.0,Web
C01844,2026-03-28,3559.0,Web
C01844,2026-06-06,4363.0,Web
C01844,2026-07-07,5336.0,App
C01845,2025-03-26,6578.0,Web
C01845,2025-04-25,3404.0,App
C01845,2025-05-07,2582.0,App
C01845,2025-05-18,3613.0,App
C01845,2025-08-05,2614.0,Web
C01845,2025-09-26,2465.0,Web
C01845,2025-10-16,3454.0,App
C01845,2025-11-15,2984.0,Web
C01845,2025-12-08,4354.0,Store
C01845,2026-01-07,4938.0,Web
C01845,2026-03-01,3366.0,Store
C01845,2026-03-03,5937.0,Web
C01845,2026-04-15,3539.0,Web
C01845,2026-04-25,4341.0,App
C01846,2025-05-22,2645.0,App
C01846,2025-08-05,3225.0,Web
C01846,2025-08-13,2425.0,Web
C01847,2026-07-12,1558.0,Web
C01847,2026-07-25,4266.0,Web
C01848,2025-05-13,3537.0,Web
C01848,2025-06-02,4635.0,Web
C01848,2025-06-15,1979.0,Web
C01849,2025-05-23,8006.0,Web
C01849,2025-06-10,12972.0,App
C01849,2025-07-05,9133.0,App
C01849,2025-08-14,5396.0,Store
C01849,2025-09-01,2928.0,App
C01849,2025-09-05,4842.0,Web
C01849,2025-10-18,11288.0,Web
C01849,2025-11-12,5914.0,App
C01849,2025-11-25,8946.0,App
C01849,2025-11-30,8826.0,Web
C01849,2025-12-12,6918.0,Web
C01850,2025-07-28,1235.0,App
C01850,2025-10-15,1172.0,Web
C01851,2026-06-21,3489.0,Web
C01851,2026-06-30,4081.0,App
C01852,2025-03-21,4477.0,Web
C01852,2025-05-07,5609.0,Web
C01852,2025-05-15,1749.0,App
C01852,2025-12-16,2050.0,Web
C01853,2025-03-29,4137.0,App
C01853,2025-04-12,3469.0,Web
C01853,2025-05-08,2830.0,Web
C01854,2025-04-10,3404.0,Web
C01854,2025-06-05,4197.0,Web
C01854,2025-11-07,4349.0,Web
C01854,2026-03-28,3880.0,Store
C01855,2025-09-13,5820.0,Web
C01855,2025-09-26,4629.0,Web
C01855,2025-10-19,4143.0,Web
C01855,2026-01-21,4646.0,Web
C01855,2026-03-29,3778.0,Web
C01855,2026-05-29,4634.0,App
C01856,2025-09-02,5182.0,Web
C01856,2025-12-23,8388.0,Web
C01856,2026-02-22,2168.0,App
C01857,2026-07-04,3281.0,App
C01857,2026-07-13,4080.0,Web
C01858,2026-06-09,2524.0,Web
C01858,2026-07-17,2805.0,App
C01859,2026-07-14,2464.0,Web
C01859,2026-08-02,4138.0,Store
C01860,2026-07-11,4997.0,App
C01860,2026-07-29,2525.0,App
C01861,2025-06-07,2818.0,App
C01861,2025-06-19,1619.0,App
C01861,2025-06-30,5638.0,Web
C01862,2025-06-10,1683.0,Web
C01862,2025-10-02,1642.0,App
C01862,2025-12-08,1554.0,Web
C01862,2026-02-19,1845.0,App
C01862,2026-04-05,1943.0,Web
C01862,2026-07-04,7304.0,Web
C01863,2025-04-07,4502.0,Web
C01863,2025-05-11,2633.0,App
C01863,2025-08-29,2910.0,Store
C01863,2025-11-04,10062.0,Store
C01863,2026-01-19,2376.0,Store
C01863,2026-02-04,3547.0,App
C01863,2026-03-04,7243.0,App
C01863,2026-04-16,2284.0,Web
C01864,2025-04-16,3849.0,Web
C01864,2025-06-14,2924.0,App
C01864,2025-06-23,4001.0,App
C01865,2025-08-08,2331.0,App
C01866,2025-09-23,4458.0,App
C01866,2025-11-17,2818.0,Store
C01866,2025-11-24,2830.0,Web
C01866,2026-02-08,4245.0,App
C01866,2026-04-05,2484.0,App
C01866,2026-04-20,2102.0,Web
C01867,2025-04-15,2526.0,App
C01867,2025-08-26,1793.0,Web
C01867,2025-10-07,6845.0,Web
C01867,2025-11-05,3952.0,App
C01867,2026-02-03,4734.0,Web
C01867,2026-02-24,4159.0,Web
C01867,2026-03-17,4831.0,Web
C01868,2026-07-03,2455.0,Web
C01868,2026-07-11,3966.0,Web
C01869,2025-07-16,1808.0,Web
C01869,2025-07-27,1873.0,App
C01869,2025-08-07,3745.0,Web
C01870,2025-09-07,1498.0,App
C01870,2025-11-15,2198.0,Store
C01870,2025-12-10,3541.0,App
C01871,2026-07-17,2296.0,Web
C01871,2026-07-22,3988.0,Web
C01872,2025-05-20,8185.0,Web
C01872,2025-06-09,7400.0,Web
C01872,2025-08-05,10162.0,Web
C01872,2025-09-07,6730.0,App
C01872,2025-10-09,5766.0,Web
C01873,2025-08-25,4694.0,App
C01873,2025-10-29,3651.0,Store
C01873,2025-12-25,5062.0,Web
C01873,2026-01-17,2118.0,Web
C01873,2026-02-04,6031.0,App
C01873,2026-03-17,6445.0,App
C01874,2025-05-24,1687.0,Web
C01874,2025-11-01,5695.0,Web
C01875,2025-07-29,5143.0,Web
C01875,2025-12-06,4313.0,App
C01875,2026-02-06,2708.0,App
C01875,2026-04-24,2183.0,Store
C01875,2026-07-19,6020.0,App
C01876,2025-07-09,5544.0,Store
C01876,2025-08-30,2243.0,Web
C01876,2025-12-12,2305.0,Web
C01877,2026-07-22,2886.0,Web
C01877,2026-08-16,2069.0,Web
C01878,2026-07-20,2150.0,Web
C01878,2026-08-07,6959.0,Web
C01879,2025-04-10,2116.0,Web
C01879,2025-07-15,2927.0,Store
C01879,2025-08-12,1736.0,Web
C01880,2025-07-08,3335.0,Web
C01880,2025-08-12,3986.0,Web
C01880,2025-09-21,3481.0,App
C01881,2025-03-29,2052.0,Store
C01881,2025-05-10,6113.0,App
C01881,2025-05-15,2050.0,Web
C01882,2025-06-08,1489.0,Web
C01882,2025-07-15,4288.0,App
C01882,2025-09-04,1885.0,Store
C01883,2025-06-28,12274.0,App
C01883,2025-07-17,8279.0,Store
C01883,2025-07-20,7909.0,Web
C01883,2025-08-07,11934.0,Web
C01883,2025-08-29,5493.0,Web
C01883,2025-09-16,11629.0,Store
C01883,2025-10-04,5017.0,Store
C01883,2025-10-20,6427.0,Web
C01884,2025-03-09,2830.0,Web
C01884,2025-05-12,2357.0,App
C01884,2025-06-22,2172.0,Web
C01884,2025-09-04,8522.0,App
C01884,2025-11-20,2209.0,Web
C01884,2026-02-13,1721.0,App
C01884,2026-03-01,2114.0,Web
C01884,2026-03-07,3271.0,App
C01885,2026-06-16,3688.0,Web
C01885,2026-06-24,2400.0,Web
C01886,2026-07-05,3724.0,Web
C01886,2026-07-31,5827.0,App
C01887,2025-08-07,3982.0,App
C01887,2025-09-29,5309.0,App
C01887,2025-11-19,4034.0,Store
C01887,2026-02-19,2334.0,Web
C01887,2026-04-05,4298.0,App
C01887,2026-04-21,2629.0,Web
C01887,2026-05-28,5076.0,Store
C01887,2026-06-20,8704.0,Web
C01888,2025-06-21,6476.0,Web
C01888,2025-07-18,5612.0,App
C01888,2025-08-09,6711.0,Web
C01888,2025-08-24,5777.0,App
C01888,2025-09-17,2558.0,Web
C01888,2025-10-15,5688.0,Web
C01888,2025-12-24,5635.0,Web
C01888,2026-01-07,3433.0,Store
C01888,2026-02-15,5182.0,App
C01888,2026-04-04,2215.0,App
C01888,2026-04-22,5112.0,App
C01888,2026-04-29,6070.0,App
C01888,2026-06-06,6775.0,Web
C01888,2026-06-21,6109.0,Store
C01888,2026-08-02,3238.0,Web
C01889,2025-07-02,1871.0,App
C01889,2025-10-16,5644.0,Web
C01889,2026-01-22,1773.0,Web
C01889,2026-03-05,5036.0,Web
C01889,2026-06-01,2101.0,App
C01890,2025-03-09,9107.0,App
C01890,2025-03-28,8815.0,Web
C01890,2025-04-15,6431.0,Web
C01890,2025-05-21,6936.0,App
C01890,2025-05-26,4068.0,Web
C01890,2025-06-17,4580.0,Web
C01890,2025-07-10,7374.0,App
C01890,2025-08-23,4767.0,Web
C01890,2025-10-29,8981.0,Web
C01890,2025-11-04,6933.0,Web
C01890,2025-11-16,6357.0,Web
C01890,2025-11-19,5704.0,Web
C01890,2025-11-26,8260.0,App
C01891,2026-06-19,3269.0,App
C01891,2026-07-13,5028.0,Store
C01892,2025-05-20,2098.0,Web
C01892,2025-07-27,4343.0,Web
C01892,2025-09-25,1854.0,App
C01892,2025-10-18,3568.0,Web
C01892,2025-12-13,1705.0,Web
C01892,2026-03-03,2407.0,Web
C01893,2025-05-17,2579.0,Web
C01893,2025-07-15,4249.0,Web
C01893,2025-08-11,2076.0,App
C01894,2025-05-27,13844.0,App
C01894,2025-06-05,9569.0,App
C01894,2025-07-08,8330.0,Web
C01894,2025-07-09,5684.0,Web
C01894,2025-08-01,6050.0,Web
C01894,2025-08-07,6753.0,Web
C01894,2025-08-18,8467.0,Store
C01894,2025-08-29,11747.0,Web
C01894,2025-09-10,7841.0,Web
C01894,2025-10-25,6162.0,Web
C01894,2025-11-14,7274.0,App
C01894,2025-12-04,9029.0,App
C01894,2025-12-06,8466.0,Web
C01894,2025-12-11,6897.0,App
C01894,2026-01-12,5084.0,Web
C01894,2026-01-17,10970.0,App
C01894,2026-02-14,6866.0,Web
C01894,2026-03-02,8199.0,Web
C01894,2026-03-28,5938.0,Web
C01894,2026-04-05,5885.0,Web
C01894,2026-04-11,8956.0,App
C01894,2026-04-22,4830.0,Store
C01894,2026-04-25,5008.0,Web
C01894,2026-05-02,12759.0,Web
C01894,2026-05-10,10048.0,Web
C01894,2026-05-15,8706.0,Web
C01894,2026-06-12,5170.0,App
C01894,2026-06-18,8129.0,App
C01894,2026-07-02,7333.0,Web
C01894,2026-07-24,6446.0,Store
C01894,2026-08-09,7292.0,Web
C01894,2026-08-16,4560.0,App
C01895,2026-07-25,7388.0,App
C01896,2025-03-05,2650.0,Web
C01896,2025-03-18,2478.0,App
C01896,2025-05-13,3820.0,App
C01896,2025-07-13,5109.0,Store
C01896,2025-09-02,5588.0,Web
C01896,2025-11-08,6891.0,App
C01896,2025-11-17,6734.0,Web
C01896,2025-11-29,2939.0,Web
C01896,2025-12-11,3429.0,App
C01896,2026-02-05,4986.0,Web
C01896,2026-04-07,5017.0,Web
C01896,2026-07-08,8016.0,Web
C01896,2026-08-01,4113.0,Web
C01897,2025-05-20,4592.0,App
C01897,2025-06-12,1783.0,Web
C01897,2025-06-25,2571.0,App
C01898,2026-07-20,4438.0,Web
C01899,2025-03-22,7970.0,App
C01899,2025-04-13,8059.0,Web
C01899,2025-06-16,5282.0,Web
C01899,2025-07-07,5545.0,Store
C01899,2025-08-03,6751.0,App
C01899,2025-09-18,4068.0,Web
C01899,2025-12-17,3770.0,Web
C01899,2025-12-22,3849.0,Web
C01899,2026-01-06,5188.0,Web
C01899,2026-02-05,3826.0,Web
C01899,2026-03-31,3458.0,App
C01900,2025-04-23,3786.0,Web
C01900,2025-06-02,5527.0,Web
C01900,2025-06-15,2338.0,Web
C01900,2025-08-19,4104.0,Web
C01900,2025-09-04,4915.0,Web
C01900,2025-10-05,4939.0,Web
C01900,2025-10-15,6105.0,App
C01900,2025-11-06,4186.0,Web
C01900,2025-11-29,5521.0,Store
C01900,2026-01-04,4489.0,Web
C01900,2026-02-12,6189.0,Web
C01900,2026-02-22,2495.0,Store
C01900,2026-03-19,1629.0,App
C01900,2026-04-28,7621.0,Web
C01900,2026-05-13,3677.0,Web
C01900,2026-06-25,2335.0,Web
C01901,2025-06-14,3796.0,Web
C01901,2025-07-17,5808.0,App
C01901,2025-08-03,5035.0,Web
C01902,2025-06-14,9878.0,App
C01902,2025-06-19,2991.0,Web
C01902,2025-06-30,8686.0,App
C01902,2025-07-29,7334.0,Store
C01902,2025-08-04,6965.0,App
C01902,2025-08-09,7270.0,Web
C01902,2025-10-16,6108.0,App
C01902,2025-10-25,4590.0,Web
C01902,2025-11-19,4834.0,Web
C01902,2025-12-24,7596.0,Web
C01902,2026-01-02,11908.0,Web
C01902,2026-01-09,11085.0,App
C01902,2026-01-15,8156.0,App
C01902,2026-02-08,6342.0,Web
C01902,2026-02-17,15491.0,Web
C01902,2026-03-02,9550.0,Web
C01902,2026-03-30,9266.0,Store
C01902,2026-04-06,4720.0,Web
C01902,2026-05-13,8229.0,Web
C01902,2026-05-31,4879.0,Store
C01902,2026-06-04,15592.0,Web
C01902,2026-06-07,5606.0,Web
C01902,2026-06-19,6085.0,Store
C01902,2026-06-28,5995.0,Web
C01902,2026-07-23,6610.0,Web
C01902,2026-08-21,9515.0,Web
C01903,2025-05-05,2797.0,Web
C01903,2025-06-08,4354.0,Web
C01903,2025-08-11,4164.0,Web
C01903,2025-10-17,1635.0,App
C01903,2026-01-10,7335.0,Web
C01903,2026-03-10,3457.0,App
C01903,2026-05-02,4757.0,App
C01903,2026-05-10,2420.0,Web
C01904,2025-07-12,3487.0,App
C01904,2025-07-20,4027.0,App
C01904,2025-07-29,3118.0,App
C01904,2025-08-15,6731.0,App
C01904,2025-08-23,3427.0,Web
C01904,2025-09-24,9339.0,Store
C01904,2025-10-28,5500.0,Web
C01904,2025-11-25,5404.0,Web
C01904,2025-12-03,2718.0,App
C01904,2026-01-17,6023.0,Web
C01904,2026-02-03,4226.0,Web
C01904,2026-03-21,3683.0,Web
C01904,2026-05-12,3550.0,Web
C01904,2026-06-13,2809.0,Web
C01905,2025-03-23,1842.0,Web
C01905,2025-04-20,6481.0,Store
C01905,2025-05-13,1594.0,Web
C01906,2025-03-31,4087.0,Web
C01906,2025-04-05,5196.0,Web
C01906,2025-04-23,6067.0,Web
C01906,2025-05-12,14867.0,Store
C01906,2025-07-06,8076.0,Web
C01906,2025-08-05,4453.0,Web
C01906,2025-08-06,6080.0,App
C01906,2025-08-10,8254.0,Web
C01906,2025-09-14,6461.0,Web
C01906,2025-10-27,6228.0,App
C01907,2025-03-23,7873.0,Web
C01907,2025-05-21,5132.0,App
C01907,2025-07-07,4015.0,App
C01907,2025-07-30,6413.0,App
C01907,2025-08-16,6514.0,Web
C01907,2025-08-27,4066.0,App
C01907,2025-09-11,5369.0,Store
C01907,2025-10-12,4914.0,Store
C01907,2025-11-02,6225.0,Web
C01907,2025-11-27,8849.0,Web
C01907,2026-01-01,7412.0,App
C01907,2026-01-04,6974.0,Web
C01908,2025-07-10,4451.0,App
C01908,2025-08-08,4310.0,Web
C01908,2025-08-23,4467.0,Web
C01908,2025-09-11,3077.0,Store
C01908,2025-10-03,5050.0,App
C01908,2025-11-03,2944.0,Web
C01908,2026-01-04,5170.0,App
C01908,2026-02-23,4914.0,Web
C01908,2026-03-02,4186.0,Web
C01908,2026-03-29,4483.0,App
C01909,2025-09-05,2404.0,Web
C01909,2025-11-19,2903.0,Store
C01909,2026-03-18,2343.0,Web
C01910,2025-03-11,1747.0,Web
C01910,2025-07-31,3899.0,Web
C01910,2025-08-25,4505.0,Web
C01910,2026-01-05,3407.0,Web
C01911,2025-04-25,14427.0,Web
C01911,2025-05-28,10176.0,App
C01911,2025-06-30,6125.0,Web
C01911,2025-08-30,11002.0,Store
C01911,2025-09-10,6626.0,Web
C01911,2025-10-06,5345.0,App
C01911,2025-10-11,3964.0,App
C01911,2025-10-12,7206.0,Web
C01911,2025-11-05,4167.0,App
C01911,2025-12-08,12441.0,Web
C01911,2025-12-14,4342.0,Web
C01911,2025-12-24,6587.0,Web
C01911,2026-01-26,6687.0,Web
C01911,2026-02-03,7991.0,Web
C01911,2026-02-11,5555.0,App
C01911,2026-03-24,11194.0,Store
C01911,2026-05-10,7967.0,Web
C01911,2026-05-27,7478.0,App
C01911,2026-06-12,5993.0,Web
C01911,2026-07-30,9121.0,Web
C01912,2025-05-07,4588.0,Web
C01912,2025-06-16,5802.0,Web
C01912,2025-06-18,3510.0,App
C01912,2025-07-23,4220.0,Web
C01912,2025-08-14,8479.0,Web
C01912,2025-10-03,5339.0,App
C01912,2025-11-27,11149.0,Web
C01912,2025-12-07,6593.0,Store
C01912,2026-01-05,3533.0,Store
C01912,2026-03-26,5507.0,Web
C01912,2026-05-21,9046.0,App
C01912,2026-07-03,5041.0,App
C01912,2026-08-20,5975.0,Web
C01913,2025-08-26,2614.0,Web
C01913,2026-02-10,2287.0,App
C01914,2025-04-06,2415.0,Web
C01914,2025-04-20,3498.0,App
C01914,2025-05-11,1945.0,App
C01915,2025-05-21,2424.0,App
C01915,2025-06-25,6360.0,Store
C01915,2025-07-05,3656.0,App
C01915,2025-07-25,2746.0,App
C01915,2025-11-09,6558.0,Web
C01915,2026-01-26,2221.0,Web
C01915,2026-02-10,5535.0,App
C01915,2026-05-11,3860.0,App
C01915,2026-07-09,8758.0,Store
C01916,2026-06-14,2549.0,Web
C01916,2026-07-08,2832.0,App
C01917,2025-06-16,2320.0,App
C01917,2025-07-16,2266.0,Web
C01917,2025-09-18,2449.0,Web
C01918,2025-04-28,2478.0,App
C01918,2025-06-11,9533.0,App
C01918,2025-07-13,1767.0,App
C01918,2025-11-07,4745.0,Web
C01918,2025-12-26,6183.0,App
C01918,2026-02-23,2822.0,Web
C01919,2025-07-02,2775.0,App
C01919,2025-08-19,3757.0,App
C01919,2025-08-20,2911.0,App
C01920,2025-08-06,3232.0,Web
C01920,2025-08-29,3185.0,Web
C01920,2025-09-10,3479.0,Web
C01921,2025-06-25,6007.0,Store
C01921,2025-07-08,1532.0,Web
C01921,2025-07-23,1119.0,Store
C01922,2026-07-09,5705.0,App
C01922,2026-07-22,4368.0,Web
C01923,2025-07-31,2266.0,Web
C01924,2025-03-05,9225.0,App
C01924,2025-03-21,5980.0,App
C01924,2025-04-22,6626.0,App
C01924,2025-05-07,4823.0,Web
C01924,2025-05-17,7169.0,App
C01924,2025-05-25,6151.0,Store
C01924,2025-06-28,6520.0,Web
C01924,2025-07-09,8652.0,Web
C01924,2025-07-31,8811.0,Web
C01924,2025-09-12,11596.0,App
C01924,2025-10-01,5734.0,App
C01924,2025-10-26,8957.0,Web
C01924,2025-11-07,8806.0,App
C01924,2025-11-22,7274.0,App
C01925,2026-07-31,6409.0,App
C01925,2026-08-18,5355.0,App
C01926,2025-06-02,10500.0,Store
C01926,2025-06-15,3634.0,Web
C01926,2025-08-19,7935.0,Web
C01926,2025-08-29,5550.0,Web
C01926,2025-09-05,9258.0,App
C01926,2025-09-06,11259.0,Store
C01926,2025-09-20,6100.0,App
C01926,2025-10-02,9092.0,App
C01926,2025-11-13,6641.0,Web
C01926,2025-12-11,7650.0,App
C01926,2026-01-17,8690.0,Web
C01926,2026-02-17,5295.0,Web
C01926,2026-03-04,5304.0,Web
C01926,2026-07-17,10193.0,Web
C01926,2026-07-31,5936.0,App
C01926,2026-08-20,11776.0,App
C01927,2025-05-02,7048.0,Web
C01927,2025-05-12,5214.0,App
C01927,2025-05-16,7020.0,App
C01927,2025-06-05,5933.0,Web
C01927,2025-06-23,6580.0,Web
C01927,2025-07-14,11077.0,Web
C01927,2025-08-07,9609.0,Store
C01927,2025-09-03,6257.0,App
C01927,2025-09-30,7275.0,Web
C01927,2025-10-14,7042.0,App
C01927,2025-10-30,6062.0,App
C01927,2025-11-11,4408.0,Web
C01927,2025-12-14,9426.0,Web
C01927,2025-12-21,10669.0,App
C01928,2025-05-03,3189.0,Web
C01928,2025-07-25,1922.0,Web
C01928,2025-08-15,2381.0,Web
C01928,2025-11-04,2904.0,Web
C01928,2025-12-24,1593.0,App
C01928,2026-03-01,2281.0,Web
C01929,2025-04-09,7204.0,Web
C01929,2025-04-24,5450.0,Web
C01929,2025-06-23,5454.0,App
C01929,2025-07-24,9340.0,Store
C01929,2025-09-07,8958.0,Web
C01929,2025-10-10,14330.0,Web
C01929,2025-10-25,7594.0,App
C01929,2025-11-22,7946.0,App
C01929,2025-12-05,7413.0,Web
C01929,2025-12-10,5353.0,App
C01929,2025-12-28,9248.0,Web
C01929,2026-01-01,7092.0,Web
C01929,2026-01-14,4553.0,Store
C01929,2026-02-18,11087.0,App
C01929,2026-03-20,6154.0,App
C01929,2026-04-02,8448.0,App
C01929,2026-05-17,8553.0,App
C01929,2026-06-07,8099.0,Web
C01929,2026-07-02,5295.0,Web
C01929,2026-07-13,12266.0,App
C01930,2025-03-25,7902.0,Web
C01930,2025-04-12,5861.0,Web
C01930,2025-04-17,7021.0,App
C01930,2025-05-12,6541.0,App
C01930,2025-06-17,7859.0,Web
C01930,2025-07-20,12599.0,Web
C01930,2025-07-28,6075.0,Web
C01930,2025-09-20,5354.0,App
C01930,2025-10-02,6870.0,App
C01930,2025-11-09,9872.0,Web
C01930,2025-11-18,6266.0,Web
C01930,2025-11-27,7744.0,App
C01930,2025-12-06,8437.0,Web
C01930,2025-12-16,14985.0,App
C01930,2025-12-22,9743.0,App
C01930,2025-12-30,5198.0,Store
C01930,2026-01-01,3276.0,Web
C01930,2026-01-04,7436.0,App
C01931,2025-06-07,3242.0,App
C01931,2025-06-23,1994.0,App
C01931,2025-07-15,1064.0,Web
C01932,2025-05-31,3681.0,Web
C01932,2025-08-03,4224.0,Web
C01932,2025-08-18,4127.0,Web
C01933,2025-03-12,2610.0,Web
C01933,2025-07-31,3631.0,Web
C01933,2026-04-02,2477.0,Store
C01933,2026-06-01,3156.0,App
C01933,2026-07-05,7002.0,Web
C01934,2025-04-18,5768.0,App
C01934,2025-07-09,2745.0,Store
C01934,2025-10-14,2174.0,Web
C01934,2026-03-18,3860.0,App
C01935,2025-06-24,4193.0,App
C01935,2025-07-21,1506.0,Store
C01935,2025-10-11,3580.0,App
C01935,2025-11-19,5116.0,Store
C01935,2026-03-15,3509.0,Web
C01936,2025-03-07,3100.0,App
C01936,2025-05-04,10113.0,Web
C01936,2025-06-16,6828.0,Web
C01936,2025-07-08,5996.0,Web
C01936,2025-08-11,4290.0,Web
C01936,2025-10-29,6205.0,Web
C01936,2025-10-30,2027.0,Web
C01936,2025-11-30,8567.0,App
C01936,2026-01-04,6606.0,Web
C01936,2026-01-25,4300.0,Web
C01936,2026-02-03,6539.0,Web
C01936,2026-02-23,5912.0,Web
C01936,2026-03-12,3082.0,Web
C01936,2026-04-17,4958.0,Store
C01936,2026-05-05,5363.0,Web
C01936,2026-06-08,4375.0,App
C01937,2025-07-31,1862.0,Web
C01938,2025-06-08,1701.0,App
C01938,2025-08-19,1924.0,App
C01938,2025-09-11,2643.0,Web
C01939,2026-07-20,3363.0,Web
C01940,2025-04-21,7206.0,App
C01940,2025-05-13,3857.0,Web
C01940,2025-05-17,13910.0,Web
C01940,2025-05-21,3475.0,App
C01940,2025-06-10,6698.0,Web
C01940,2025-07-21,11842.0,Store
C01940,2025-08-22,5895.0,App
C01940,2025-09-18,6019.0,App
C01940,2025-10-17,6975.0,Store
C01940,2025-10-28,7064.0,Store
C01940,2025-12-02,5568.0,Web
C01940,2025-12-10,6023.0,Store
C01940,2025-12-14,10961.0,Web
C01940,2026-01-06,6248.0,App
C01940,2026-01-13,8972.0,App
C01940,2026-01-28,5467.0,Web
C01940,2026-01-31,12216.0,Web
C01940,2026-03-20,10448.0,App
C01940,2026-04-08,7292.0,Web
C01940,2026-05-03,9418.0,App
C01940,2026-05-14,12818.0,Web
C01940,2026-05-31,5299.0,Web
C01940,2026-06-09,5200.0,App
C01940,2026-06-20,8577.0,Web
C01940,2026-07-01,4786.0,App
C01940,2026-07-17,4371.0,Web
C01940,2026-08-16,4293.0,Store
C01941,2026-08-01,7338.0,App
C01942,2025-04-24,3051.0,Web
C01942,2025-06-14,2422.0,App
C01942,2025-08-08,3067.0,App
C01943,2025-06-11,13351.0,Web
C01943,2025-07-06,5281.0,Web
C01943,2025-07-21,4158.0,Web
C01943,2025-07-24,5313.0,App
C01943,2025-08-17,10637.0,Web
C01943,2025-09-04,5409.0,Web
C01943,2025-09-11,4282.0,Web
C01943,2025-10-01,7947.0,Web
C01943,2025-10-18,6168.0,Web
C01943,2025-11-06,8625.0,Web
C01943,2025-11-09,5577.0,App
C01943,2025-11-26,5106.0,App
C01944,2025-06-24,3961.0,Web
C01944,2025-07-22,6830.0,Store
C01944,2025-08-08,5275.0,Web
C01944,2025-10-17,10840.0,App
C01944,2025-11-19,3526.0,App
C01944,2026-01-12,3857.0,Web
C01944,2026-02-13,4909.0,Web
C01944,2026-03-12,3757.0,Web
C01944,2026-04-07,4567.0,Web
C01944,2026-04-25,2143.0,Web
C01944,2026-05-04,3980.0,App
C01944,2026-07-03,6557.0,Web
C01944,2026-07-16,9884.0,Store
C01944,2026-07-31,8240.0,App
C01945,2025-03-26,1317.0,App
C01945,2025-05-25,6012.0,Web
C01945,2025-08-24,3546.0,Web
C01945,2025-12-01,3476.0,App
C01945,2026-03-07,2910.0,Web
C01945,2026-04-19,4610.0,Web
C01946,2025-08-27,5687.0,Web
C01946,2025-09-09,7112.0,Store
C01946,2025-11-04,2231.0,App
C01946,2025-11-28,2570.0,Web
C01947,2026-07-02,6282.0,Web
C01947,2026-07-06,4180.0,Store
C01948,2025-06-15,3534.0,App
C01948,2025-07-20,2841.0,App
C01948,2025-11-22,3252.0,Web
C01948,2026-01-09,3191.0,App
C01948,2026-01-20,4425.0,Web
C01949,2025-05-21,11439.0,Web
C01949,2025-06-03,15168.0,Store
C01949,2025-06-22,7181.0,App
C01949,2025-07-05,6982.0,Web
C01949,2025-07-21,6624.0,Store
C01949,2025-09-06,6830.0,App
C01949,2025-10-23,8562.0,Store
C01949,2025-11-03,9399.0,Web
C01949,2025-11-07,13768.0,App
C01949,2025-11-26,5871.0,Web
C01949,2026-01-08,8531.0,Web
C01949,2026-01-22,5607.0,App
C01949,2026-02-20,8670.0,Web
C01949,2026-03-11,19175.0,Web
C01949,2026-03-22,7173.0,Web
C01949,2026-04-02,17753.0,Web
C01949,2026-04-28,5614.0,Store
C01949,2026-06-13,6405.0,App
C01949,2026-06-18,6674.0,Web
C01949,2026-06-27,8000.0,App
C01949,2026-07-12,7130.0,Store
C01950,2025-06-22,4132.0,Web
C01950,2025-07-20,3739.0,Web
C01950,2025-10-16,5884.0,Web
C01950,2026-06-20,3447.0,Web
C01951,2025-09-09,1377.0,Web
C01951,2025-11-11,3333.0,Web
C01951,2026-03-25,4653.0,Web
C01952,2025-06-06,3048.0,App
C01952,2025-06-20,16473.0,Web
C01952,2025-06-29,5571.0,Store
C01952,2025-07-18,5524.0,Web
C01952,2025-07-26,6223.0,Web
C01952,2025-08-08,10620.0,App
C01952,2025-08-15,15938.0,Web
C01952,2025-08-20,13357.0,Web
C01952,2025-10-16,6357.0,App
C01952,2025-10-26,4010.0,App
C01952,2025-11-08,6509.0,Web
C01952,2025-12-12,6016.0,Web
C01952,2025-12-28,4231.0,Web
C01952,2026-01-04,9228.0,Web
C01952,2026-01-11,7536.0,App
C01952,2026-01-18,8966.0,Web
C01952,2026-03-04,9721.0,App
C01952,2026-03-06,9562.0,App
C01952,2026-03-12,7357.0,App
C01952,2026-03-22,13359.0,Web
C01952,2026-04-01,6339.0,Web
C01952,2026-04-10,6018.0,Web
C01952,2026-05-01,6938.0,Web
C01952,2026-05-19,9084.0,Web
C01952,2026-05-27,9554.0,Store
C01952,2026-06-06,6680.0,App
C01952,2026-08-13,6729.0,Web
C01953,2025-04-19,2142.0,Web
C01953,2025-11-03,4095.0,Web
C01953,2025-12-09,6374.0,Web
C01953,2026-02-25,7510.0,Store
C01953,2026-04-20,3780.0,App
C01953,2026-05-01,3585.0,App
C01953,2026-05-30,1750.0,Web
C01953,2026-06-24,5713.0,Web
C01954,2025-03-01,4731.0,App
C01954,2025-03-16,2517.0,Web
C01954,2025-05-01,3249.0,Web
C01954,2025-08-23,2463.0,Web
C01954,2026-03-14,3629.0,Web
C01954,2026-05-09,2514.0,App
C01955,2025-09-24,4913.0,App
C01955,2025-12-04,3958.0,Web
C01955,2025-12-24,2395.0,Store
C01955,2026-02-11,2602.0,Web
C01956,2025-07-05,3473.0,App
C01956,2025-10-29,4090.0,App
C01956,2025-11-19,4354.0,Web
C01956,2025-12-20,3205.0,Web
C01957,2025-08-10,3678.0,Web
C01957,2025-08-14,3109.0,Web
C01957,2025-08-29,3295.0,Web
C01958,2025-06-11,3945.0,Web
C01958,2025-07-20,10333.0,App
C01958,2026-01-10,2689.0,App
C01958,2026-02-10,3374.0,App
C01958,2026-02-21,1341.0,Web
C01958,2026-03-22,3860.0,Web
C01958,2026-03-29,6085.0,Web
C01958,2026-04-18,5438.0,Web
C01958,2026-06-09,4890.0,Web
C01959,2025-06-20,2964.0,Web
C01959,2025-08-31,5457.0,Store
C01959,2025-10-31,1408.0,App
C01959,2025-11-28,3211.0,Web
C01960,2025-07-09,2840.0,Web
C01960,2025-07-19,3530.0,Web
C01960,2025-08-19,1694.0,Web
C01961,2025-06-09,5627.0,App
C01961,2025-06-17,3911.0,App
C01961,2025-07-09,3447.0,App
C01962,2025-06-18,4144.0,Store
C01962,2025-07-26,6102.0,Web
C01962,2025-08-04,8668.0,Store
C01962,2025-08-07,4764.0,Web
C01962,2025-08-21,8486.0,Web
C01962,2025-09-01,12495.0,Web
C01962,2025-09-13,6278.0,Web
C01962,2025-10-12,12805.0,Store
C01962,2025-10-21,9021.0,Web
C01962,2025-12-19,3681.0,Web
C01962,2025-12-21,5205.0,App
C01963,2025-05-27,4082.0,Web
C01963,2025-06-15,2335.0,App
C01963,2025-06-24,4061.0,App
C01964,2025-05-15,2759.0,Web
C01964,2025-06-17,7212.0,Web
C01964,2025-07-19,6552.0,Web
C01964,2025-09-15,8978.0,App
C01964,2025-10-10,2339.0,Web
C01964,2026-01-08,2150.0,App
C01964,2026-02-22,8617.0,Web
C01964,2026-06-02,1502.0,App
C01964,2026-06-11,2838.0,Web
C01964,2026-07-17,4719.0,App
C01965,2025-09-28,2817.0,App
C01965,2025-10-27,2558.0,Web
C01965,2025-12-26,2072.0,App
C01965,2026-05-30,4342.0,App
C01965,2026-06-18,1732.0,Web
C01966,2025-03-31,7387.0,Web
C01966,2025-06-11,3744.0,App
C01966,2025-07-28,7931.0,Web
C01966,2025-10-06,4529.0,App
C01966,2025-12-22,5360.0,App
C01966,2025-12-31,5752.0,Web
C01966,2026-03-18,5547.0,App
C01966,2026-05-10,5057.0,Web
C01966,2026-06-26,10919.0,App
C01967,2025-04-09,4065.0,App
C01967,2025-06-29,1757.0,Store
C01967,2025-09-16,4312.0,App
C01967,2025-12-19,2809.0,Web
C01967,2026-02-08,3019.0,App
C01968,2025-03-01,4647.0,Web
C01968,2025-03-08,5647.0,Web
C01968,2025-05-30,5595.0,Web
C01968,2025-06-19,3909.0,Web
C01968,2025-09-04,7779.0,Web
C01968,2026-01-03,2796.0,App
C01968,2026-02-28,6496.0,App
C01969,2025-05-20,2222.0,Store
C01969,2025-06-15,3596.0,Web
C01969,2025-06-30,2336.0,App
C01970,2025-07-16,3814.0,Web
C01970,2025-07-31,1903.0,Store
C01970,2025-08-01,4397.0,App
C01971,2026-06-13,4458.0,Store
C01971,2026-07-07,2804.0,Web
C01972,2025-06-05,2050.0,App
C01972,2025-07-04,2204.0,Web
C01972,2025-10-12,1772.0,App
C01972,2025-12-03,2820.0,Web
C01972,2026-05-15,2148.0,Store
C01973,2025-05-29,3300.0,App
C01973,2025-08-20,4342.0,Store
C01973,2025-09-06,1807.0,Web
C01973,2025-12-13,2710.0,App
C01973,2026-02-05,3420.0,App
C01973,2026-04-28,6220.0,App
C01974,2025-04-14,6103.0,Web
C01974,2025-05-18,15592.0,Web
C01974,2025-06-07,9159.0,Web
C01974,2025-06-25,8225.0,Store
C01974,2025-07-02,5480.0,Web
C01974,2025-07-16,6074.0,Store
C01974,2025-07-20,4970.0,Web
C01974,2025-08-05,11875.0,App
C01974,2025-08-08,8408.0,Web
C01974,2025-08-28,6328.0,Web
C01974,2025-09-03,5980.0,App
C01974,2025-09-28,4986.0,Web
C01974,2025-10-17,6884.0,App
C01974,2025-10-29,7489.0,Web
C01974,2025-11-03,3181.0,Web
C01974,2025-11-21,5034.0,App
C01974,2025-12-08,5567.0,Web
C01975,2025-06-19,4556.0,App
C01975,2025-07-02,2300.0,App
C01975,2025-10-02,7429.0,Web
C01975,2025-10-14,4771.0,App
C01975,2025-12-15,7441.0,Web
C01975,2026-03-07,7225.0,Web
C01975,2026-03-11,3334.0,Store
C01975,2026-03-28,4143.0,Web
C01975,2026-04-06,2482.0,Web
C01975,2026-05-23,7537.0,Web
C01975,2026-06-11,5256.0,Web
C01975,2026-06-24,5002.0,Store
C01976,2026-06-10,3957.0,Web
C01976,2026-07-02,7535.0,Web
C01977,2025-08-07,1124.0,App
C01977,2025-08-27,2283.0,Store
C01978,2025-06-23,3326.0,App
C01978,2025-09-11,2168.0,Web
C01978,2025-10-15,5675.0,Web
C01978,2026-03-21,2884.0,App
C01978,2026-07-31,2192.0,App
C01979,2025-07-02,5548.0,Web
C01979,2025-09-27,3078.0,Store
C01979,2025-12-05,7459.0,Web
C01979,2026-01-23,5702.0,Store
C01980,2026-06-11,2658.0,Web
C01980,2026-07-12,6996.0,Web
C01981,2025-04-21,10135.0,App
C01981,2025-06-19,5068.0,Web
C01981,2025-07-17,2980.0,App
C01981,2025-08-28,2182.0,Web
C01981,2025-11-18,1488.0,App
C01981,2026-03-18,4517.0,Web
C01981,2026-05-05,2008.0,App
C01981,2026-05-10,9860.0,App
C01981,2026-05-20,1917.0,Web
C01981,2026-05-31,4988.0,App
C01982,2025-04-20,5084.0,Web
C01982,2025-05-03,6776.0,Store
C01982,2025-05-14,7247.0,Web
C01982,2025-06-21,6982.0,Web
C01982,2025-07-10,8061.0,Web
C01982,2025-08-08,5315.0,Web
C01982,2025-08-31,5814.0,Web
C01982,2025-09-23,9057.0,Web
C01982,2025-10-08,6106.0,App
C01982,2025-11-17,5928.0,App
C01982,2025-12-22,5254.0,Web
C01982,2025-12-31,6005.0,App
C01983,2025-09-17,4278.0,Web
C01983,2025-11-27,1748.0,App
C01983,2026-03-01,3292.0,Web
C01984,2026-07-21,2582.0,App
C01984,2026-08-06,6856.0,App
C01985,2025-05-18,4989.0,Web
C01985,2025-06-27,1500.0,Store
C01985,2025-08-04,3061.0,Web
C01986,2025-07-06,6763.0,Web
C01986,2025-07-17,2189.0,Web
C01986,2025-08-28,2790.0,Web
C01986,2026-01-21,3196.0,App
C01986,2026-02-03,1191.0,Store
C01986,2026-04-12,2604.0,Store
C01987,2026-06-26,1406.0,Web
C01987,2026-07-05,4872.0,Web
C01988,2025-05-07,3701.0,App
C01988,2025-07-06,2079.0,App
C01988,2025-08-12,2042.0,Store
C01989,2025-08-11,4085.0,App
C01989,2025-11-13,3334.0,Store
C01989,2025-12-18,1286.0,App
C01989,2026-02-18,9394.0,Web
C01989,2026-04-06,2300.0,App
C01989,2026-05-26,2334.0,App
C01990,2025-05-20,3271.0,Web
C01990,2025-07-26,3128.0,App
C01990,2026-03-13,9748.0,App
C01990,2026-03-24,3834.0,App
C01990,2026-03-28,6437.0,Web
C01990,2026-06-30,5750.0,App
C01990,2026-07-16,3287.0,App
C01991,2025-04-26,4278.0,Web
C01991,2025-05-01,3509.0,App
C01991,2025-05-19,4741.0,Web
C01991,2025-07-19,3576.0,Web
C01991,2025-09-19,9989.0,App
C01991,2025-12-03,5105.0,Web
C01991,2025-12-11,4880.0,App
C01991,2026-01-06,4836.0,Web
C01991,2026-01-23,7788.0,Web
C01991,2026-05-03,4575.0,Web
C01991,2026-06-08,3815.0,Store
C01991,2026-06-22,4923.0,App
C01992,2025-03-08,2031.0,Web
C01992,2025-03-25,2787.0,Web
C01992,2025-07-12,2327.0,Web
C01993,2026-07-23,4619.0,App
C01993,2026-07-28,3147.0,App
C01994,2025-04-28,7158.0,Web
C01994,2025-05-23,6850.0,App
C01994,2025-06-16,5214.0,App
C01994,2025-06-27,3585.0,Web
C01994,2025-07-08,6809.0,Web
C01994,2025-08-01,3519.0,Web
C01994,2025-10-16,6003.0,Web
C01994,2025-11-25,3964.0,Web
C01994,2026-01-05,3112.0,Web
C01994,2026-01-24,3925.0,Web
C01994,2026-02-05,10141.0,Web
C01994,2026-05-28,2895.0,Web
C01995,2025-03-13,2516.0,Store
C01995,2025-04-18,4008.0,App
C01995,2025-05-17,1762.0,Web
C01996,2025-05-21,3463.0,App
C01996,2025-06-10,5424.0,Web
C01996,2025-11-07,3467.0,App
C01997,2026-06-20,4736.0,Web
C01997,2026-07-05,2617.0,Store
C01998,2026-08-03,5128.0,Web
C01999,2025-04-01,3967.0,Web
C01999,2025-07-19,5846.0,Web
C01999,2025-09-24,3610.0,App
C01999,2026-01-05,3187.0,Web
C01999,2026-03-13,4142.0,App
C02000,2025-06-28,6066.0,Web
C02000,2025-08-02,2937.0,Web
C02000,2025-09-21,3349.0,Store
C02001,2025-08-07,2479.0,Web
C02001,2025-10-16,5064.0,Web
C02002,2025-06-06,5895.0,Web
C02002,2025-07-12,7262.0,App
C02002,2025-08-05,4356.0,Web
C02002,2025-09-02,6273.0,Web
C02002,2025-10-07,7483.0,App
C02002,2025-10-26,12562.0,App
C02002,2025-11-16,7414.0,Web
C02003,2025-09-03,9608.0,App
C02003,2025-11-30,3521.0,Web
C02003,2025-12-18,3012.0,Web
C02003,2026-02-09,4132.0,Web
C02003,2026-02-16,3818.0,Web
C02003,2026-03-29,3334.0,Web
C02004,2025-07-03,1418.0,App
C02004,2025-09-03,3438.0,App
C02004,2025-09-21,2447.0,Store
C02005,2025-03-14,5965.0,Web
C02005,2025-05-21,6742.0,App
C02005,2025-06-02,5043.0,Web
C02005,2025-07-21,3281.0,App
C02005,2025-09-18,2822.0,Web
C02005,2025-10-11,5754.0,Web
C02005,2025-11-18,6145.0,App
C02005,2026-01-11,2953.0,Web
C02005,2026-03-25,2799.0,Web
C02005,2026-05-03,4581.0,App
C02005,2026-06-18,4875.0,Web
C02005,2026-08-15,6709.0,Web
C02005,2026-08-27,6016.0,App
C02006,2025-05-16,1789.0,App
C02006,2025-05-18,2922.0,App
C02006,2025-09-04,4030.0,Web
C02006,2025-11-28,3579.0,App
C02006,2026-01-05,4397.0,App
C02007,2025-05-23,4233.0,App
C02007,2025-06-18,4600.0,Web
C02007,2025-06-25,4247.0,App
C02008,2025-08-08,2769.0,Web
C02008,2025-09-16,6301.0,Web
C02008,2025-10-29,10310.0,Web
C02008,2025-11-01,7437.0,App
C02008,2025-11-03,10610.0,Web
C02008,2025-12-04,2824.0,Web
C02008,2026-01-03,5100.0,App
C02008,2026-01-18,5319.0,App
C02008,2026-02-19,4405.0,App
C02008,2026-03-09,4048.0,App
C02008,2026-05-18,1413.0,Web
C02008,2026-06-23,9083.0,App
C02008,2026-07-12,2417.0,App
C02009,2025-05-11,4537.0,App
C02009,2025-05-21,2840.0,Store
C02009,2025-08-06,4804.0,App
C02009,2025-08-11,5003.0,Web
C02009,2025-10-21,3142.0,Web
C02009,2025-11-25,4748.0,Web
C02009,2026-01-20,4438.0,Web
C02009,2026-04-12,3839.0,Store
C02009,2026-05-02,3853.0,App
C02009,2026-06-07,5521.0,Web
C02009,2026-06-28,4668.0,Web
C02009,2026-07-26,6770.0,Web
C02010,2025-05-06,4172.0,Web
C02010,2025-05-10,2127.0,App
C02010,2025-07-18,4961.0,App
C02011,2025-05-10,8615.0,Store
C02011,2025-07-12,4316.0,Web
C02011,2025-07-25,11787.0,App
C02011,2025-08-10,5150.0,App
C02011,2025-08-19,6230.0,App
C02011,2025-08-23,8038.0,App
C02011,2025-09-02,5996.0,Web
C02011,2025-09-12,3817.0,Store
C02011,2025-10-07,4883.0,Web
C02011,2025-10-25,7788.0,Web
C02011,2025-11-15,12704.0,Web
C02011,2025-12-04,12351.0,Web
C02011,2025-12-23,8601.0,App
C02011,2026-01-01,7949.0,Web
C02011,2026-01-20,9948.0,App
C02011,2026-02-16,11967.0,Web
C02011,2026-03-22,7839.0,Web
C02011,2026-04-21,7934.0,App
C02011,2026-05-15,8080.0,Web
C02011,2026-06-01,10714.0,Web
C02011,2026-06-12,4661.0,Web
C02011,2026-07-01,7568.0,Web
C02011,2026-08-10,8657.0,App
C02011,2026-08-22,3879.0,Web
C02012,2026-07-16,2520.0,Web
C02012,2026-07-22,2793.0,App
C02013,2025-05-02,1999.0,Store
C02013,2025-06-03,2918.0,Web
C02013,2025-06-17,6261.0,App
C02013,2025-08-24,6409.0,Web
C02013,2025-10-08,5509.0,App
C02013,2025-11-19,7198.0,Web
C02013,2025-12-01,4292.0,Web
C02013,2026-01-07,4141.0,Web
C02013,2026-06-10,5384.0,App
C02013,2026-06-29,9152.0,Web
C02014,2025-05-24,5820.0,App
C02014,2025-06-11,8026.0,Web
C02014,2025-07-17,5532.0,Store
C02014,2025-07-29,7252.0,Web
C02014,2025-08-05,7267.0,App
C02014,2025-08-15,10957.0,Web
C02014,2025-09-04,7778.0,Store
C02014,2025-09-24,4767.0,Web
C02014,2025-10-03,8646.0,Web
C02014,2025-10-21,9079.0,Web
C02014,2025-11-06,4012.0,App
C02014,2025-12-03,4654.0,Web
C02015,2025-05-01,6213.0,App
C02015,2025-05-17,6511.0,App
C02015,2025-05-27,5703.0,Web
C02015,2025-06-30,5289.0,Web
C02015,2025-07-15,8699.0,App
C02015,2025-07-25,12093.0,Web
C02015,2025-09-15,6025.0,App
C02015,2025-09-27,8198.0,App
C02015,2025-09-29,5591.0,Web
C02015,2025-10-17,7315.0,Web
C02015,2025-11-02,4462.0,Web
C02015,2025-11-12,5233.0,Web
C02015,2025-11-21,5168.0,Web
C02015,2025-12-10,6705.0,Store
C02015,2025-12-23,4684.0,Web
C02015,2026-01-06,3220.0,Web
C02016,2025-04-24,3155.0,App
C02016,2025-04-28,4808.0,Web
C02016,2025-05-25,3069.0,Web
C02017,2026-07-02,1904.0,Store
C02017,2026-07-19,2364.0,Web
C02018,2025-03-12,7096.0,Web
C02018,2025-03-20,9312.0,Web
C02018,2025-04-03,7292.0,Web
C02018,2025-04-07,8371.0,Web
C02018,2025-04-18,9855.0,Web
C02018,2025-05-11,11989.0,Web
C02018,2025-06-01,8315.0,App
C02018,2025-06-15,14835.0,App
C02018,2025-07-01,6935.0,App
C02018,2025-07-02,11959.0,App
C02018,2025-07-07,9226.0,App
C02018,2025-07-16,3965.0,App
C02018,2025-07-27,12341.0,Web
C02018,2025-08-20,5457.0,App
C02018,2025-10-03,6897.0,Web
C02018,2025-10-15,10214.0,App
C02018,2025-10-27,5799.0,Web
C02018,2025-11-10,7340.0,Web
C02018,2025-11-17,9471.0,Store
C02018,2025-12-23,5643.0,Web
C02018,2025-12-30,6929.0,Web
C02018,2026-01-06,6649.0,Web
C02018,2026-01-15,10544.0,Web
C02018,2026-02-24,13028.0,Store
C02018,2026-03-15,5120.0,App
C02018,2026-03-29,7732.0,App
C02018,2026-04-09,6264.0,Web
C02018,2026-04-22,7607.0,Web
C02018,2026-04-28,13965.0,App
C02018,2026-04-30,8595.0,Web
C02018,2026-05-26,6179.0,Web
C02018,2026-05-31,4661.0,Web
C02018,2026-07-05,10675.0,Web
C02018,2026-07-24,6408.0,Store
C02018,2026-08-05,5735.0,App
C02018,2026-08-23,8369.0,Web
C02019,2025-05-19,3264.0,App
C02019,2025-08-05,5764.0,Web
C02019,2025-09-11,1847.0,Web
C02020,2025-07-06,6471.0,App
C02020,2025-08-03,8705.0,App
C02020,2025-08-21,8036.0,App
C02020,2025-09-06,17310.0,Store
C02020,2025-09-24,7619.0,App
C02020,2025-10-05,5590.0,App
C02020,2025-10-18,6058.0,App
C02020,2025-11-25,5227.0,Web
C02021,2025-05-15,2555.0,App
C02021,2025-06-03,4613.0,App
C02021,2025-06-18,2948.0,Web
C02022,2025-03-23,3847.0,Web
C02022,2025-05-04,2280.0,Web
C02022,2025-06-22,2806.0,App
C02022,2025-07-06,3147.0,Web
C02022,2025-07-26,3687.0,Web
C02022,2025-08-29,5216.0,Web
C02022,2025-09-21,2673.0,App
C02022,2025-10-20,3737.0,App
C02022,2025-11-20,2784.0,Web
C02022,2025-12-16,3900.0,Web
C02022,2026-01-08,11981.0,App
C02022,2026-01-24,7427.0,App
C02022,2026-02-20,5806.0,App
C02022,2026-03-14,3745.0,Web
C02022,2026-05-05,3000.0,Web
C02022,2026-06-19,4458.0,Store
C02022,2026-07-03,2479.0,App
C02023,2025-05-29,8098.0,Web
C02023,2025-06-03,4567.0,Web
C02023,2025-06-13,13526.0,Store
C02023,2025-06-19,7681.0,Web
C02023,2025-09-02,8392.0,Web
C02023,2025-09-26,5879.0,App
C02023,2025-10-17,6980.0,Web
C02023,2025-10-20,11370.0,Store
C02023,2025-10-31,9896.0,Web
C02023,2025-11-10,6748.0,App
C02023,2025-11-18,12844.0,Web
C02023,2025-12-17,5285.0,Web
C02023,2026-02-09,4178.0,Web
C02023,2026-02-17,3830.0,Web
C02023,2026-02-19,9939.0,App
C02023,2026-02-28,5898.0,Web
C02023,2026-03-28,7164.0,Web
C02023,2026-04-21,11037.0,Web
C02023,2026-05-05,8442.0,Web
C02023,2026-05-26,4968.0,Web
C02023,2026-06-05,13285.0,App
C02023,2026-06-13,6796.0,App
C02023,2026-06-20,7361.0,Web
C02023,2026-07-03,5863.0,Web
C02023,2026-07-12,5092.0,Web
C02023,2026-07-18,8157.0,Web
C02023,2026-08-02,4544.0,Web
C02023,2026-08-12,7309.0,Web
C02024,2026-06-10,1853.0,Web
C02024,2026-06-11,2678.0,App
C02025,2025-05-01,4783.0,Web
C02025,2025-08-10,3235.0,Web
C02025,2025-08-18,2389.0,Web
C02026,2025-07-05,14081.0,Web
C02026,2025-08-08,11100.0,Store
C02026,2025-08-21,7600.0,Store
C02026,2025-08-31,7901.0,App
C02026,2025-10-03,14604.0,App
C02026,2025-10-09,4870.0,App
C02026,2025-11-02,10896.0,Web
C02026,2025-11-19,4721.0,Web
C02027,2025-03-19,4902.0,App
C02027,2025-05-12,2494.0,Web
C02027,2025-07-01,1491.0,App
C02027,2025-07-16,2197.0,Web
C02027,2025-08-05,5277.0,App
C02027,2025-10-02,3699.0,Web
C02027,2026-01-23,2677.0,Web
C02028,2025-03-30,11018.0,Store
C02028,2025-06-16,5040.0,App
C02028,2025-08-09,7637.0,Web
C02028,2025-09-04,8600.0,Web
C02028,2025-09-10,6799.0,App
C02028,2025-09-18,6527.0,Web
C02028,2025-10-23,4768.0,Web
C02028,2025-11-17,6967.0,Web
C02029,2025-06-23,3680.0,Store
C02029,2025-10-10,5130.0,App
C02030,2025-03-09,5857.0,Store
C02030,2025-03-27,1888.0,App
C02030,2025-04-17,3169.0,Store
C02031,2025-05-30,16894.0,App
C02031,2025-06-23,6237.0,Web
C02031,2025-07-31,8882.0,Web
C02031,2025-08-31,7138.0,Web
C02031,2025-09-20,4814.0,Web
C02031,2025-09-28,13129.0,Web
C02031,2025-10-22,7846.0,Web
C02031,2025-11-03,5725.0,Web
C02031,2025-12-14,8655.0,Web
C02031,2025-12-28,10804.0,App
C02031,2026-01-14,5591.0,Web
C02031,2026-02-16,7658.0,App
C02031,2026-02-22,10830.0,Web
C02031,2026-03-05,7972.0,Web
C02031,2026-03-12,9135.0,Store
C02031,2026-04-04,6860.0,Web
C02031,2026-04-11,4339.0,App
C02031,2026-04-13,6890.0,Web
C02031,2026-05-01,6184.0,App
C02031,2026-05-10,7243.0,App
C02031,2026-05-19,6208.0,Web
C02031,2026-07-02,7987.0,Web
C02031,2026-07-19,6665.0,App
C02031,2026-07-24,9987.0,App
C02031,2026-08-02,9334.0,App
C02031,2026-08-13,5445.0,Store
C02032,2025-03-12,2082.0,Web
C02032,2025-03-20,3833.0,Web
C02032,2025-04-03,2881.0,Web
C02033,2026-06-28,4035.0,App
C02033,2026-07-13,3071.0,Web
C02034,2025-06-25,8714.0,Web
C02034,2025-07-20,7531.0,App
C02034,2025-07-27,8547.0,Web
C02034,2025-08-13,8869.0,App
C02034,2025-09-14,10357.0,App
C02034,2025-09-16,4860.0,App
C02034,2025-10-13,7426.0,Web
C02034,2025-11-03,4059.0,Web
C02034,2025-11-11,6336.0,Web
C02034,2025-11-23,8921.0,Web
C02034,2025-12-04,5157.0,App
C02034,2025-12-08,15401.0,Store
C02035,2025-06-27,5351.0,App
C02035,2025-06-29,3563.0,Web
C02035,2025-10-19,4425.0,Web
C02035,2026-01-18,4143.0,Web
C02035,2026-02-19,2886.0,Web
C02035,2026-04-04,3664.0,Web
C02035,2026-04-16,3687.0,App
C02035,2026-05-09,3962.0,App
C02035,2026-06-01,2244.0,Web
C02035,2026-06-10,3448.0,Web
C02035,2026-06-27,6647.0,App
C02035,2026-08-05,5498.0,Web
C02035,2026-08-20,3934.0,Web
C02036,2025-07-21,4129.0,Web
C02036,2025-10-04,2180.0,App
C02036,2025-10-25,3474.0,Web
C02036,2025-12-05,3276.0,Web
C02037,2025-07-16,1736.0,Web
C02037,2025-08-17,3408.0,Store
C02037,2026-01-28,8382.0,App
C02037,2026-05-09,3632.0,App
C02038,2025-06-05,9923.0,Web
C02038,2025-06-16,5410.0,App
C02038,2025-06-22,7243.0,Web
C02038,2025-07-04,7805.0,Web
C02038,2025-07-15,8379.0,Web
C02038,2025-07-17,8930.0,Web
C02038,2025-08-05,7732.0,App
C02038,2025-08-17,7300.0,App
C02038,2025-08-30,10350.0,Web
C02038,2025-09-13,7183.0,Web
C02038,2025-10-14,10518.0,Web
C02038,2025-11-30,10003.0,Web
C02038,2025-12-21,12512.0,App
C02038,2026-01-15,8121.0,App
C02038,2026-01-24,12472.0,Web
C02038,2026-02-16,6766.0,App
C02038,2026-03-08,8492.0,Store
C02038,2026-03-20,9835.0,Web
C02038,2026-05-07,5283.0,Web
C02038,2026-05-12,6558.0,Web
C02038,2026-05-28,5956.0,App
C02038,2026-07-04,7375.0,Web
C02038,2026-07-11,6245.0,App
C02038,2026-07-21,7811.0,App
C02039,2025-04-26,4427.0,Web
C02039,2025-06-01,1146.0,Web
C02039,2025-06-17,3758.0,Web
C02040,2025-03-12,2167.0,Web
C02040,2025-04-04,2972.0,Web
C02040,2025-10-02,2346.0,Web
C02040,2026-03-22,5353.0,Web
C02040,2026-05-02,3181.0,App
C02041,2026-07-25,3564.0,Web
C02041,2026-08-05,1526.0,App
C02042,2025-09-14,3943.0,Web
C02042,2025-10-30,3024.0,Web
C02043,2025-05-25,3613.0,Web
C02043,2025-08-09,2094.0,App
C02043,2025-08-20,5080.0,Store
C02044,2025-08-24,5227.0,Web
C02044,2025-09-14,6627.0,Web
C02044,2026-01-10,4496.0,Web
C02045,2025-04-04,4287.0,Web
C02045,2025-06-10,1735.0,App
C02045,2025-07-05,3431.0,Web
C02045,2025-07-25,2939.0,App
C02045,2025-10-17,1667.0,App
C02045,2025-11-27,7410.0,Web
C02046,2025-04-19,13848.0,App
C02046,2025-04-24,7191.0,Web
C02046,2025-06-20,8140.0,Store
C02046,2025-07-17,5693.0,App
C02046,2025-07-23,7179.0,Store
C02046,2025-08-31,2883.0,App
C02046,2025-09-24,8241.0,App
C02046,2025-10-03,10691.0,Store
C02046,2025-10-30,13605.0,Store
C02046,2025-11-05,8904.0,App
C02046,2025-11-21,6621.0,Web
C02046,2025-12-14,5645.0,Web
C02046,2025-12-21,6371.0,Web
C02046,2026-01-08,4300.0,Web
C02046,2026-01-29,6890.0,Web
C02046,2026-02-09,4900.0,Web
C02046,2026-02-18,6105.0,App
C02046,2026-03-07,7005.0,App
C02046,2026-03-20,8444.0,Web
C02046,2026-05-03,4222.0,App
C02046,2026-05-26,6673.0,App
C02046,2026-06-08,9567.0,App
C02046,2026-06-23,12282.0,App
C02046,2026-07-02,7331.0,Store
C02046,2026-08-04,16236.0,Web
C02047,2025-05-08,5653.0,App
C02047,2025-05-15,6107.0,Web
C02047,2025-07-09,8806.0,App
C02047,2025-08-07,12397.0,Web
C02047,2025-08-23,6160.0,Web
C02047,2025-09-10,7147.0,Web
C02047,2025-09-24,10367.0,Web
C02047,2025-10-09,7386.0,App
C02047,2025-11-02,8819.0,App
C02047,2025-11-24,5444.0,App
C02047,2025-12-12,7063.0,App
C02047,2025-12-25,5676.0,Web
C02048,2025-03-04,1742.0,Web
C02048,2025-04-10,2482.0,Web
C02048,2025-05-09,3439.0,Web
C02049,2025-06-20,1987.0,Web
C02049,2025-07-27,3751.0,App
C02049,2025-08-26,3380.0,Web
C02049,2025-10-15,7027.0,Web
C02049,2025-12-04,3948.0,Web
C02049,2026-01-07,3524.0,Web
C02049,2026-01-21,5823.0,Web
C02049,2026-02-17,2514.0,Web
C02049,2026-02-28,4459.0,App
C02049,2026-03-11,2094.0,App
C02049,2026-03-25,3460.0,Store
C02049,2026-05-08,3835.0,Store
C02049,2026-06-14,8267.0,App
C02050,2026-07-17,9315.0,Store
C02050,2026-08-11,4928.0,Web
C02051,2025-04-25,2810.0,Web
C02051,2025-08-26,3102.0,Web
C02051,2026-01-01,3482.0,Web
C02051,2026-03-11,3950.0,Web
C02052,2025-03-20,5701.0,Web
C02052,2025-03-26,4784.0,Web
C02052,2025-04-03,8238.0,App
C02052,2025-04-17,7047.0,Web
C02052,2025-05-08,7029.0,Store
C02052,2025-05-23,5930.0,App
C02052,2025-06-11,5601.0,App
C02052,2025-06-12,7530.0,App
C02052,2025-06-27,11087.0,Web
C02052,2025-07-14,13024.0,Web
C02052,2025-08-12,13040.0,App
C02052,2025-08-14,6387.0,App
C02052,2025-09-09,4974.0,App
C02052,2025-09-11,10252.0,Web
C02052,2025-09-17,11755.0,App
C02052,2025-09-26,8709.0,App
C02052,2025-10-11,7464.0,Web
C02052,2025-10-27,6042.0,App
C02052,2025-11-04,9301.0,Web
C02052,2025-11-21,9204.0,Web
C02052,2025-12-12,8308.0,Web
C02052,2026-01-04,5109.0,Store
C02052,2026-01-13,5314.0,App
C02052,2026-01-23,7281.0,Web
C02052,2026-02-11,10836.0,App
C02052,2026-02-22,10346.0,App
C02052,2026-03-06,6544.0,App
C02052,2026-03-27,3970.0,Store
C02052,2026-04-27,12007.0,App
C02052,2026-05-17,11617.0,Web
C02052,2026-06-04,7858.0,Web
C02052,2026-06-28,6473.0,Web
C02052,2026-07-06,6758.0,Web
C02052,2026-07-29,10424.0,Web
C02053,2025-03-06,3497.0,Web
C02053,2025-04-17,1394.0,Web
C02053,2025-06-04,2860.0,Web
C02054,2025-08-22,2090.0,App
C02055,2026-07-02,3516.0,Web
C02055,2026-07-25,3787.0,Web
C02056,2025-07-02,2501.0,Web
C02056,2025-09-17,3906.0,Web
C02056,2025-10-13,2658.0,App
C02057,2025-05-02,4225.0,Web
C02057,2025-10-08,3078.0,Store
C02057,2025-10-28,1021.0,App
C02057,2025-12-09,5001.0,Web
C02057,2026-01-11,3278.0,Web
C02057,2026-05-10,1542.0,App
C02057,2026-06-17,3783.0,App
C02058,2025-04-10,2707.0,Web
C02058,2025-06-13,3053.0,App
C02058,2025-08-29,2372.0,Store
C02059,2025-06-09,6475.0,Web
C02059,2025-07-16,7006.0,App
C02059,2025-07-31,6242.0,Web
C02059,2025-09-09,7556.0,App
C02059,2025-10-19,7703.0,Web
C02059,2025-12-08,2517.0,Web
C02059,2026-01-22,6889.0,App
C02059,2026-01-28,4827.0,Web
C02059,2026-03-23,9868.0,App
C02059,2026-04-09,17882.0,Web
C02059,2026-04-12,4268.0,Web
C02059,2026-06-09,4085.0,Web
C02059,2026-06-13,3959.0,Web
C02059,2026-07-21,4750.0,Web
C02060,2025-07-04,5963.0,Web
C02060,2025-08-08,6598.0,Web
C02060,2025-09-22,2741.0,App
C02060,2025-10-28,2339.0,Web
C02060,2025-12-14,3977.0,Web
C02060,2026-01-26,6578.0,App
C02060,2026-05-22,6647.0,Web
C02060,2026-06-05,3260.0,App
C02061,2025-08-31,2390.0,App
C02061,2025-11-01,1841.0,Web
C02061,2025-12-15,7510.0,Web
C02061,2026-03-05,3229.0,Web
C02061,2026-03-18,4271.0,App
C02061,2026-04-20,3029.0,Web
C02061,2026-05-28,7219.0,Web
C02062,2026-07-20,4320.0,Web
C02063,2025-07-07,2497.0,Store
C02063,2025-08-18,1913.0,App
C02063,2025-09-06,1544.0,App
C02064,2025-06-17,16638.0,Web
C02064,2025-08-03,3661.0,Web
C02064,2025-08-26,3764.0,Web
C02064,2025-09-19,4421.0,Web
C02064,2025-11-06,6056.0,Web
C02064,2025-11-29,12673.0,App
C02064,2026-04-20,4416.0,Web
C02064,2026-05-07,5762.0,App
C02064,2026-07-07,1946.0,App
C02065,2025-07-15,9173.0,Web
C02065,2025-09-04,7082.0,Store
C02065,2025-09-14,7143.0,Store
C02065,2025-10-17,5799.0,App
C02065,2025-11-02,9899.0,Web
C02065,2025-11-24,4653.0,Web
C02065,2025-12-14,5878.0,Web
C02065,2025-12-27,5321.0,App
C02066,2025-03-30,2118.0,App
C02066,2025-09-13,2231.0,Web
C02066,2025-11-07,2214.0,App
C02067,2025-04-30,6187.0,Store
C02067,2025-05-30,3295.0,Web
C02067,2025-07-10,2541.0,Web
C02068,2025-06-11,3624.0,Web
C02068,2025-07-14,3163.0,Store
C02068,2025-09-03,5802.0,App
C02068,2025-09-26,4905.0,Web
C02068,2025-12-05,2277.0,Store
C02068,2025-12-22,4605.0,Store
C02068,2026-02-20,7024.0,Web
C02069,2026-07-14,4628.0,Web
C02069,2026-07-21,7967.0,App
C02070,2025-04-05,1820.0,App
C02070,2025-06-12,2436.0,Store
C02070,2025-07-29,2396.0,Web
C02071,2025-06-18,8146.0,App
C02071,2025-08-22,2022.0,Store
C02071,2026-01-29,5250.0,App
C02072,2025-03-13,7465.0,Web
C02072,2025-03-25,10795.0,App
C02072,2025-05-01,10994.0,App
C02072,2025-05-07,2858.0,App
C02072,2025-06-09,8791.0,Web
C02072,2025-07-25,5934.0,App
C02072,2025-07-30,8116.0,Web
C02072,2025-08-17,4374.0,Web
C02072,2025-08-29,6068.0,Web
C02072,2025-09-07,4024.0,Store
C02072,2025-10-09,6063.0,Web
C02072,2025-10-16,8726.0,Web
C02072,2025-10-23,8243.0,Web
C02072,2025-10-30,14950.0,Web
C02072,2025-11-27,5891.0,Web
C02072,2025-12-06,5187.0,Web
C02072,2025-12-30,11458.0,Web
C02072,2026-01-23,3869.0,Web
C02073,2026-07-14,2267.0,Store
C02074,2025-07-03,2847.0,App
C02074,2025-07-28,2519.0,Web
C02074,2025-08-29,3131.0,App
C02074,2025-10-18,2749.0,App
C02074,2026-02-26,2103.0,Store
C02075,2025-04-24,6590.0,Web
C02075,2025-05-11,7823.0,Web
C02075,2025-05-18,5819.0,App
C02075,2025-06-19,14043.0,App
C02075,2025-06-23,5038.0,Web
C02075,2025-07-26,11674.0,App
C02075,2025-07-29,4569.0,Web
C02075,2025-08-16,6433.0,Web
C02075,2025-08-28,7865.0,App
C02075,2025-09-08,5089.0,Web
C02075,2025-09-27,4968.0,Web
C02075,2025-10-06,6394.0,Web
C02075,2025-10-26,9652.0,Web
C02075,2025-11-07,7260.0,App
C02075,2025-11-18,13692.0,App
C02075,2025-12-03,8596.0,Web
C02075,2026-01-02,6011.0,Web
C02075,2026-01-23,2748.0,Web
C02076,2025-07-21,1543.0,Web
C02076,2025-08-04,4105.0,Web
C02076,2025-09-03,1414.0,Web
C02077,2025-08-05,2975.0,App
C02077,2025-11-11,2183.0,Web
C02077,2026-02-07,2441.0,Web
C02077,2026-05-16,3940.0,Web
C02078,2025-05-26,12056.0,App
C02078,2025-07-19,4154.0,Store
C02078,2025-09-29,6920.0,Web
C02078,2025-11-05,2738.0,Web
C02078,2025-11-16,4849.0,App
C02078,2025-12-06,3524.0,App
C02078,2026-01-09,10190.0,Web
C02078,2026-03-10,3693.0,App
C02078,2026-04-11,4559.0,Web
C02078,2026-04-18,3320.0,Store
C02078,2026-05-19,3241.0,App
C02078,2026-06-20,4477.0,Web
C02079,2026-06-11,2732.0,Web
C02079,2026-07-08,1759.0,App
C02080,2025-06-13,7310.0,Web
C02080,2025-06-15,11621.0,App
C02080,2025-07-02,8742.0,App
C02080,2025-07-27,10636.0,Web
C02080,2025-08-05,6791.0,Web
C02080,2025-08-10,6227.0,Web
C02080,2025-09-18,6673.0,Web
C02080,2025-09-30,8355.0,Web
C02080,2025-10-17,11127.0,App
C02080,2025-11-22,15675.0,Web
C02080,2025-12-05,8000.0,Web
C02080,2025-12-12,14445.0,Web
C02080,2026-01-07,9369.0,Store
C02080,2026-03-24,5955.0,Web
C02080,2026-04-10,7844.0,App
C02080,2026-05-06,9850.0,App
C02080,2026-05-22,10120.0,App
C02080,2026-05-30,6362.0,Web
C02080,2026-06-15,6643.0,App
C02080,2026-08-07,6692.0,Web
C02081,2025-04-27,9137.0,Store
C02081,2025-05-27,9033.0,Web
C02081,2025-06-27,5029.0,Web
C02081,2025-07-03,12347.0,App
C02081,2025-08-13,3760.0,Store
C02081,2025-08-18,9315.0,App
C02081,2025-09-16,7550.0,Web
C02081,2025-11-02,9083.0,Web
C02081,2025-11-15,6669.0,App
C02081,2025-12-07,7408.0,App
C02081,2026-01-10,9188.0,Web
C02081,2026-01-26,7190.0,Web
C02082,2026-06-15,2804.0,App
C02082,2026-06-25,3432.0,App
C02083,2025-06-15,2754.0,Web
C02083,2025-07-21,3570.0,Web
C02083,2025-09-04,5830.0,Store
C02084,2025-04-07,4312.0,App
C02084,2025-05-04,5563.0,App
C02084,2025-06-04,6918.0,Web
C02084,2025-06-22,7782.0,Store
C02084,2025-08-25,6074.0,Web
C02084,2025-09-29,7332.0,Web
C02084,2025-12-02,5556.0,Web
C02084,2026-01-31,3663.0,App
C02084,2026-02-17,7314.0,Web
C02084,2026-03-21,4980.0,Store
C02084,2026-04-05,5387.0,App
C02084,2026-04-22,2741.0,Web
C02084,2026-05-06,3465.0,Web
C02084,2026-05-25,4042.0,Web
C02084,2026-06-16,5821.0,Web
C02085,2025-04-09,2394.0,App
C02085,2025-05-05,3009.0,App
C02085,2025-06-20,2372.0,App
C02086,2026-06-17,2649.0,Web
C02086,2026-07-31,4913.0,Web
C02087,2025-05-30,6162.0,App
C02087,2025-06-16,5058.0,Web
C02087,2025-06-25,9921.0,Web
C02087,2025-07-10,8870.0,App
C02087,2025-07-30,6895.0,App
C02087,2025-08-03,7688.0,Web
C02087,2025-08-16,6340.0,App
C02087,2025-09-14,5553.0,Web
C02087,2025-09-25,5883.0,App
C02087,2025-10-19,9218.0,Web
C02087,2025-10-30,6144.0,Web
C02087,2025-11-18,7198.0,Web
C02087,2025-11-21,6070.0,Web
C02088,2026-07-14,3078.0,App
C02088,2026-07-15,2468.0,Web
C02089,2025-06-21,2557.0,Web
C02089,2025-07-18,2495.0,Web
C02089,2025-07-31,4646.0,Web
C02089,2025-10-15,4423.0,App
C02090,2025-06-04,3678.0,Web
C02090,2025-06-26,3679.0,App
C02090,2025-08-06,3176.0,Web
C02091,2025-07-02,6246.0,Web
C02091,2025-08-02,4144.0,App
C02091,2025-08-27,3050.0,Web
C02091,2025-11-23,14092.0,Web
C02091,2025-12-07,5909.0,App
C02092,2025-05-09,2896.0,App
C02092,2025-10-02,3007.0,App
C02092,2026-02-06,4470.0,Web
C02092,2026-07-05,2441.0,App
C02092,2026-07-20,2957.0,Web
C02093,2025-07-22,1654.0,Web
C02093,2025-08-26,2272.0,Web
C02093,2025-09-08,1553.0,Web
C02094,2026-07-10,2196.0,App
C02094,2026-07-28,1356.0,App
C02095,2025-07-24,2317.0,Web
C02095,2025-09-21,2344.0,Store
C02095,2025-11-09,2419.0,App
C02096,2026-06-20,4085.0,Web
C02096,2026-07-23,2645.0,Web
C02097,2025-05-05,8521.0,Web
C02097,2025-05-10,5784.0,Web
C02097,2025-06-18,7073.0,Web
C02097,2025-07-24,5719.0,App
C02097,2025-07-28,9214.0,Store
C02097,2025-09-12,10546.0,App
C02097,2025-09-14,4610.0,App
C02097,2025-10-15,5468.0,App
C02097,2025-11-06,6563.0,Web
C02097,2025-11-16,5591.0,App
C02097,2025-11-22,6852.0,App
C02097,2025-12-02,8445.0,Web
C02097,2025-12-03,11666.0,Web
C02097,2025-12-12,6231.0,Web
C02097,2025-12-27,6130.0,Web
C02097,2026-01-07,8471.0,App
C02097,2026-01-28,7303.0,App
C02097,2026-03-15,4309.0,Web
C02097,2026-03-24,5498.0,Web
C02097,2026-04-06,6576.0,Web
C02097,2026-04-16,9755.0,Web
C02097,2026-05-06,10956.0,Web
C02097,2026-05-30,5124.0,App
C02097,2026-06-06,5672.0,App
C02097,2026-06-11,10043.0,Web
C02097,2026-06-25,6316.0,Web
C02097,2026-06-29,8412.0,Store
C02097,2026-07-30,6943.0,App
C02097,2026-08-19,7504.0,App
C02098,2025-03-11,2085.0,Web
C02098,2025-03-23,1713.0,Web
C02098,2025-04-07,3224.0,Web
C02099,2025-03-23,7121.0,Web
C02099,2025-05-06,3217.0,Web
C02099,2025-06-27,3944.0,Web
C02099,2025-07-07,9725.0,Web
C02099,2025-07-10,3881.0,Web
C02099,2025-08-01,6917.0,Web
C02099,2025-08-28,4125.0,App
C02099,2025-10-11,3286.0,Web
C02099,2025-12-18,3009.0,App
C02099,2026-03-10,5571.0,Web
C02099,2026-03-21,7523.0,App
C02099,2026-04-17,5431.0,App
C02100,2026-06-25,6012.0,Web
C02100,2026-07-26,2802.0,Web
C02101,2025-07-15,2019.0,Web
C02101,2025-08-30,1146.0,Web
C02101,2025-10-09,2167.0,App
C02101,2026-01-01,4242.0,Web
C02101,2026-04-02,1923.0,Store
C02102,2025-03-12,5024.0,App
C02102,2025-05-05,4985.0,Web
C02102,2025-06-08,2679.0,Web
C02102,2025-07-13,6807.0,Web
C02102,2025-08-04,3055.0,Web
C02102,2025-12-04,2315.0,App
C02102,2026-01-08,5351.0,App
C02102,2026-01-17,4235.0,App
C02102,2026-01-29,4194.0,Store
C02102,2026-02-06,6032.0,Web
C02102,2026-03-10,4062.0,App
C02102,2026-03-12,2293.0,Web
C02102,2026-04-07,4029.0,Web
C02102,2026-04-28,5179.0,App
C02102,2026-06-03,4957.0,App
C02102,2026-08-16,4297.0,App
C02103,2025-04-26,3352.0,Web
C02103,2025-06-22,1456.0,Web
C02103,2025-07-10,2763.0,Web
C02103,2025-10-05,2948.0,Web
C02103,2026-01-01,3117.0,Web
C02103,2026-06-17,1310.0,App
C02103,2026-07-18,3309.0,App
C02104,2025-08-12,4205.0,Web
C02104,2025-11-19,1821.0,Web
C02104,2025-12-15,4118.0,Web
C02104,2026-01-13,5146.0,Web
C02104,2026-04-05,3879.0,Store
C02105,2025-08-01,3053.0,Store
C02105,2025-08-23,2155.0,Store
C02106,2025-04-29,4934.0,App
C02106,2026-01-16,2894.0,App
C02106,2026-05-04,1373.0,App
C02106,2026-06-03,3853.0,Store
C02107,2025-08-22,2764.0,App
C02107,2025-09-16,4184.0,Web
C02107,2025-12-30,3012.0,Web
C02107,2026-04-25,2947.0,App
C02108,2025-03-09,3214.0,Web
C02108,2025-07-10,4121.0,Web
C02108,2025-08-25,1841.0,Web
C02108,2025-12-02,2004.0,Web
C02108,2025-12-22,6565.0,Web
C02109,2026-07-27,4919.0,App
C02109,2026-08-14,5150.0,App
C02110,2025-03-27,2918.0,App
C02110,2025-05-22,3584.0,Web
C02110,2025-06-05,8293.0,Web
C02110,2025-07-10,7013.0,Web
C02110,2025-07-29,5077.0,Web
C02110,2025-09-11,4075.0,Web
C02110,2025-11-02,6267.0,Web
C02110,2025-12-06,7679.0,App
C02110,2026-02-05,3563.0,App
C02110,2026-02-16,3708.0,Web
C02110,2026-04-20,3884.0,Web
C02110,2026-08-07,2306.0,App
C02111,2025-07-25,3115.0,App
C02111,2025-09-02,1346.0,App
C02111,2025-09-08,3596.0,App
C02112,2025-04-04,2046.0,Web
C02112,2025-06-01,2950.0,Web
C02112,2025-07-12,4166.0,App
C02113,2025-04-03,2559.0,App
C02113,2025-05-27,4152.0,App
C02113,2025-06-26,5816.0,App
C02113,2025-07-30,3329.0,Web
C02113,2025-10-07,2123.0,App
C02113,2025-11-30,4393.0,App
C02113,2025-12-26,6258.0,Web
C02113,2026-03-11,5067.0,App
C02113,2026-04-11,5422.0,Web
C02113,2026-04-29,6767.0,Web
C02113,2026-06-06,8694.0,Store
C02114,2025-05-03,2760.0,Web
C02114,2025-06-16,1850.0,Web
C02114,2025-07-07,4270.0,App
C02115,2025-06-04,4741.0,App
C02115,2025-07-10,7312.0,Web
C02115,2025-07-25,7179.0,Web
C02115,2025-08-02,9370.0,App
C02115,2025-08-20,9968.0,App
C02115,2025-08-27,7115.0,App
C02115,2025-09-15,7302.0,Store
C02115,2025-09-20,7433.0,App
C02115,2025-10-15,6756.0,Web
C02115,2025-10-20,11827.0,Web
C02115,2025-10-28,8969.0,Web
C02115,2025-11-06,11721.0,Web
C02115,2025-11-12,5536.0,Web
C02115,2025-11-27,11659.0,Web
C02115,2025-11-28,7846.0,App
C02115,2025-12-11,9561.0,Web
C02115,2025-12-12,3858.0,Web
C02115,2025-12-31,13295.0,Web
C02115,2026-01-05,8779.0,App
C02115,2026-01-25,14447.0,Web
C02115,2026-03-01,11104.0,Web
C02115,2026-03-11,3675.0,App
C02115,2026-03-27,12817.0,Web
C02115,2026-03-31,8033.0,Web
C02115,2026-04-21,9420.0,App
C02115,2026-05-15,9096.0,Store
C02115,2026-05-18,7269.0,App
C02115,2026-06-11,6531.0,Web
C02115,2026-06-23,9633.0,App
C02115,2026-07-03,5623.0,App
C02115,2026-08-02,7599.0,Store
C02116,2025-04-04,7167.0,Store
C02116,2025-04-20,3631.0,App
C02116,2025-06-13,1682.0,Web
C02116,2025-08-18,2168.0,App
C02116,2025-12-28,2952.0,Web
C02116,2026-03-29,5786.0,App
C02116,2026-07-18,2902.0,Web
C02117,2026-07-27,3233.0,App
C02117,2026-08-18,3802.0,App
C02118,2025-03-08,3877.0,App
C02118,2025-03-17,6073.0,Web
C02118,2025-04-17,12515.0,Store
C02118,2025-05-10,10712.0,Web
C02118,2025-05-24,6234.0,Web
C02118,2025-06-19,5865.0,App
C02118,2025-07-19,7110.0,Store
C02118,2025-09-10,8630.0,App
C02118,2025-10-05,6672.0,App
C02118,2025-11-03,7562.0,App
C02118,2025-11-11,8050.0,App
C02118,2025-12-01,6962.0,Web
C02118,2025-12-16,6709.0,Web
C02118,2026-01-14,5212.0,Web
C02118,2026-02-11,7795.0,App
C02118,2026-03-11,7741.0,Web
C02118,2026-04-14,5668.0,Web
C02118,2026-05-06,8684.0,Web
C02118,2026-05-14,11879.0,App
C02118,2026-06-06,8043.0,App
C02118,2026-07-05,9142.0,App
C02118,2026-08-04,11113.0,Web
C02119,2025-03-29,6227.0,Web
C02119,2025-05-06,3215.0,Web
C02119,2025-07-03,10031.0,Store
C02119,2025-07-13,5912.0,App
C02119,2025-08-15,9029.0,Web
C02119,2025-09-08,3798.0,Store
C02119,2025-10-01,2352.0,Web
C02119,2025-10-22,3351.0,App
C02119,2026-01-03,7419.0,App
C02119,2026-01-16,3113.0,Web
C02119,2026-02-06,8888.0,Store
C02119,2026-03-16,3663.0,App
C02119,2026-04-07,5716.0,Web
C02119,2026-04-29,5376.0,Web
C02119,2026-05-24,4324.0,Web
C02119,2026-07-14,4334.0,App
C02120,2026-06-26,4848.0,App
C02120,2026-07-22,3596.0,Web
C02121,2026-07-19,2309.0,Web
C02121,2026-08-13,3147.0,Store
C02122,2025-03-11,10725.0,App
C02122,2025-03-23,5241.0,Web
C02122,2025-04-06,9211.0,App
C02122,2025-05-10,4331.0,App
C02122,2025-06-07,11504.0,App
C02122,2025-06-15,7284.0,Web
C02122,2025-06-17,4793.0,App
C02122,2025-08-05,7047.0,App
C02122,2025-08-16,9172.0,App
C02122,2025-08-22,5033.0,App
C02122,2025-08-31,5709.0,Web
C02122,2025-10-09,6761.0,App
C02122,2025-10-10,10396.0,App
C02122,2025-11-12,3839.0,App
C02122,2025-12-04,9117.0,Web
C02122,2025-12-17,7104.0,App
C02122,2026-01-03,11299.0,Web
C02122,2026-01-30,8936.0,Web
C02122,2026-02-11,12495.0,Web
C02122,2026-02-20,8966.0,App
C02122,2026-03-18,5081.0,Web
C02122,2026-04-06,9022.0,App
C02122,2026-05-17,9224.0,Store
C02122,2026-06-24,6080.0,App
C02122,2026-07-07,6408.0,App
C02122,2026-07-22,3335.0,Web
C02123,2026-06-13,3814.0,App
C02123,2026-07-10,3319.0,App
C02124,2025-03-15,3257.0,Web
C02124,2025-08-06,3156.0,App
C02124,2025-08-26,4554.0,Web
C02124,2025-10-27,7216.0,Store
C02124,2025-12-21,3453.0,Web
C02124,2026-01-20,4435.0,App
C02124,2026-02-14,5078.0,Web
C02124,2026-02-25,3359.0,App
C02124,2026-05-05,5385.0,Web
C02124,2026-07-17,7168.0,App
C02124,2026-08-17,5402.0,App
C02125,2025-03-27,7686.0,Web
C02125,2025-04-21,5480.0,Web
C02125,2025-05-23,4444.0,Web
C02125,2025-07-03,7579.0,App
C02125,2025-07-16,6823.0,App
C02125,2025-08-05,17522.0,App
C02125,2025-08-14,9165.0,Web
C02125,2025-08-21,5249.0,Web
C02125,2025-09-26,6849.0,Store
C02125,2025-10-06,6201.0,Store
C02125,2025-10-26,6958.0,Store
C02126,2025-07-05,11815.0,Web
C02126,2025-07-18,6850.0,App
C02126,2025-08-07,9951.0,App
C02126,2025-09-04,5889.0,App
C02126,2025-10-17,8218.0,Web
C02126,2025-10-30,6242.0,App
C02127,2026-06-25,1414.0,Web
C02127,2026-08-09,2677.0,Store
C02128,2026-06-21,8511.0,Web
C02128,2026-06-30,3858.0,App
C02129,2025-07-25,3052.0,App
C02129,2025-09-03,5700.0,Web
C02129,2025-10-03,2331.0,Web
C02129,2025-12-13,8838.0,Web
C02129,2026-02-08,2025.0,App
C02129,2026-07-18,3058.0,Web
C02130,2025-05-19,7632.0,Store
C02130,2025-06-03,6943.0,Store
C02130,2025-06-29,6475.0,App
C02130,2025-07-13,6162.0,Web
C02130,2025-08-15,7953.0,App
C02130,2025-10-01,9676.0,Store
C02130,2025-10-19,12664.0,Web
C02130,2025-11-01,6811.0,Web
C02130,2025-11-13,6616.0,Web
C02130,2025-11-30,2803.0,App
C02130,2025-12-18,12563.0,App
C02130,2026-01-07,4678.0,Store
C02130,2026-01-11,8903.0,Web
C02130,2026-01-30,8336.0,Web
C02130,2026-02-18,10642.0,App
C02130,2026-03-15,5531.0,Web
C02130,2026-04-12,9199.0,Store
C02130,2026-05-17,13305.0,App
C02130,2026-06-07,8163.0,App
C02130,2026-07-05,5537.0,Web
C02130,2026-07-26,4503.0,App
C02131,2026-08-01,2996.0,Web
C02132,2025-09-07,2122.0,Web
C02132,2026-01-12,2427.0,Web
C02132,2026-01-22,4035.0,Web
C02133,2025-06-12,4179.0,Web
C02133,2025-11-04,3453.0,App
C02133,2026-01-01,5287.0,Store
C02133,2026-01-26,2094.0,App
C02133,2026-02-19,4360.0,Web
C02133,2026-04-19,4323.0,Web
C02133,2026-04-29,6211.0,App
C02133,2026-06-25,1707.0,Web
C02134,2025-06-09,3300.0,App
C02134,2025-07-16,4604.0,App
C02134,2025-09-20,8209.0,Store
C02134,2025-12-19,2819.0,Web
C02134,2026-01-05,1821.0,Web
C02135,2025-04-15,2903.0,Web
C02135,2025-06-15,2368.0,Store
C02135,2025-07-18,2858.0,App
C02136,2025-07-31,1267.0,Web
C02136,2025-08-14,2580.0,Web
C02137,2026-07-15,5262.0,Store
C02138,2025-03-14,1789.0,Web
C02138,2025-06-11,5312.0,Web
C02138,2025-08-13,3293.0,Store
C02138,2025-10-08,5922.0,App
C02138,2026-02-11,4588.0,Web
C02139,2025-05-31,4912.0,App
C02139,2025-10-16,3199.0,Web
C02139,2025-12-06,6005.0,App
C02139,2026-01-04,2485.0,App
C02139,2026-03-17,4572.0,Store
C02139,2026-05-15,2535.0,Store
C02139,2026-06-01,2282.0,App
C02140,2025-03-09,4501.0,App
C02140,2025-04-11,3763.0,Store
C02140,2025-05-31,2870.0,Web
C02140,2025-08-19,3337.0,App
C02140,2025-11-21,2742.0,Web
C02140,2026-03-27,4171.0,App
C02140,2026-04-10,2110.0,App
C02140,2026-04-23,3669.0,App
C02141,2025-06-02,2498.0,Web
C02141,2025-08-05,3749.0,App
C02141,2025-10-03,2749.0,Web
C02141,2026-03-04,2274.0,Web
C02141,2026-03-30,3718.0,Web
C02142,2025-03-14,8394.0,Store
C02142,2025-05-09,13285.0,Web
C02142,2025-05-14,4885.0,App
C02142,2025-05-21,6262.0,App
C02142,2025-07-08,5693.0,Web
C02142,2025-08-17,4156.0,Web
C02142,2025-10-07,4138.0,App
C02142,2025-10-19,5459.0,App
C02142,2025-10-28,6142.0,Store
C02142,2025-12-03,11580.0,App
C02142,2025-12-10,9973.0,Web
C02142,2025-12-19,5294.0,App
C02142,2025-12-24,9246.0,Web
C02142,2026-01-04,5333.0,App
C02142,2026-01-12,6841.0,Web
C02142,2026-01-18,7901.0,Web
C02142,2026-02-07,14763.0,App
C02143,2025-03-07,4713.0,App
C02143,2025-05-31,2117.0,Web
C02143,2025-07-15,7317.0,Web
C02143,2025-09-15,8588.0,Store
C02143,2025-10-15,3206.0,Web
C02143,2026-01-09,3776.0,Web
C02144,2025-10-03,4736.0,Web
C02144,2025-10-14,3042.0,App
C02144,2026-02-11,4037.0,App
C02145,2026-06-22,15066.0,App
C02145,2026-07-04,3101.0,Web
C02146,2025-03-01,4787.0,App
C02146,2025-08-14,3408.0,App
C02146,2025-09-07,1908.0,Web
C02146,2026-01-17,9324.0,App
C02146,2026-04-10,3846.0,Web
C02147,2025-07-10,5337.0,Web
C02147,2025-09-04,5698.0,Web
C02147,2025-09-09,3868.0,Web
C02147,2025-09-26,7674.0,Web
C02147,2025-10-13,3453.0,App
C02147,2025-11-22,3093.0,Web
C02147,2025-12-12,4899.0,App
C02147,2026-02-12,2660.0,App
C02147,2026-02-16,3680.0,Web
C02147,2026-03-16,5123.0,Web
C02147,2026-04-22,6193.0,Web
C02147,2026-06-11,4547.0,App
C02148,2025-05-22,2503.0,Web
C02148,2025-06-15,4575.0,App
C02148,2025-09-29,2788.0,Web
C02148,2026-01-04,2861.0,Web
C02148,2026-02-13,1962.0,Web
C02148,2026-04-09,3456.0,App
C02148,2026-08-08,1946.0,Store
C02149,2025-08-27,5892.0,Web
C02149,2025-10-12,3539.0,Web
C02149,2026-02-17,4644.0,Web
C02149,2026-04-08,4991.0,Store
C02150,2025-07-31,8052.0,Web
C02150,2025-10-14,8590.0,Web
C02150,2025-11-04,4672.0,Web
C02150,2025-12-11,3945.0,App
C02150,2026-01-01,6199.0,Web
C02150,2026-02-23,4052.0,App
C02150,2026-03-24,2921.0,Web
C02150,2026-04-27,2618.0,Web
C02150,2026-06-02,2536.0,App
C02151,2025-06-14,2751.0,App
C02151,2025-07-30,7686.0,Web
C02152,2025-05-03,10529.0,Web
C02152,2025-05-20,6294.0,Web
C02152,2025-05-25,3870.0,Store
C02152,2025-06-02,4304.0,Web
C02152,2025-06-07,12320.0,App
C02152,2025-07-15,7324.0,Web
C02152,2025-08-22,4535.0,Web
C02152,2025-09-15,4737.0,Web
C02152,2025-10-14,8158.0,App
C02152,2025-10-19,7850.0,App
C02152,2025-11-09,13434.0,App
C02152,2025-11-18,7316.0,Web
C02152,2025-11-24,8614.0,App
C02152,2025-12-23,7415.0,App
C02152,2026-01-13,10022.0,App
C02152,2026-01-18,13932.0,Web
C02152,2026-02-22,10472.0,App
C02152,2026-03-08,15000.0,App
C02152,2026-04-01,9093.0,Web
C02152,2026-04-11,4319.0,Web
C02152,2026-04-29,5639.0,App
C02152,2026-05-25,10029.0,App
C02152,2026-05-31,6915.0,Web
C02152,2026-07-12,7530.0,App
C02152,2026-08-05,5667.0,App
C02152,2026-08-24,12475.0,App
C02152,2026-08-25,12861.0,Web
C02153,2025-06-21,3486.0,Web
C02153,2025-08-28,2232.0,App
C02153,2025-11-05,4633.0,App
C02153,2026-02-06,3438.0,Web
C02153,2026-02-26,2827.0,Web
C02153,2026-04-10,4728.0,Store
C02153,2026-07-07,3157.0,Web
C02154,2025-05-11,4578.0,Web
C02154,2025-06-20,2492.0,App
C02154,2025-10-15,1600.0,Store
C02154,2025-11-09,4288.0,Web
C02154,2026-04-13,6066.0,App
C02154,2026-04-25,2439.0,Web
C02154,2026-05-14,3936.0,Web
C02154,2026-06-16,2749.0,App
C02154,2026-07-21,7547.0,Web
C02155,2025-06-10,3102.0,Web
C02155,2025-07-03,1266.0,Web
C02155,2025-07-25,2419.0,Web
C02156,2025-06-06,2225.0,Web
C02156,2025-07-09,2047.0,Web
C02156,2025-09-07,3252.0,Web
C02156,2026-01-07,3430.0,App
C02156,2026-04-01,1926.0,Store
C02157,2025-03-25,2561.0,App
C02157,2025-04-10,4620.0,App
C02157,2025-05-28,3332.0,Web
C02157,2025-08-02,2805.0,App
C02157,2025-08-06,1284.0,Web
C02157,2025-08-15,4052.0,Web
C02157,2025-09-03,4179.0,Web
C02157,2025-09-29,7939.0,Web
C02157,2025-10-20,7018.0,Web
C02157,2025-11-01,5619.0,App
C02157,2025-12-12,6200.0,Web
C02157,2026-01-20,6489.0,Web
C02157,2026-02-10,5610.0,Web
C02157,2026-03-27,8031.0,App
C02157,2026-04-26,2778.0,App
C02158,2026-07-11,4548.0,App
C02158,2026-08-16,2436.0,App
C02159,2025-04-25,9196.0,Web
C02159,2025-05-16,5538.0,Web
C02159,2025-05-22,5448.0,Web
C02159,2025-05-26,6960.0,Web
C02159,2025-07-20,4435.0,Web
C02159,2025-08-13,6783.0,Store
C02159,2025-08-17,4807.0,Store
C02159,2025-09-12,4492.0,Store
C02159,2025-09-25,6535.0,App
C02159,2025-10-23,10825.0,Store
C02159,2025-11-24,9083.0,Web
C02159,2025-12-17,5832.0,Web
C02159,2026-01-01,6662.0,Store
C02159,2026-01-20,5833.0,App
C02160,2025-04-12,5232.0,Store
C02160,2025-05-04,11123.0,App
C02160,2025-06-02,12983.0,App
C02160,2025-06-04,6153.0,Web
C02160,2025-06-13,12497.0,Web
C02160,2025-06-26,4148.0,Web
C02160,2025-07-05,7174.0,Web
C02160,2025-07-22,3014.0,App
C02160,2025-08-05,10418.0,App
C02160,2025-08-10,4404.0,Web
C02160,2025-09-02,3801.0,Web
C02160,2025-09-08,8248.0,Store
C02160,2025-09-25,10815.0,Web
C02160,2025-10-01,6531.0,Web
C02160,2025-10-18,7892.0,Web
C02160,2025-10-31,13941.0,Web
C02160,2025-11-15,5395.0,Web
C02160,2025-12-03,5337.0,Web
C02160,2025-12-30,11003.0,App
C02160,2026-01-09,8139.0,Web
C02160,2026-01-14,12390.0,Web
C02160,2026-01-27,4781.0,App
C02160,2026-02-24,4023.0,Web
C02160,2026-02-25,4555.0,App
C02160,2026-03-02,9636.0,Web
C02160,2026-03-15,11455.0,Web
C02160,2026-04-13,10946.0,Web
C02160,2026-04-22,9139.0,App
C02160,2026-05-05,11666.0,Web
C02160,2026-05-14,6084.0,Store
C02160,2026-05-25,3755.0,Web
C02160,2026-06-18,4273.0,App
C02160,2026-07-14,4525.0,App
C02160,2026-08-08,3822.0,Store
C02161,2025-04-02,5579.0,Web
C02161,2025-04-20,6035.0,Store
C02161,2025-05-09,18601.0,Web
C02161,2025-06-17,5638.0,Web
C02161,2025-06-30,6617.0,Store
C02161,2025-07-08,7746.0,App
C02161,2025-07-31,7941.0,Web
C02161,2025-08-17,5681.0,App
C02161,2025-09-08,10452.0,App
C02161,2025-10-31,7462.0,App
C02161,2025-11-10,7337.0,Web
C02161,2025-11-20,5572.0,Web
C02162,2026-07-12,4199.0,App
C02162,2026-07-30,3952.0,App
C02163,2025-06-23,8113.0,Web
C02163,2025-07-19,9679.0,Store
C02163,2025-08-22,9371.0,Web
C02163,2025-09-22,9920.0,App
C02163,2025-10-07,6518.0,Web
C02163,2025-10-12,9960.0,App
C02163,2025-11-24,15362.0,Web
C02163,2025-11-29,9338.0,Web
C02163,2025-12-03,5298.0,App
C02163,2025-12-21,8191.0,Web
C02164,2025-06-19,12909.0,Web
C02164,2025-06-24,9894.0,Store
C02164,2025-07-14,5558.0,Web
C02164,2025-08-08,7409.0,App
C02164,2025-08-29,11527.0,App
C02164,2025-09-23,6899.0,Web
C02164,2025-10-16,9541.0,App
C02164,2025-11-06,6679.0,App
C02164,2025-11-18,6361.0,Web
C02164,2025-11-29,2791.0,Store
C02164,2026-01-23,6123.0,Web
C02165,2025-06-09,5370.0,App
C02165,2025-07-09,4406.0,Web
C02165,2025-12-17,2933.0,App
C02165,2026-02-04,2312.0,Web
C02165,2026-03-04,9648.0,Web
C02166,2026-07-10,9685.0,Store
C02166,2026-07-18,3278.0,Web
C02167,2025-08-16,2656.0,Web
C02167,2025-11-06,3333.0,App
C02167,2026-02-24,7964.0,App
C02167,2026-04-02,2803.0,App
C02168,2025-06-28,8199.0,Web
C02168,2025-07-31,11435.0,App
C02168,2025-08-07,7455.0,Web
C02168,2025-08-19,6592.0,App
C02168,2025-09-09,5751.0,App
C02168,2025-09-25,5365.0,Store
C02169,2026-07-29,2031.0,Store
C02170,2025-06-30,3414.0,App
C02170,2025-07-04,3827.0,Store
C02170,2025-07-26,6177.0,Web
C02171,2025-05-22,7792.0,Web
C02171,2025-05-31,6398.0,App
C02171,2025-06-16,5753.0,Web
C02171,2025-07-04,4960.0,Web
C02171,2025-07-22,11205.0,App
C02171,2025-07-30,4009.0,Web
C02171,2025-08-10,6214.0,Web
C02171,2025-08-18,9608.0,Web
C02171,2025-09-23,3925.0,App
C02171,2025-10-31,7509.0,Web
C02171,2025-11-17,5201.0,Web
C02172,2026-06-20,5336.0,Web
C02172,2026-07-03,2600.0,Web
C02173,2025-07-06,2939.0,Web
C02174,2025-05-31,5118.0,App
C02174,2025-07-03,5660.0,Web
C02174,2025-09-09,6228.0,Web
C02174,2025-09-23,6017.0,App
C02174,2025-10-16,4394.0,Web
C02174,2025-12-05,2914.0,Web
C02174,2026-01-11,5641.0,Web
C02174,2026-03-03,5530.0,Web
C02174,2026-04-29,2973.0,Web
C02175,2025-07-14,7979.0,Web
C02175,2025-07-19,4739.0,App
C02175,2025-09-07,6209.0,App
C02175,2025-10-21,11483.0,App
C02175,2025-11-14,4080.0,App
C02175,2025-11-18,6754.0,App
C02175,2025-12-12,9559.0,Web
C02175,2026-01-06,8822.0,Web
C02176,2025-06-10,2798.0,Store
C02176,2025-06-15,1444.0,Web
C02176,2025-07-25,2877.0,Web
C02177,2025-05-07,6848.0,Web
C02177,2025-05-23,4007.0,Store
C02177,2025-06-01,6447.0,Web
C02177,2025-06-22,11816.0,Web
C02177,2025-07-02,5726.0,App
C02177,2025-07-16,15134.0,Web
C02177,2025-07-29,9370.0,Store
C02177,2025-08-12,6710.0,App
C02177,2025-09-13,7634.0,Web
C02177,2025-09-26,8042.0,Web
C02177,2025-10-30,5764.0,App
C02177,2025-11-01,6103.0,App
C02177,2025-11-11,14179.0,Web
C02177,2025-11-13,11891.0,Web
C02178,2025-07-08,2976.0,Web
C02178,2025-08-12,3489.0,App
C02178,2025-11-27,1955.0,Web
C02178,2026-02-01,2992.0,App
C02179,2026-06-18,2552.0,Web
C02179,2026-07-07,4384.0,Store
C02180,2025-07-06,3918.0,Web
C02180,2025-10-12,3946.0,Web
C02180,2025-11-03,4303.0,App
C02180,2026-01-20,3191.0,Web
C02181,2025-07-24,3730.0,App
C02181,2025-09-30,6311.0,App
C02181,2025-12-06,1424.0,App
C02181,2026-03-04,3783.0,App
C02181,2026-03-22,4059.0,Store
C02182,2025-06-07,2899.0,Web
C02182,2025-09-26,2722.0,Web
C02182,2025-10-18,4525.0,App
C02182,2025-10-31,2845.0,Store
C02182,2026-01-24,5424.0,App
C02182,2026-02-04,3327.0,Store
C02182,2026-03-26,4520.0,Web
C02183,2025-05-17,1727.0,Web
C02183,2025-10-04,5322.0,Web
C02183,2025-12-02,2791.0,Web
C02183,2026-01-11,2818.0,App
C02184,2025-07-30,5058.0,Web
C02184,2025-08-29,5454.0,Web
C02184,2025-09-08,2929.0,App
C02184,2025-10-02,4379.0,Web
C02184,2025-11-03,5565.0,App
C02184,2025-12-13,4938.0,Web
C02184,2026-01-22,4727.0,Web
C02184,2026-02-16,4100.0,Web
C02184,2026-04-14,3330.0,App
C02184,2026-05-15,6049.0,Web
C02184,2026-05-22,9333.0,Web
C02185,2025-07-22,1183.0,Store
C02185,2025-07-26,1410.0,Web
C02185,2025-09-10,2260.0,Web
C02186,2025-06-14,5300.0,Web
C02186,2025-06-25,3439.0,Store
C02186,2025-09-19,3182.0,Web
C02186,2025-10-09,3990.0,Web
C02186,2025-10-22,5144.0,Web
C02186,2025-11-16,6161.0,Store
C02186,2026-01-12,4472.0,App
C02186,2026-02-15,5504.0,Web
C02186,2026-04-30,1663.0,Web
C02186,2026-06-07,4941.0,Web
C02186,2026-07-18,3601.0,App
C02187,2025-05-17,5570.0,App
C02187,2025-07-13,5401.0,App
C02187,2025-09-08,1082.0,Web
C02187,2025-10-27,4528.0,Store
C02187,2026-01-10,4516.0,Web
C02188,2025-04-02,2513.0,Store
C02188,2025-05-20,3292.0,Web
C02188,2025-05-24,2984.0,App
C02189,2026-07-09,3666.0,Web
C02189,2026-07-12,3576.0,App
C02190,2025-04-11,2773.0,Web
C02190,2025-07-30,2100.0,Web
C02190,2026-03-30,2678.0,Web
C02190,2026-07-04,2335.0,Web
C02191,2025-03-18,2260.0,Web
C02191,2025-05-12,5724.0,App
C02191,2025-06-13,3182.0,App
C02191,2025-11-16,5800.0,Web
C02191,2025-12-26,5940.0,Web
C02191,2026-01-14,6339.0,Web
C02191,2026-02-10,3672.0,App
C02191,2026-03-20,6063.0,App
C02191,2026-04-26,8546.0,App
C02191,2026-05-13,4108.0,App
C02191,2026-07-18,4322.0,Web
C02192,2025-07-13,2797.0,App
C02192,2025-07-18,2157.0,Web
C02193,2025-05-10,2672.0,App
C02193,2025-08-25,5847.0,App
C02193,2025-10-26,4134.0,Web
C02193,2026-01-12,4097.0,Store
C02194,2025-06-09,7252.0,Web
C02194,2025-06-23,7386.0,Store
C02194,2025-07-27,5506.0,Web
C02194,2025-08-11,3522.0,App
C02194,2025-09-08,1882.0,Store
C02194,2025-10-27,5735.0,Web
C02194,2025-12-15,4315.0,Web
C02194,2026-02-22,6357.0,App
C02194,2026-04-11,6103.0,Web
C02194,2026-05-20,5864.0,Store
C02194,2026-07-26,5095.0,Web
C02195,2025-07-16,770.0,App
C02195,2025-07-22,1504.0,App
C02195,2025-08-25,1784.0,App
C02196,2025-09-23,2746.0,Web
C02196,2025-11-25,8429.0,Web
C02196,2025-12-05,2501.0,Store
C02197,2025-03-07,3524.0,Web
C02197,2025-04-18,3711.0,Web
C02197,2025-05-14,7768.0,Web
C02197,2025-06-07,6491.0,App
C02197,2025-07-06,10891.0,App
C02197,2025-08-16,1602.0,Web
C02197,2025-09-01,5510.0,App
C02197,2025-09-13,1714.0,Web
C02197,2025-09-19,4377.0,Web
C02197,2025-10-27,4066.0,Web
C02197,2025-11-28,2808.0,Web
C02197,2025-12-10,3486.0,Web
C02197,2026-01-09,3939.0,Web
C02197,2026-01-17,5288.0,App
C02197,2026-02-20,2806.0,Web
C02197,2026-03-23,3305.0,Web
C02197,2026-05-16,5464.0,Web
C02197,2026-05-24,5917.0,Web
C02197,2026-05-27,12706.0,Web
C02197,2026-08-19,4745.0,Web
C02198,2025-08-08,3584.0,App
C02198,2025-08-31,2345.0,Web
C02199,2026-06-27,6324.0,App
C02199,2026-07-10,5126.0,Web
C02200,2025-04-08,1708.0,Web
C02200,2025-05-04,2469.0,App
C02200,2025-05-19,2773.0,Store
C02201,2025-06-18,3663.0,Web
C02201,2025-07-19,5792.0,App
C02201,2025-08-05,7701.0,Web
C02201,2025-09-10,4926.0,App
C02201,2025-10-19,6847.0,Web
C02201,2025-12-07,4435.0,Web
C02201,2026-01-08,7809.0,Store
C02201,2026-02-23,3404.0,App
C02201,2026-05-11,2481.0,App
C02201,2026-05-23,3967.0,Web
C02201,2026-06-03,4456.0,Web
C02202,2025-03-24,3090.0,App
C02202,2025-05-10,3971.0,App
C02202,2025-10-12,2536.0,App
C02202,2026-01-11,2543.0,Store
C02202,2026-03-24,2062.0,App
C02203,2025-06-11,1693.0,App
C02203,2025-06-15,3256.0,App
C02203,2025-07-27,3942.0,App
C02203,2025-09-20,2234.0,App
C02203,2025-10-31,2162.0,Web
C02203,2026-03-01,3063.0,Store
C02203,2026-05-27,4095.0,App
C02203,2026-07-10,2451.0,Web
C02204,2025-05-05,3887.0,App
C02204,2025-05-16,6390.0,Web
C02204,2025-06-15,7580.0,Store
C02204,2025-06-26,2724.0,App
C02204,2025-10-02,8213.0,App
C02204,2025-10-18,4604.0,Web
C02204,2026-01-13,4456.0,App
C02204,2026-03-22,4317.0,App
C02204,2026-04-16,4585.0,Web
C02204,2026-05-05,2474.0,App
C02204,2026-06-01,5431.0,App
C02205,2026-06-17,5234.0,Web
C02205,2026-08-10,4751.0,Web
C02206,2025-06-21,3950.0,Store
C02206,2025-09-13,1916.0,Web
C02206,2025-09-29,5903.0,Web
C02207,2025-07-28,5927.0,Web
C02207,2025-09-08,2376.0,Web
C02207,2025-12-22,3229.0,Web
C02207,2026-03-17,3635.0,Store
C02207,2026-04-26,5384.0,Web
C02208,2025-07-12,7095.0,Web
C02208,2025-07-23,8974.0,App
C02208,2025-08-02,8250.0,Web
C02208,2025-08-08,14749.0,Web
C02208,2025-09-08,6053.0,Web
C02208,2025-09-15,6829.0,App
C02208,2025-09-17,11017.0,Web
C02208,2025-09-24,7189.0,Web
C02208,2025-10-16,11948.0,Web
C02208,2025-11-02,9389.0,App
C02208,2025-11-14,7419.0,Web
C02208,2025-12-14,7026.0,App
C02208,2025-12-18,6498.0,App
C02208,2025-12-30,6969.0,App
C02208,2026-01-07,5247.0,Web
C02209,2025-05-11,2247.0,Web
C02209,2025-06-05,3966.0,App
C02209,2025-08-09,3611.0,App
C02209,2025-08-25,5996.0,Web
C02209,2025-09-11,5551.0,App
C02209,2025-10-22,8413.0,Web
C02209,2025-11-20,3777.0,App
C02209,2026-01-15,5409.0,App
C02209,2026-02-16,6206.0,Web
C02209,2026-04-13,11542.0,Web
C02209,2026-04-25,5494.0,Store
C02209,2026-05-08,4528.0,Web
C02209,2026-07-01,4853.0,Web
C02209,2026-08-16,5560.0,Web
C02210,2025-07-01,6874.0,Web
C02210,2025-07-17,6461.0,Store
C02210,2025-08-06,4092.0,Web
C02210,2025-09-19,5536.0,Web
C02210,2025-11-16,3486.0,App
C02210,2025-11-25,2314.0,Web
C02210,2026-01-13,7276.0,Web
C02210,2026-01-18,3512.0,Web
C02210,2026-02-01,9485.0,Web
C02210,2026-04-07,6571.0,Web
C02211,2025-03-19,4989.0,Web
C02211,2025-04-07,3955.0,App
C02211,2025-05-05,1855.0,App
C02211,2025-07-16,1609.0,Web
C02211,2025-12-21,4238.0,App
C02211,2026-01-14,4031.0,App
C02211,2026-03-05,5579.0,Web
C02212,2025-03-19,1216.0,Store
C02212,2025-04-11,1879.0,Web
C02212,2025-04-19,3133.0,Web
C02213,2025-03-26,5599.0,Web
C02213,2025-07-07,2789.0,Web
C02213,2025-09-25,2915.0,Web
C02213,2025-11-23,3167.0,Web
C02213,2026-01-16,2685.0,App
C02213,2026-04-05,4695.0,Web
C02213,2026-04-30,2193.0,Store
C02214,2025-08-02,2688.0,Web
C02214,2025-08-12,1458.0,App
C02214,2025-09-07,3366.0,Store
C02215,2025-08-06,4048.0,Web
C02215,2025-12-05,3089.0,Store
C02215,2026-02-14,5325.0,Web
C02216,2025-06-01,3644.0,Store
C02216,2025-07-16,3240.0,App
C02216,2025-08-31,5124.0,Store
C02216,2025-10-09,3172.0,App
C02216,2026-02-25,3676.0,Web
C02216,2026-05-03,3643.0,App
C02216,2026-06-09,4702.0,App
C02217,2025-05-26,7008.0,App
C02217,2025-06-05,3741.0,Store
C02217,2025-07-03,6230.0,Web
C02217,2025-07-25,4579.0,App
C02217,2025-07-27,3603.0,App
C02217,2025-10-05,5329.0,Web
C02217,2026-01-16,3945.0,Store
C02217,2026-03-04,6870.0,Web
C02217,2026-04-06,3101.0,Store
C02217,2026-04-28,5050.0,Web
C02217,2026-06-07,3444.0,Web
C02218,2025-03-17,2689.0,Web
C02218,2025-05-09,3929.0,Store
C02218,2025-07-20,2745.0,App
C02218,2025-08-08,2169.0,Web
C02218,2025-09-28,1853.0,Store
C02218,2025-11-01,2096.0,App
C02218,2025-11-16,4151.0,Web
C02218,2026-02-05,5747.0,App
C02219,2025-09-28,1959.0,App
C02219,2025-12-02,2394.0,App
C02219,2026-03-17,7753.0,App
C02219,2026-05-01,2716.0,App
C02219,2026-07-14,3148.0,App
C02219,2026-07-22,2096.0,Web
C02220,2026-07-08,3017.0,App
C02220,2026-07-13,4198.0,App
C02221,2025-03-19,4875.0,Web
C02221,2025-05-07,11914.0,Store
C02221,2025-06-03,5472.0,Store
C02221,2025-07-05,6083.0,Web
C02221,2025-09-05,5332.0,Web
C02221,2025-09-20,8152.0,Web
C02221,2025-09-26,7779.0,App
C02221,2025-10-27,13903.0,Web
C02221,2025-11-14,5847.0,App
C02221,2025-12-22,8473.0,Web
C02221,2025-12-25,3645.0,App
C02222,2025-04-10,3580.0,Web
C02222,2025-04-29,2665.0,Web
C02222,2025-05-12,9602.0,App
C02223,2025-06-10,9025.0,App
C02223,2025-07-11,4806.0,Web
C02223,2025-09-01,12640.0,Web
C02223,2025-09-27,5916.0,App
C02223,2025-11-16,6403.0,App
C02223,2025-11-26,9176.0,App
C02223,2026-01-03,5471.0,Store
C02224,2025-04-15,4333.0,Web
C02224,2025-05-02,4717.0,App
C02224,2025-06-23,5136.0,Store
C02224,2025-08-26,2406.0,Web
C02224,2025-09-16,13210.0,Web
C02224,2025-10-17,4698.0,App
C02224,2025-11-08,9515.0,App
C02224,2025-12-27,3288.0,Web
C02224,2026-03-18,5837.0,App
C02224,2026-03-19,2875.0,Web
C02224,2026-04-11,1458.0,Web
C02225,2025-09-29,3272.0,App
C02225,2025-10-04,3219.0,App
C02225,2025-12-10,8536.0,Web
C02225,2026-04-24,5592.0,Web
C02225,2026-04-26,1959.0,App
C02225,2026-05-18,2403.0,App
C02225,2026-07-03,2567.0,Web
C02226,2026-06-21,5178.0,App
C02226,2026-07-03,6206.0,Web
C02227,2025-05-18,4322.0,Store
C02227,2025-11-07,3819.0,Store
C02227,2026-01-30,4586.0,Store
C02227,2026-03-14,3991.0,Web
C02228,2025-06-23,4905.0,Web
C02228,2025-07-26,6501.0,App
C02228,2025-09-13,5086.0,Web
C02228,2025-10-17,2347.0,Web
C02228,2025-12-14,4308.0,App
C02228,2026-01-08,5390.0,App
C02228,2026-01-21,5152.0,Web
C02228,2026-01-30,3697.0,App
C02228,2026-05-08,3794.0,App
C02228,2026-06-23,3537.0,Web
C02228,2026-07-05,2367.0,Web
C02229,2025-03-23,5523.0,App
C02229,2025-04-10,15100.0,Store
C02229,2025-04-25,7109.0,Web
C02229,2025-05-08,5936.0,Web
C02229,2025-05-18,6250.0,Web
C02229,2025-05-31,8811.0,Store
C02229,2025-06-10,6371.0,App
C02229,2025-07-05,7884.0,Web
C02229,2025-07-24,16885.0,Store
C02229,2025-08-10,4342.0,Web
C02229,2025-08-28,6528.0,Web
C02229,2025-09-08,7688.0,Web
C02229,2025-09-29,4058.0,Web
C02229,2025-10-28,9017.0,Store
C02229,2025-11-20,10294.0,Web
C02229,2025-12-18,4629.0,App
C02229,2026-01-11,7313.0,Web
C02229,2026-01-31,8023.0,Web
C02229,2026-02-06,9201.0,Store
C02229,2026-02-15,19150.0,App
C02229,2026-02-18,5805.0,Store
C02229,2026-03-19,9082.0,Web
C02229,2026-03-25,7196.0,Web
C02229,2026-04-02,6779.0,Web
C02229,2026-04-14,7568.0,Web
C02229,2026-04-26,8688.0,Web
C02229,2026-05-10,7550.0,Web
C02229,2026-06-08,8286.0,Web
C02229,2026-06-28,7316.0,Web
C02229,2026-07-21,5421.0,Web
C02229,2026-07-28,10046.0,Web
C02230,2025-05-05,2452.0,Web
C02230,2025-06-16,1379.0,App
C02230,2025-07-24,4799.0,Web
C02231,2026-07-06,4306.0,Web
C02231,2026-08-05,3923.0,Web
C02232,2025-08-07,3285.0,Web
C02232,2025-08-17,2923.0,App
C02232,2025-09-03,2186.0,App
C02233,2025-06-23,7751.0,Web
C02233,2025-09-10,2839.0,Web
C02233,2025-10-28,5553.0,Web
C02233,2025-11-18,4871.0,Web
C02233,2025-12-13,4931.0,App
C02233,2026-01-22,4220.0,Web
C02233,2026-02-21,4919.0,Web
C02233,2026-04-17,1432.0,Web
C02233,2026-05-01,7592.0,App
C02233,2026-05-15,2705.0,Store
C02234,2025-03-26,3317.0,App
C02234,2025-04-06,3632.0,Web
C02234,2025-06-12,3843.0,Web
C02234,2025-12-16,4148.0,Store
C02235,2025-04-12,4967.0,Web
C02235,2025-06-20,4676.0,App
C02235,2025-07-15,2334.0,Web
C02235,2025-08-14,2699.0,Store
C02235,2025-10-01,3038.0,App
C02235,2025-12-23,5818.0,Store
C02235,2026-01-24,2070.0,Web
C02235,2026-02-05,1087.0,Web
C02235,2026-03-28,2614.0,Web
C02236,2025-03-14,1436.0,App
C02236,2025-06-27,3723.0,App
C02236,2025-07-18,3959.0,App
C02236,2025-09-18,2200.0,App
C02236,2025-12-04,4231.0,Store
C02237,2025-03-05,5841.0,Store
C02237,2025-06-09,3841.0,App
C02237,2025-07-29,3042.0,Web
C02237,2025-08-01,4302.0,App
C02237,2025-09-18,3597.0,Web
C02237,2025-09-29,3389.0,App
C02237,2025-11-09,6229.0,Store
C02237,2025-12-30,7245.0,App
C02237,2026-02-09,4507.0,Web
C02237,2026-04-10,4605.0,App
C02237,2026-04-28,3433.0,Web
C02237,2026-06-19,3017.0,Web
C02238,2026-06-23,2805.0,App
C02238,2026-08-03,3234.0,Web
C02239,2025-03-09,7592.0,App
C02239,2025-03-26,6937.0,Web
C02239,2025-04-07,4895.0,Web
C02239,2025-04-14,5140.0,App
C02239,2025-04-21,6333.0,Store
C02239,2025-05-03,10973.0,Store
C02239,2025-06-01,8318.0,Web
C02239,2025-08-29,6828.0,App
C02239,2025-09-05,6432.0,Web
C02239,2025-09-22,4689.0,Web
C02239,2025-10-06,5150.0,Web
C02239,2025-11-05,7447.0,Web
C02240,2025-04-21,3199.0,Web
C02240,2025-08-17,3039.0,Web
C02240,2025-08-26,1411.0,App
C02241,2026-07-20,7836.0,Web
C02241,2026-07-27,1851.0,App
C02242,2025-04-07,7657.0,Web
C02242,2025-05-30,6837.0,Web
C02242,2025-07-13,2467.0,Web
C02242,2025-08-27,5757.0,Web
C02242,2025-08-29,6294.0,Web
C02242,2025-10-15,4516.0,App
C02242,2025-11-26,8412.0,App
C02242,2025-12-18,2430.0,Web
C02242,2025-12-26,1953.0,Web
C02242,2026-01-28,7067.0,App
C02242,2026-03-26,3334.0,App
C02242,2026-06-05,4552.0,Web
C02243,2025-06-20,4187.0,App
C02243,2025-07-27,4238.0,Web
C02243,2025-08-21,7004.0,Store
C02243,2025-11-05,7266.0,Store
C02243,2025-11-11,4930.0,Store
C02243,2025-11-22,8583.0,Web
C02243,2025-11-28,4469.0,App
C02243,2025-12-17,6423.0,Web
C02243,2026-01-15,7010.0,Web
C02244,2026-07-03,2897.0,Store
C02244,2026-07-06,2982.0,Web
C02245,2025-05-17,6557.0,Store
C02245,2025-05-21,6368.0,Web
C02245,2025-07-08,11054.0,App
C02245,2025-07-16,5265.0,App
C02245,2025-07-25,9422.0,Store
C02245,2025-09-04,5937.0,Web
C02245,2025-09-25,5247.0,App
C02245,2025-10-17,10039.0,Web
C02245,2025-11-08,9002.0,Web
C02245,2025-11-15,5612.0,Web
C02245,2025-12-12,6651.0,Web
C02245,2026-01-16,6754.0,Web
C02246,2025-07-29,4167.0,App
C02246,2025-09-18,5343.0,App
C02246,2025-11-02,4591.0,Web
C02246,2025-12-06,5819.0,Web
C02246,2026-01-17,6343.0,Web
C02246,2026-02-26,6847.0,Web
C02246,2026-05-20,2204.0,Web
C02246,2026-06-03,3751.0,Web
C02246,2026-07-12,6791.0,Web
C02247,2026-07-13,2103.0,Web
C02247,2026-07-15,7047.0,Web
C02248,2025-05-02,2706.0,Store
C02248,2025-07-08,2860.0,App
C02248,2025-07-31,2617.0,App
C02249,2025-05-16,7074.0,Web
C02249,2025-06-02,7735.0,Web
C02249,2025-07-06,5575.0,Web
C02249,2025-08-18,5701.0,Web
C02249,2025-09-28,7858.0,Web
C02249,2025-11-04,7295.0,App
C02250,2026-06-14,3223.0,Web
C02250,2026-07-04,8637.0,Web
C02251,2025-05-27,1001.0,App
C02251,2025-06-13,2234.0,App
C02251,2025-07-22,1706.0,Web
C02252,2025-04-03,2133.0,App
C02252,2025-05-19,4354.0,App
C02252,2025-09-15,3023.0,App
C02252,2026-02-07,2279.0,Web
C02253,2025-05-04,9642.0,Store
C02253,2025-06-01,7962.0,Store
C02253,2025-06-17,13581.0,Web
C02253,2025-07-16,3660.0,Web
C02253,2025-08-10,9891.0,Web
C02253,2025-08-21,4972.0,App
C02253,2025-09-06,7013.0,Web
C02253,2025-10-01,7115.0,Store
C02253,2025-11-03,6933.0,Web
C02254,2025-03-12,1836.0,Web
C02254,2025-04-20,5151.0,App
C02254,2025-06-20,3058.0,Web
C02255,2025-04-13,2056.0,Web
C02255,2025-06-08,2852.0,Web
C02255,2025-06-23,2811.0,App
C02255,2025-08-01,5312.0,Store
C02255,2025-10-05,4687.0,App
C02256,2025-06-02,2188.0,Web
C02256,2025-06-30,2975.0,Web
C02256,2025-08-24,3559.0,Web
C02257,2025-08-22,3741.0,Web
C02257,2025-11-24,5814.0,Web
C02257,2025-12-30,2843.0,Web
C02257,2026-05-20,3091.0,Web
C02257,2026-06-25,5970.0,Web
C02258,2025-06-25,4661.0,Store
C02258,2025-07-19,3794.0,App
C02258,2025-09-03,2515.0,Web
C02258,2025-10-27,2498.0,App
C02258,2026-05-21,3014.0,Web
C02259,2025-07-11,4476.0,Web
C02259,2025-08-12,3641.0,Web
C02259,2025-09-10,5674.0,App
C02259,2025-11-01,4003.0,App
C02259,2026-01-25,5877.0,App
C02259,2026-02-02,5408.0,App
C02259,2026-03-26,3111.0,App
C02259,2026-04-19,2803.0,Web
C02259,2026-05-06,4086.0,Web
C02259,2026-05-16,5581.0,App
C02259,2026-06-03,9459.0,Web
C02259,2026-07-09,3008.0,App
C02259,2026-08-08,3157.0,Web
C02260,2025-03-09,7409.0,App
C02260,2025-04-10,10287.0,App
C02260,2025-05-25,7307.0,Web
C02260,2025-07-05,5543.0,App
C02260,2025-08-08,15604.0,App
C02260,2025-08-14,4406.0,Web
C02260,2025-08-22,8376.0,Web
C02260,2025-11-07,5752.0,Web
C02260,2025-11-25,6715.0,App
C02260,2025-12-19,12596.0,App
C02260,2025-12-21,7337.0,Web
C02261,2025-08-11,2687.0,Store
C02261,2025-10-05,2969.0,App
C02262,2025-06-23,1776.0,Web
C02262,2025-10-31,6114.0,Web
C02262,2025-12-07,3499.0,Web
C02263,2025-03-13,5093.0,App
C02263,2025-05-01,2722.0,Web
C02263,2025-05-26,3008.0,Web
C02264,2025-07-18,7647.0,App
C02264,2025-08-16,5897.0,Web
C02264,2025-08-22,2626.0,App
C02264,2025-09-08,4879.0,Web
C02264,2025-10-13,6075.0,Web
C02264,2026-03-09,4495.0,Web
C02264,2026-06-06,4770.0,Store
C02264,2026-06-26,5683.0,Web
C02264,2026-07-24,2433.0,Web
C02265,2025-06-27,3074.0,App
C02265,2025-07-19,2508.0,App
C02265,2025-08-07,2369.0,Web
C02266,2025-04-12,2602.0,App
C02266,2025-04-17,5587.0,Web
C02266,2025-04-26,5427.0,App
C02266,2025-05-15,3323.0,Web
C02266,2025-06-14,4436.0,Web
C02266,2025-07-29,5388.0,App
C02266,2025-09-10,3500.0,Web
C02266,2025-12-14,3471.0,Web
C02266,2025-12-16,2822.0,Web
C02266,2025-12-17,10364.0,Web
C02266,2025-12-25,3829.0,Web
C02266,2026-01-09,2826.0,App
C02266,2026-03-08,2275.0,Web
C02266,2026-04-17,3348.0,Web
C02266,2026-04-25,5136.0,Web
C02266,2026-05-10,4167.0,Web
C02266,2026-05-26,5311.0,Web
C02266,2026-06-08,6144.0,Web
C02266,2026-07-02,4345.0,App
C02266,2026-07-22,4386.0,Web
C02267,2025-04-07,2237.0,App
C02267,2025-07-06,1899.0,Web
C02267,2025-09-09,5719.0,App
C02267,2025-11-10,2383.0,Web
C02267,2025-11-26,3874.0,App
C02267,2026-03-13,3673.0,Web
C02267,2026-07-08,5063.0,Store
C02268,2025-03-30,4062.0,Web
C02268,2025-04-02,6834.0,App
C02268,2025-04-11,9522.0,Web
C02269,2025-03-08,3394.0,App
C02269,2025-03-09,4577.0,App
C02269,2025-04-05,6589.0,Web
C02269,2025-04-07,3474.0,App
C02269,2025-07-25,1568.0,App
C02269,2025-12-05,4204.0,Store
C02269,2026-01-14,2766.0,App
C02269,2026-03-07,2740.0,App
C02269,2026-04-04,3317.0,Web
C02269,2026-05-03,4068.0,Web
C02270,2025-05-07,1456.0,Store
C02270,2025-08-03,3137.0,App
C02270,2025-08-28,4741.0,Web
C02270,2025-12-15,3096.0,Web
C02270,2026-01-16,2030.0,App
C02270,2026-03-31,3112.0,Web
C02270,2026-06-12,4667.0,Web
C02271,2025-03-09,2893.0,App
C02271,2025-03-19,4148.0,App
C02271,2025-03-26,1813.0,App
C02272,2025-05-05,3154.0,Web
C02272,2025-05-31,3726.0,App
C02272,2025-06-27,2537.0,App
C02273,2025-05-28,4746.0,App
C02273,2025-07-17,2856.0,Web
C02273,2025-09-16,2034.0,Web
C02273,2026-04-17,2301.0,Web
C02273,2026-06-05,1867.0,Web
C02274,2025-06-23,4487.0,Web
C02274,2025-08-30,4244.0,Web
C02274,2025-11-03,2470.0,App
C02275,2025-05-23,3108.0,App
C02275,2025-07-16,2909.0,Web
C02276,2025-03-03,6683.0,Store
C02276,2025-03-13,8299.0,Web
C02276,2025-04-08,5346.0,Web
C02276,2025-05-02,3345.0,Web
C02276,2025-05-14,7440.0,Web
C02276,2025-06-04,13091.0,App
C02276,2025-06-20,13522.0,Web
C02276,2025-07-06,7044.0,Web
C02276,2025-07-13,6830.0,App
C02276,2025-08-05,4366.0,Web
C02276,2025-08-17,10913.0,App
C02276,2025-09-18,8726.0,Web
C02276,2025-09-22,7043.0,App
C02276,2025-10-03,3773.0,Web
C02276,2025-10-07,4004.0,Store
C02276,2025-11-03,7873.0,Web
C02276,2025-11-21,4385.0,Web
C02276,2025-11-25,9084.0,Web
C02276,2025-12-11,9241.0,Web
C02276,2025-12-23,4750.0,Web
C02276,2026-01-03,7653.0,Web
C02276,2026-01-17,5417.0,Web
C02276,2026-03-04,10461.0,Web
C02276,2026-04-20,23807.0,App
C02276,2026-05-06,7218.0,Store
C02276,2026-05-19,12621.0,Web
C02276,2026-05-23,10783.0,Web
C02276,2026-06-08,7323.0,App
C02276,2026-07-26,9065.0,App
C02277,2025-04-29,3851.0,Store
C02277,2025-05-17,1775.0,Web
C02277,2025-05-28,2751.0,App
C02278,2026-06-26,3590.0,App
C02278,2026-07-18,2737.0,Web
C02279,2025-03-14,2983.0,App
C02279,2025-04-22,2361.0,App
C02279,2025-05-24,1814.0,Store
C02279,2025-07-04,4304.0,Store
C02279,2025-08-26,3031.0,Web
C02280,2025-07-28,4728.0,Web
C02280,2025-08-22,3069.0,App
C02280,2025-08-29,3433.0,Web
C02281,2025-06-28,12505.0,Web
C02281,2025-07-01,10643.0,Web
C02281,2025-08-01,11964.0,App
C02281,2025-08-18,8718.0,Web
C02281,2025-08-31,5836.0,Web
C02281,2025-09-12,8668.0,Store
C02281,2025-09-27,12786.0,App
C02281,2025-10-11,8720.0,Web
C02281,2025-11-05,5281.0,Web
C02281,2025-11-26,7220.0,App
C02281,2026-01-07,9205.0,App
C02282,2025-07-04,4176.0,Store
C02282,2025-08-07,4559.0,Store
C02282,2025-08-29,2868.0,App
C02282,2025-12-05,6047.0,Web
C02282,2026-03-18,3514.0,Store
C02282,2026-04-13,3998.0,Web
C02282,2026-07-06,8233.0,Web
C02282,2026-07-24,3553.0,Web
C02282,2026-07-30,1868.0,Web
C02283,2026-06-18,3275.0,App
C02283,2026-07-14,4473.0,App
C02284,2025-07-08,3658.0,App
C02284,2025-11-02,2683.0,App
C02284,2026-03-16,3896.0,Web
C02285,2026-07-04,4252.0,Web
C02285,2026-07-31,2920.0,Web
C02286,2025-05-11,2653.0,Store
C02286,2025-06-20,4490.0,App
C02286,2025-07-12,2929.0,Web
C02286,2025-08-03,2346.0,App
C02286,2025-08-14,4677.0,Web
C02286,2025-09-13,4152.0,App
C02286,2025-09-24,3083.0,Store
C02286,2025-09-29,3933.0,App
C02286,2025-12-06,5371.0,Store
C02286,2025-12-28,4217.0,Web
C02286,2025-12-30,4881.0,App
C02286,2026-03-13,4312.0,Web
C02286,2026-03-28,9221.0,App
C02286,2026-04-26,7855.0,Web
C02286,2026-07-01,4835.0,App
C02287,2025-03-15,2363.0,Web
C02287,2025-06-04,1561.0,Web
C02287,2025-07-29,4321.0,App
C02287,2025-09-18,2724.0,App
C02287,2026-03-06,10092.0,App
C02287,2026-04-26,4829.0,App
C02288,2025-04-10,2504.0,App
C02288,2025-08-20,1793.0,Web
C02288,2025-10-02,3798.0,App
C02288,2025-12-19,5654.0,Web
C02288,2026-02-19,2113.0,Web
C02288,2026-04-06,3591.0,Web
C02289,2025-03-05,5239.0,Web
C02289,2025-03-29,1843.0,App
C02289,2025-04-29,7080.0,Web
C02289,2025-05-29,6084.0,Web
C02289,2025-06-07,5970.0,Store
C02289,2025-08-16,6134.0,Web
C02289,2025-09-08,3291.0,Web
C02289,2025-12-28,4283.0,Web
C02289,2026-02-09,9733.0,Store
C02289,2026-03-02,2747.0,Web
C02289,2026-04-24,2814.0,Web
C02289,2026-05-28,2673.0,Web
C02290,2026-06-30,3138.0,Web
C02290,2026-08-16,4643.0,App
C02291,2025-08-09,3248.0,Web
C02291,2025-10-11,5370.0,Web
C02291,2026-01-26,2906.0,App
C02291,2026-03-03,1982.0,App
C02292,2025-05-17,3186.0,Web
C02292,2025-07-05,2268.0,Web
C02292,2026-02-18,6833.0,Web
C02293,2025-04-26,2863.0,Web
C02293,2025-05-20,4358.0,App
C02293,2025-05-28,2789.0,Web
C02294,2026-07-19,3121.0,App
C02294,2026-08-15,2410.0,Web
C02295,2026-06-26,4092.0,App
C02295,2026-08-12,3548.0,Web
C02296,2025-04-12,5791.0,Web
C02296,2025-05-07,5792.0,Web
C02296,2025-06-15,5193.0,Web
C02296,2025-06-27,7743.0,App
C02296,2025-07-04,9693.0,App
C02296,2025-08-02,4131.0,Web
C02296,2025-09-09,6705.0,App
C02296,2025-09-26,5263.0,App
C02296,2025-10-05,10675.0,Web
C02296,2025-10-17,6338.0,Web
C02296,2025-11-04,11458.0,App
C02296,2025-11-14,6012.0,App
C02296,2025-11-20,8592.0,Web
C02296,2025-11-30,4764.0,App
C02296,2025-12-12,7435.0,App
C02296,2025-12-24,5264.0,Web
C02296,2025-12-26,13186.0,Web
C02296,2026-03-25,11247.0,Web
C02296,2026-04-04,8331.0,Web
C02296,2026-04-10,11053.0,App
C02296,2026-04-23,6484.0,App
C02296,2026-05-29,9567.0,App
C02296,2026-07-03,7512.0,Web
C02296,2026-08-03,9251.0,Web
C02297,2025-04-01,3748.0,Web
C02297,2025-04-14,1907.0,Web
C02297,2025-06-14,2970.0,Web
C02297,2025-09-22,5031.0,Web
C02297,2025-11-02,8763.0,Web
C02297,2025-12-31,3445.0,Web
C02297,2026-04-24,2170.0,Web
C02297,2026-07-07,2779.0,App
C02298,2025-05-07,4613.0,App
C02298,2025-05-15,5977.0,Web
C02298,2025-05-17,7501.0,App
C02298,2025-08-04,4981.0,Web
C02298,2025-08-18,13772.0,App
C02298,2025-09-10,8029.0,Web
C02298,2025-09-24,11593.0,Web
C02298,2025-10-06,7227.0,Web
C02298,2025-10-21,8870.0,Web
C02298,2025-11-14,4771.0,Web
C02298,2025-12-15,5308.0,Web
C02298,2026-01-26,5343.0,Web
C02298,2026-02-21,4223.0,App
C02298,2026-03-07,11012.0,Web
C02298,2026-05-04,7650.0,Web
C02298,2026-05-28,11132.0,App
C02298,2026-06-24,7382.0,Web
C02298,2026-08-05,11404.0,Store
C02298,2026-08-21,10733.0,Web
C02299,2025-03-27,9373.0,Web
C02299,2025-04-12,4655.0,Web
C02299,2025-04-16,11201.0,Web
C02299,2025-04-21,6584.0,App
C02299,2025-05-03,4804.0,Web
C02299,2025-06-10,6209.0,App
C02299,2025-06-29,4682.0,Web
C02299,2025-07-15,5837.0,Web
C02299,2025-09-10,6365.0,Web
C02299,2025-09-30,9014.0,App
C02299,2025-10-16,10000.0,Store
C02299,2025-10-29,10916.0,Web
C02299,2025-11-09,9908.0,Web
C02299,2025-11-12,3865.0,Web
C02299,2025-11-28,4538.0,App
C02299,2025-12-04,11050.0,Web
C02299,2025-12-13,6392.0,Web
C02299,2025-12-19,7168.0,Web
C02299,2026-02-11,9390.0,Web
C02299,2026-03-03,11821.0,Web
C02299,2026-04-11,8870.0,Web
C02299,2026-05-10,5569.0,Web
C02299,2026-05-24,4909.0,Web
C02299,2026-06-03,5173.0,Web
C02299,2026-06-16,11551.0,Store
C02299,2026-06-24,10169.0,Web
C02299,2026-06-26,7647.0,App
C02299,2026-06-30,4569.0,App
C02299,2026-07-25,10282.0,App
C02299,2026-07-29,8040.0,Web
C02299,2026-08-07,5754.0,Store
C02299,2026-08-20,7383.0,Web
C02300,2025-03-05,2649.0,App
C02300,2025-07-25,5870.0,App
C02300,2025-08-30,4707.0,Web
C02300,2025-10-10,3139.0,Web
C02300,2026-01-22,4713.0,Web
C02301,2025-07-24,1826.0,Web
C02301,2025-08-14,5459.0,App
C02301,2025-09-20,4102.0,Web
C02301,2025-11-29,6699.0,Store
C02301,2025-12-29,5953.0,Web
C02301,2026-03-25,3323.0,Web
C02301,2026-04-19,2259.0,App
C02301,2026-05-16,4259.0,App
C02301,2026-06-27,1911.0,Web
C02302,2025-03-27,2792.0,Web
C02302,2025-05-30,2282.0,Web
C02302,2025-08-16,1733.0,Web
C02302,2025-09-27,3610.0,Web
C02302,2025-11-10,3169.0,App
C02303,2025-03-07,1313.0,Web
C02303,2025-03-29,2416.0,Web
C02303,2025-04-13,1768.0,Web
C02304,2025-04-03,2750.0,App
C02304,2025-04-18,2188.0,App
C02304,2025-05-09,6312.0,Web
C02305,2025-03-13,8260.0,Web
C02305,2025-03-16,11756.0,Web
C02305,2025-03-19,4318.0,Web
C02305,2025-05-07,8047.0,Web
C02305,2025-05-14,8236.0,App
C02305,2025-05-29,8145.0,Web
C02305,2025-06-13,4896.0,Store
C02305,2025-06-17,8218.0,Store
C02305,2025-07-03,7820.0,Web
C02305,2025-09-23,5820.0,Store
C02305,2025-10-29,9269.0,Web
C02305,2025-11-03,11318.0,App
C02305,2025-11-07,5515.0,App
C02305,2025-12-05,8389.0,Web
C02305,2026-01-30,11438.0,App
C02306,2026-07-14,3364.0,App
C02306,2026-08-08,3016.0,App
C02307,2025-03-21,2706.0,App
C02307,2025-04-19,1484.0,App
C02307,2025-05-12,3268.0,Web
C02308,2025-06-16,9221.0,Web
C02308,2025-07-07,7446.0,Web
C02308,2025-07-25,12286.0,Web
C02308,2025-08-12,6647.0,Web
C02308,2025-08-30,7949.0,App
C02308,2025-09-13,8809.0,App
C02308,2025-09-24,3462.0,Web
C02308,2025-10-09,10407.0,App
C02308,2025-10-27,6743.0,App
C02309,2025-05-24,2738.0,Web
C02309,2025-06-14,1482.0,Web
C02309,2025-06-25,7216.0,Web
C02310,2025-10-06,1189.0,Web
C02311,2025-07-13,2464.0,App
C02311,2025-07-15,2813.0,App
C02311,2025-09-07,2146.0,App
C02311,2025-11-08,6236.0,Web
C02311,2025-12-15,5242.0,Web
C02312,2025-03-14,1628.0,Web
C02312,2025-03-22,2982.0,Web
C02312,2025-05-26,5654.0,Web
C02312,2025-06-27,2620.0,Web
C02312,2025-11-10,3117.0,Web
C02312,2025-12-01,3875.0,Web
C02312,2025-12-11,4021.0,Web
C02312,2026-03-06,6147.0,App
C02312,2026-05-04,5059.0,Web
C02312,2026-05-18,3543.0,Web
C02312,2026-05-23,2325.0,Web
C02312,2026-06-18,15678.0,Web
C02313,2025-07-13,4955.0,Web
C02313,2025-07-30,13448.0,Web
C02313,2025-08-02,11375.0,Web
C02313,2025-09-26,5633.0,Web
C02313,2025-10-29,8496.0,Web
C02313,2025-11-08,5557.0,Web
C02313,2025-12-03,10099.0,App
C02313,2025-12-19,8381.0,Web
C02313,2025-12-28,6083.0,App
C02314,2025-06-17,6424.0,Web
C02314,2025-07-17,5350.0,App
C02314,2025-09-07,4434.0,Web
C02314,2026-02-08,6161.0,App
C02314,2026-03-21,2921.0,App
C02314,2026-04-17,9487.0,Web
C02314,2026-05-01,14678.0,App
C02314,2026-07-30,3629.0,App
C02315,2025-05-29,9853.0,Web
C02315,2025-06-06,9583.0,Web
C02315,2025-07-20,6529.0,Web
C02315,2025-08-02,4720.0,App
C02315,2025-08-09,9327.0,Web
C02315,2025-08-25,4130.0,App
C02315,2025-09-03,6148.0,App
C02315,2025-09-19,5640.0,Web
C02315,2025-10-17,8621.0,Web
C02315,2025-11-09,7653.0,Web
C02315,2025-11-11,5635.0,Web
C02315,2025-11-27,6087.0,Web
C02316,2026-07-28,2486.0,Store
C02317,2025-03-29,3973.0,Web
C02317,2025-04-21,5268.0,App
C02317,2025-05-12,4581.0,App
C02317,2025-06-08,6373.0,Web
C02317,2025-06-19,3700.0,App
C02317,2025-07-16,4840.0,Web
C02317,2025-07-29,3711.0,Web
C02317,2025-08-02,14042.0,App
C02317,2025-09-29,3416.0,Web
C02317,2025-10-26,5775.0,Store
C02317,2025-12-06,14405.0,App
C02317,2026-01-26,7163.0,Web
C02317,2026-04-17,4576.0,Web
C02317,2026-05-14,4934.0,App
C02317,2026-06-17,3335.0,App
C02317,2026-08-05,9038.0,App
C02318,2025-05-12,1941.0,Web
C02318,2025-07-15,3273.0,App
C02318,2025-10-28,4116.0,Web
C02318,2026-03-01,4681.0,Web
C02319,2025-06-16,2308.0,Web
C02319,2025-07-27,1779.0,App
C02319,2025-09-12,3103.0,Web
C02320,2025-06-20,4206.0,App
C02320,2025-10-31,1579.0,App
C02320,2025-11-11,2397.0,App
C02320,2025-12-10,2982.0,Web
C02320,2026-04-21,4953.0,Store
C02320,2026-07-14,1949.0,App
C02321,2025-04-27,12160.0,App
C02321,2025-05-08,5407.0,Web
C02321,2025-05-17,7307.0,Web
C02321,2025-06-03,9986.0,Web
C02321,2025-06-06,7306.0,Web
C02321,2025-06-20,7674.0,Web
C02321,2025-06-29,8194.0,Web
C02321,2025-07-05,5840.0,Web
C02321,2025-07-17,5523.0,Web
C02321,2025-07-28,7057.0,App
C02321,2025-08-27,6508.0,Web
C02321,2025-09-11,5535.0,Store
C02321,2025-10-01,7198.0,App
C02321,2025-11-06,4764.0,Store
C02321,2025-11-15,9826.0,Web
C02321,2025-11-30,9249.0,Web
C02321,2025-12-22,9559.0,App
C02321,2026-01-08,5611.0,App
C02321,2026-01-22,5367.0,Web
C02321,2026-02-04,11949.0,App
C02321,2026-02-23,7027.0,Web
C02321,2026-03-03,9186.0,Store
C02321,2026-03-10,5027.0,Web
C02321,2026-04-19,6808.0,App
C02321,2026-04-22,11420.0,Web
C02321,2026-04-30,7885.0,Web
C02321,2026-05-24,6895.0,Web
C02321,2026-06-23,9174.0,Web
C02321,2026-06-28,8405.0,App
C02321,2026-07-30,15608.0,Web
C02322,2025-07-16,4480.0,App
C02322,2025-08-28,5671.0,Web
C02322,2025-11-14,7825.0,Web
C02322,2026-02-13,8787.0,Web
C02322,2026-02-18,6628.0,App
C02322,2026-03-23,2348.0,Web
C02322,2026-06-05,8268.0,Store
C02322,2026-08-07,5869.0,Web
C02322,2026-08-25,7159.0,Web
C02323,2025-03-19,8480.0,App
C02323,2025-04-26,5363.0,App
C02323,2025-05-09,9314.0,App
C02323,2025-07-04,7018.0,Web
C02323,2025-08-01,5432.0,Web
C02323,2025-08-15,4420.0,App
C02323,2025-08-23,5504.0,Web
C02323,2025-08-25,4962.0,App
C02323,2025-08-27,3808.0,Web
C02323,2025-09-12,9122.0,Web
C02324,2025-04-08,4337.0,Web
C02324,2025-05-14,4317.0,App
C02324,2025-05-31,3786.0,Web
C02324,2025-08-02,3884.0,App
C02324,2025-10-10,8090.0,App
C02324,2025-10-28,4803.0,Store
C02324,2025-11-12,12494.0,Web
C02324,2025-12-05,3923.0,Web
C02324,2025-12-26,8431.0,App
C02324,2026-02-14,9328.0,Web
C02324,2026-03-11,4465.0,Web
C02324,2026-04-18,5520.0,App
C02325,2026-06-29,2546.0,Web
C02325,2026-07-17,2396.0,Web
C02326,2025-07-02,5278.0,Web
C02326,2025-10-13,2211.0,Web
C02326,2026-01-28,6002.0,App
C02326,2026-03-10,4671.0,Web
C02327,2026-07-22,3586.0,Web
C02327,2026-08-03,2026.0,App
C02328,2025-07-11,4389.0,Web
C02328,2025-08-18,2175.0,Web
C02328,2025-10-09,4107.0,App
C02328,2025-10-18,7580.0,Web
C02328,2025-11-12,3942.0,App
C02328,2025-12-10,4186.0,Web
C02328,2026-02-24,5265.0,Web
C02328,2026-05-12,2944.0,Web
C02328,2026-05-24,5273.0,Web
C02328,2026-06-13,3315.0,Web
C02329,2025-08-12,3139.0,App
C02329,2025-08-30,1569.0,App
C02330,2025-06-13,1684.0,App
C02330,2025-06-18,4896.0,Store
C02330,2025-09-01,5971.0,App
C02331,2025-03-08,3164.0,Web
C02331,2025-04-05,1971.0,App
C02331,2025-05-13,4124.0,App
C02332,2025-03-12,18968.0,Web
C02332,2025-03-16,7892.0,Web
C02332,2025-03-24,7026.0,Web
C02332,2025-04-11,5520.0,App
C02332,2025-05-19,5366.0,Web
C02332,2025-05-30,5115.0,Web
C02332,2025-06-04,11853.0,App
C02332,2025-06-11,6150.0,Web
C02332,2025-08-14,15026.0,App
C02332,2025-09-18,5097.0,Store
C02332,2025-09-25,6715.0,App
C02332,2025-10-09,4526.0,Web
C02332,2025-10-29,8499.0,Web
C02333,2025-05-03,1269.0,Web
C02333,2025-09-23,2095.0,App
C02334,2025-05-14,4777.0,Web
C02334,2025-06-13,6797.0,Web
C02334,2025-07-08,4096.0,App
C02334,2025-07-26,2853.0,App
C02334,2025-09-09,6734.0,Web
C02334,2025-09-20,3964.0,Web
C02334,2025-10-28,9413.0,Web
C02334,2025-12-30,6910.0,Store
C02334,2026-02-02,5704.0,App
C02334,2026-05-02,5053.0,App
C02334,2026-05-13,7232.0,App
C02334,2026-06-07,5100.0,Web
C02334,2026-06-24,1936.0,App
C02335,2025-06-16,4162.0,Web
C02335,2025-07-04,7165.0,Web
C02335,2025-07-30,6801.0,Store
C02335,2025-08-07,10753.0,Store
C02335,2025-08-25,4972.0,Web
C02335,2025-10-03,5407.0,Web
C02335,2025-10-21,7737.0,Web
C02335,2025-11-05,5947.0,Web
C02336,2025-05-04,1663.0,Web
C02336,2025-05-15,2381.0,App
C02336,2025-05-27,3211.0,Web
C02337,2025-05-27,2327.0,Web
C02337,2025-09-25,3028.0,Web
C02337,2026-02-08,4897.0,App
C02337,2026-04-20,6564.0,Web
C02337,2026-05-14,5372.0,Store
C02337,2026-07-26,5140.0,Web
C02338,2025-05-15,9621.0,Web
C02338,2025-05-27,6869.0,Web
C02338,2025-06-13,9231.0,Web
C02338,2025-06-15,6636.0,Web
C02338,2025-06-21,2854.0,Store
C02338,2025-07-18,6978.0,App
C02338,2025-08-29,4969.0,Web
C02338,2025-09-10,6351.0,App
C02338,2025-09-15,8976.0,App
C02338,2025-10-09,13322.0,Web
C02338,2025-10-23,4309.0,Web
C02338,2025-11-08,6488.0,Store
C02338,2025-11-24,7097.0,Web
C02338,2025-12-05,7176.0,App
C02338,2025-12-13,7193.0,App
C02339,2025-08-06,4814.0,Web
C02339,2025-09-03,2577.0,Web
C02340,2025-04-12,4209.0,App
C02340,2025-05-12,4778.0,App
C02340,2025-05-29,5457.0,App
C02340,2025-06-01,5066.0,App
C02340,2025-06-09,7504.0,Store
C02340,2025-08-29,9784.0,App
C02340,2025-10-17,4644.0,Web
C02340,2025-11-07,3791.0,Store
C02340,2025-12-21,4262.0,App
C02340,2026-05-04,4209.0,App
C02340,2026-06-26,3643.0,App
C02341,2025-05-03,2889.0,App
C02341,2025-06-06,2520.0,Web
C02341,2025-07-27,5310.0,App
C02341,2025-08-18,4738.0,App
C02341,2025-09-18,4882.0,App
C02341,2025-09-25,9078.0,Store
C02341,2025-10-14,6662.0,App
C02341,2025-12-18,4288.0,App
C02341,2026-01-25,3438.0,Web
C02341,2026-02-19,5974.0,Web
C02341,2026-04-15,5553.0,App
C02341,2026-05-26,4235.0,App
C02342,2025-06-07,1670.0,Web
C02342,2025-07-14,4690.0,Web
C02342,2025-09-10,2865.0,App
C02342,2025-11-04,7313.0,Web
C02342,2025-12-17,5045.0,App
C02342,2025-12-25,8294.0,App
C02342,2026-02-11,3270.0,Web
C02342,2026-03-29,3156.0,Web
C02342,2026-05-22,4228.0,App
C02342,2026-06-07,3635.0,Store
C02342,2026-06-29,4448.0,Web
C02343,2025-03-14,4875.0,App
C02343,2025-04-24,8059.0,Web
C02343,2025-06-25,5183.0,Web
C02343,2025-09-05,1584.0,Web
C02343,2025-11-14,2355.0,Web
C02343,2026-01-16,5786.0,Web
C02343,2026-02-11,2648.0,Web
C02343,2026-03-24,2570.0,Store
C02344,2026-06-26,4546.0,App
C02344,2026-07-02,1550.0,Web
C02345,2025-08-16,2193.0,Store
C02345,2025-11-10,2906.0,Web
C02346,2025-04-05,11564.0,App
C02346,2025-05-01,2315.0,App
C02346,2025-05-17,3960.0,Web
C02346,2025-06-08,6321.0,App
C02346,2025-08-03,3866.0,Web
C02346,2025-08-26,4609.0,Web
C02346,2025-09-19,12979.0,Web
C02346,2025-10-28,4739.0,App
C02346,2025-11-16,8083.0,App
C02346,2026-01-01,5985.0,App
C02346,2026-02-28,6199.0,Web
C02346,2026-03-17,4263.0,Web
C02346,2026-06-10,2406.0,App
C02346,2026-06-18,7131.0,App
C02346,2026-06-29,5767.0,Web
C02346,2026-07-23,5718.0,Web
C02346,2026-08-03,4347.0,App
C02347,2025-04-24,2060.0,Web
C02347,2025-08-19,4517.0,Web
C02347,2026-02-19,3869.0,Web
C02347,2026-03-18,6921.0,Web
C02347,2026-03-31,3849.0,Web
C02347,2026-07-09,1424.0,App
C02347,2026-07-28,1587.0,App
C02348,2025-03-21,2764.0,App
C02348,2025-06-05,2866.0,Web
C02348,2025-11-21,10805.0,Web
C02349,2025-04-02,6326.0,Web
C02349,2025-04-21,4427.0,Web
C02349,2025-06-11,4416.0,Web
C02349,2025-08-12,4853.0,Web
C02349,2025-10-29,4346.0,App
C02349,2025-11-12,5024.0,Web
C02349,2026-01-24,6018.0,Store
C02349,2026-03-21,2834.0,App
C02349,2026-05-21,3920.0,App
C02349,2026-06-10,6295.0,Store
C02349,2026-06-17,3698.0,Web
C02349,2026-07-20,3729.0,Store
C02350,2025-04-15,8912.0,Store
C02350,2025-04-27,4821.0,Web
C02350,2025-05-20,9136.0,Web
C02350,2025-05-29,2524.0,Web
C02350,2025-06-17,3987.0,Store
C02350,2025-07-06,7665.0,Web
C02350,2025-07-19,7712.0,Web
C02350,2025-08-08,6888.0,Web
C02350,2025-08-18,9689.0,App
C02350,2025-09-08,10429.0,Web
C02350,2025-10-02,18247.0,Web
C02350,2025-10-17,7641.0,App
C02350,2025-11-12,10808.0,Web
C02350,2025-11-20,5630.0,Web
C02350,2025-12-06,6214.0,Store
C02350,2026-01-23,5646.0,Web
C02350,2026-02-07,7240.0,Store
C02350,2026-02-20,8136.0,App
C02350,2026-02-26,10836.0,Web
C02350,2026-03-06,8492.0,Web
C02350,2026-03-20,12014.0,Web
C02350,2026-04-19,12083.0,App
C02350,2026-05-14,7632.0,Web
C02350,2026-05-21,7255.0,Web
C02350,2026-06-09,4413.0,App
C02350,2026-06-24,6223.0,App
C02350,2026-07-10,5669.0,App
C02350,2026-08-03,5756.0,Web
C02351,2025-07-01,3316.0,Web
C02351,2025-07-15,6550.0,App
C02351,2025-09-03,9786.0,Web
C02351,2025-09-21,7585.0,App
C02351,2025-09-22,5290.0,App
C02351,2025-12-05,5129.0,Web
C02351,2026-01-07,5249.0,Web
C02351,2026-04-27,1850.0,Store
C02351,2026-06-21,4423.0,App
C02351,2026-07-24,4234.0,Web
C02352,2025-05-30,3489.0,Store
C02352,2025-11-24,2493.0,App
C02352,2026-01-03,2970.0,App
C02353,2026-07-25,3727.0,Web
C02353,2026-08-24,2931.0,App
C02354,2025-07-08,2441.0,Store
C02354,2025-07-29,3604.0,App
C02354,2025-08-11,3875.0,Web
C02355,2025-03-17,6354.0,Web
C02355,2025-04-09,8171.0,Web
C02355,2025-05-01,10111.0,Web
C02355,2025-05-20,5918.0,App
C02355,2025-06-03,9176.0,Web
C02355,2025-06-21,5316.0,Web
C02355,2025-07-05,6054.0,Web
C02355,2025-07-21,4781.0,App
C02355,2025-08-23,7461.0,App
C02355,2025-09-06,7264.0,App
C02355,2025-09-08,8105.0,Web
C02355,2025-11-08,7859.0,App
C02356,2025-09-15,2440.0,App
C02356,2025-10-17,2975.0,App
C02356,2026-03-12,4837.0,Web
C02356,2026-05-29,2778.0,App
C02357,2025-04-23,3171.0,Web
C02357,2025-06-09,2296.0,Web
C02357,2025-06-26,3800.0,Web
C02358,2025-05-28,1954.0,Web
C02358,2025-06-10,1988.0,Web
C02358,2025-09-15,3263.0,App
C02359,2025-09-08,6856.0,Web
C02359,2025-11-28,3660.0,Store
C02359,2026-01-21,882.0,App
C02359,2026-03-22,2634.0,Web
C02359,2026-06-02,2287.0,Web
C02359,2026-06-17,2555.0,App
C02360,2025-03-17,3548.0,App
C02360,2025-05-14,4217.0,Store
C02360,2025-08-11,2825.0,App
C02360,2025-08-16,3779.0,App
C02360,2025-10-01,5475.0,Web
C02360,2025-12-29,5419.0,Web
C02360,2026-01-24,6016.0,Web
C02360,2026-03-06,8314.0,App
C02360,2026-03-30,2729.0,App
C02360,2026-05-15,2187.0,Web
C02360,2026-07-21,4155.0,Web
C02361,2025-03-22,2867.0,Web
C02361,2025-05-23,2079.0,Web
C02361,2025-07-15,4323.0,Web
C02361,2025-09-18,3440.0,Web
C02361,2025-10-20,2717.0,Store
C02361,2025-11-07,4980.0,Store
C02361,2025-12-25,8661.0,Web
C02361,2026-04-04,2121.0,Web
C02361,2026-04-15,4112.0,Web
C02362,2025-05-23,6891.0,Web
C02362,2025-07-29,4524.0,Web
C02362,2025-08-30,3589.0,Web
C02362,2025-09-27,4144.0,Web
C02362,2025-10-23,4116.0,Web
C02362,2025-11-28,5506.0,Web
C02362,2026-01-19,3692.0,Store
C02362,2026-02-16,7240.0,App
C02362,2026-04-25,4144.0,Web
C02362,2026-06-05,8646.0,Web
C02362,2026-07-05,4664.0,Web
C02363,2025-03-19,2069.0,App
C02363,2025-04-02,2149.0,Web
C02363,2025-04-29,3680.0,Web
C02364,2025-06-02,1863.0,Web
C02364,2025-06-22,7142.0,Web
C02364,2025-12-20,2286.0,Web
C02364,2026-01-13,2452.0,Store
C02364,2026-07-19,5049.0,App
C02365,2025-07-10,2387.0,Web
C02365,2025-08-23,3212.0,Web
C02366,2025-07-21,2825.0,Web
C02366,2025-09-01,1609.0,Store
C02366,2025-09-15,1712.0,Web
C02367,2026-07-12,4740.0,App
C02367,2026-07-23,2819.0,App
C02368,2025-07-14,13275.0,App
C02368,2025-07-20,8233.0,Web
C02368,2025-08-03,8549.0,App
C02368,2025-08-20,5925.0,Store
C02368,2025-09-04,7001.0,Web
C02368,2025-10-23,6561.0,Web
C02368,2025-11-17,7828.0,Web
C02369,2025-07-10,10117.0,Web
C02369,2025-07-19,7546.0,Web
C02369,2025-08-21,12101.0,App
C02369,2025-09-08,5732.0,Web
C02369,2025-10-07,7346.0,Web
C02369,2025-11-09,5216.0,Web
C02369,2025-12-03,4177.0,Web
C02370,2025-05-13,1945.0,Web
C02370,2025-06-16,1849.0,Web
C02370,2025-08-09,3612.0,Store
C02371,2025-05-25,1242.0,Web
C02371,2025-08-02,2279.0,App
C02371,2025-09-04,2470.0,Web
C02372,2026-06-10,2510.0,App
C02372,2026-06-15,10416.0,App
C02373,2026-06-19,3489.0,App
C02373,2026-07-14,5623.0,Web
C02374,2026-07-23,3273.0,Web
C02374,2026-07-29,2996.0,Web
C02375,2025-05-03,6394.0,Web
C02375,2025-05-09,7672.0,App
C02375,2025-05-12,4715.0,App
C02375,2025-07-19,6562.0,App
C02375,2025-10-15,6899.0,Web
C02375,2025-12-21,8263.0,Web
C02375,2026-01-24,4040.0,Store
C02375,2026-02-16,5728.0,Web
C02376,2025-06-25,5116.0,Web
C02376,2025-09-11,4142.0,Web
C02376,2025-11-02,7228.0,Web
C02376,2026-01-27,7590.0,Web
C02376,2026-03-05,7007.0,App
C02376,2026-05-18,6210.0,App
C02376,2026-07-01,5091.0,App
C02377,2025-05-20,1301.0,Web
C02377,2025-07-03,3022.0,App
C02377,2025-07-16,4232.0,Web
C02377,2025-07-26,5426.0,Web
C02377,2025-08-27,4156.0,Web
C02377,2026-01-12,8093.0,Web
C02377,2026-03-01,2279.0,App
C02377,2026-06-03,2279.0,Web
C02378,2025-03-24,3074.0,Web
C02378,2025-07-07,3349.0,App
C02378,2025-07-20,1588.0,Web
C02379,2025-06-09,4062.0,App
C02379,2025-07-12,4246.0,Web
C02379,2025-10-16,3163.0,Web
C02379,2025-12-18,2636.0,Web
C02379,2025-12-29,3980.0,Web
C02379,2026-03-19,3252.0,Web
C02379,2026-04-20,4495.0,Web
C02379,2026-05-19,3012.0,Web
C02380,2025-03-30,3120.0,Web
C02380,2025-04-06,1929.0,Web
C02380,2025-04-12,2036.0,Web
C02381,2025-06-27,2410.0,Store
C02381,2025-08-03,5647.0,App
C02381,2025-09-22,5378.0,Web
C02381,2025-12-19,1727.0,Web
C02382,2026-06-10,3341.0,App
C02382,2026-06-22,3121.0,Web
C02383,2025-06-25,4211.0,Web
C02383,2025-08-08,3748.0,Web
C02383,2025-09-17,7517.0,Web
C02383,2025-10-17,3363.0,Web
C02383,2025-11-15,2429.0,App
C02383,2026-01-11,3820.0,App
C02383,2026-03-04,3550.0,Web
C02383,2026-03-24,5008.0,App
C02383,2026-06-07,7708.0,Web
C02384,2025-04-14,5392.0,Web
C02384,2025-05-08,7686.0,Web
C02384,2025-05-22,7341.0,App
C02384,2025-06-15,3019.0,App
C02384,2025-07-05,4575.0,Web
C02384,2025-07-13,10980.0,App
C02384,2025-08-02,5832.0,Web
C02384,2025-08-29,9225.0,App
C02384,2025-09-04,11707.0,Web
C02384,2025-09-15,3642.0,App
C02384,2025-09-28,13215.0,App
C02384,2025-10-16,7082.0,App
C02384,2025-11-30,8613.0,Store
C02384,2025-12-08,14822.0,Web
C02384,2025-12-21,10542.0,Store
C02384,2025-12-29,7069.0,Web
C02384,2026-01-01,6241.0,Store
C02384,2026-01-24,6429.0,App
C02384,2026-03-09,6173.0,App
C02384,2026-04-02,11704.0,App
C02384,2026-04-09,9089.0,Store
C02384,2026-04-16,8097.0,Web
C02384,2026-04-28,6969.0,Web
C02384,2026-05-07,9709.0,App
C02384,2026-05-15,3891.0,Web
C02384,2026-06-12,14441.0,Web
C02384,2026-07-11,6851.0,Web
C02384,2026-07-22,5392.0,Web
C02384,2026-08-20,11240.0,App
C02385,2025-03-09,6329.0,Web
C02385,2025-03-26,8459.0,App
C02385,2025-03-28,6941.0,Web
C02385,2025-04-07,6457.0,App
C02385,2025-04-12,6809.0,Web
C02385,2025-05-03,7994.0,Web
C02385,2025-05-29,8302.0,Web
C02385,2025-06-12,6286.0,Web
C02385,2025-06-24,8068.0,Store
C02385,2025-07-22,8601.0,Web
C02385,2025-07-31,9146.0,Web
C02385,2025-08-27,8907.0,App
C02385,2025-09-15,11871.0,Web
C02385,2025-09-29,9567.0,App
C02385,2025-11-06,15175.0,App
C02385,2025-12-04,10797.0,App
C02385,2025-12-08,10677.0,Web
C02385,2025-12-19,4899.0,App
C02385,2025-12-25,9805.0,Web
C02385,2026-01-06,10136.0,Web
C02385,2026-02-06,7409.0,Web
C02385,2026-03-03,3675.0,App
C02385,2026-03-08,3330.0,App
C02385,2026-03-17,6823.0,App
C02385,2026-03-28,6233.0,Web
C02385,2026-04-16,4465.0,Web
C02385,2026-05-06,8617.0,Web
C02385,2026-05-09,5061.0,Web
C02385,2026-06-11,4200.0,Web
C02385,2026-06-23,15493.0,Web
C02385,2026-07-22,8978.0,Web
C02385,2026-07-27,6483.0,App
C02385,2026-07-30,4590.0,App
C02386,2025-08-22,4367.0,App
C02386,2025-09-10,2996.0,Web
C02386,2025-11-27,2698.0,Web
C02386,2025-12-31,2224.0,Web
C02386,2026-05-05,6045.0,App
C02387,2025-04-30,4216.0,App
C02387,2025-05-30,1777.0,Web
C02387,2025-07-11,3314.0,Web
C02387,2025-09-03,3867.0,Web
C02387,2026-01-29,4255.0,App
C02387,2026-02-15,1776.0,App
C02388,2025-03-01,9782.0,Store
C02388,2025-03-12,6702.0,Web
C02388,2025-03-23,4870.0,App
C02388,2025-03-30,5003.0,App
C02388,2025-05-01,4307.0,Store
C02388,2025-05-05,9533.0,Web
C02388,2025-06-02,5407.0,App
C02388,2025-06-26,8025.0,App
C02388,2025-06-29,3939.0,Web
C02388,2025-07-18,11560.0,App
C02388,2025-07-23,7376.0,App
C02388,2025-08-06,4277.0,App
C02388,2025-08-20,5993.0,App
C02388,2025-08-29,7894.0,App
C02388,2025-09-11,5432.0,App
C02388,2025-10-17,8408.0,App
C02388,2025-10-21,11581.0,App
C02388,2025-11-03,10194.0,Web
C02388,2025-11-07,7338.0,Web
C02388,2025-12-30,12202.0,Web
C02388,2026-01-08,7923.0,App
C02388,2026-01-16,7078.0,Web
C02388,2026-03-15,7144.0,Web
C02388,2026-04-05,7628.0,Web
C02388,2026-05-04,8613.0,App
C02388,2026-05-06,5408.0,App
C02388,2026-06-02,10995.0,Web
C02388,2026-06-12,11645.0,App
C02388,2026-07-06,17562.0,App
C02388,2026-07-31,4056.0,Web
C02388,2026-08-03,7486.0,Web
C02389,2025-04-02,4774.0,Web
C02389,2025-05-23,1902.0,Web
C02389,2025-11-06,2279.0,Web
C02389,2026-01-18,3606.0,Web
C02389,2026-03-13,6015.0,Store
C02390,2025-06-14,3498.0,Web
C02390,2025-07-28,6383.0,App
C02390,2025-10-18,4777.0,App
C02390,2025-11-16,5554.0,Web
C02390,2026-02-09,3904.0,Web
C02390,2026-06-26,5973.0,Web
C02390,2026-07-17,3497.0,App
C02390,2026-08-18,3193.0,Web
C02391,2025-03-12,2298.0,Web
C02391,2025-05-05,2402.0,Web
C02391,2025-06-25,2309.0,Web
C02392,2025-06-02,1648.0,Web
C02392,2025-08-11,6316.0,App
C02392,2025-10-18,6610.0,Web
C02392,2025-12-18,2947.0,Web
C02392,2026-04-01,2157.0,Store
C02392,2026-06-09,8222.0,App
C02392,2026-06-30,2183.0,App
C02393,2025-06-28,10014.0,App
C02393,2025-07-12,13222.0,App
C02393,2025-07-28,5130.0,Store
C02393,2025-09-12,9081.0,App
C02393,2025-09-25,7615.0,Web
C02393,2025-11-10,5918.0,Web
C02393,2025-12-02,5042.0,Web
C02393,2026-01-11,7642.0,App
C02394,2025-05-31,9855.0,Web
C02394,2025-06-26,9767.0,Web
C02394,2025-07-02,6418.0,Web
C02394,2025-07-22,7205.0,Web
C02394,2025-09-07,5586.0,Web
C02394,2025-09-20,8073.0,Web
C02394,2025-10-09,5684.0,Web
C02394,2025-11-11,8870.0,Web
C02394,2025-11-23,11450.0,Web
C02394,2025-12-21,7523.0,Store
C02394,2026-01-13,6226.0,Web
C02394,2026-01-29,8945.0,App
C02394,2026-02-17,10799.0,App
C02394,2026-02-24,5792.0,Web
C02394,2026-04-20,7835.0,Web
C02394,2026-05-03,8398.0,Web
C02394,2026-05-22,6827.0,Web
C02394,2026-05-27,9004.0,Web
C02394,2026-06-19,4242.0,App
C02394,2026-07-04,8487.0,Web
C02394,2026-07-22,14097.0,App
C02394,2026-08-02,9155.0,Web
C02395,2025-06-15,3912.0,Web
C02395,2025-07-09,1780.0,Web
C02395,2025-07-29,1885.0,Web
C02396,2025-06-14,10331.0,Store
C02396,2025-08-23,4490.0,App
C02396,2025-10-30,2358.0,Web
C02397,2026-07-30,2869.0,App
C02398,2025-05-17,5798.0,App
C02398,2025-06-11,6507.0,Web
C02398,2025-07-06,3787.0,Web
C02398,2025-07-10,4255.0,Web
C02398,2025-08-06,7104.0,Web
C02398,2025-11-22,7290.0,Web
C02398,2025-12-11,3390.0,Web
C02398,2026-02-10,11563.0,Web
C02398,2026-03-28,2687.0,Web
C02398,2026-04-22,1850.0,Store
C02398,2026-05-09,9193.0,App
C02398,2026-05-22,6178.0,Store
C02398,2026-06-08,4971.0,App
C02398,2026-06-19,6382.0,Web
C02398,2026-06-26,3518.0,App
C02398,2026-07-12,2303.0,Web
C02399,2025-03-26,4748.0,Web
C02399,2025-04-04,7173.0,App
C02399,2025-04-17,7891.0,Store
C02399,2025-05-03,3868.0,App
C02399,2025-06-10,3750.0,App
C02399,2025-07-13,8404.0,Web
C02399,2025-09-01,4433.0,Web
C02399,2025-10-09,1390.0,Web
C02399,2025-12-11,5504.0,App
C02399,2025-12-30,3350.0,App
C02399,2026-02-02,4119.0,Web
C02399,2026-03-31,5852.0,App
C02399,2026-06-21,2203.0,App
C02400,2025-08-09,2731.0,App
C02400,2025-10-11,3095.0,Web
C02401,2025-06-11,2818.0,App
C02401,2025-07-19,3163.0,Web
C02401,2025-08-15,2088.0,Web
C02402,2025-04-23,2280.0,App
C02402,2025-06-11,3927.0,Web
C02402,2025-07-03,5381.0,App
C02402,2025-08-23,7183.0,Store
C02402,2025-10-03,3741.0,Store
C02402,2025-11-21,3155.0,Web
C02402,2026-03-15,2050.0,App
C02402,2026-07-03,1414.0,Web
C02403,2025-07-14,2100.0,Web
C02403,2025-08-17,3847.0,Web
C02403,2025-11-15,5861.0,App
C02403,2026-03-26,2380.0,Store
C02404,2025-05-26,4475.0,Web
C02404,2025-07-15,4660.0,App
C02404,2025-08-17,2205.0,Web
C02404,2025-10-12,3223.0,Web
C02404,2026-01-14,3092.0,App
C02404,2026-02-19,2202.0,Web
C02404,2026-04-12,2398.0,App
C02404,2026-04-25,2947.0,Web
C02404,2026-05-04,2563.0,App
C02405,2025-03-09,2460.0,Web
C02405,2025-05-17,2235.0,App
C02405,2025-08-25,6715.0,Web
C02405,2025-09-27,2911.0,App
C02406,2026-07-19,2483.0,App
C02406,2026-07-24,2734.0,App
C02407,2025-04-14,3108.0,App
C02407,2025-04-28,2494.0,Web
C02407,2025-05-31,2519.0,App
C02408,2026-06-17,4029.0,App
C02408,2026-06-20,2519.0,Web
C02409,2026-08-01,5547.0,Web
C02409,2026-08-03,4569.0,App
C02410,2025-05-28,3017.0,Web
C02410,2025-06-30,11669.0,Web
C02410,2025-10-26,5403.0,Store
C02410,2026-01-04,4476.0,App
C02410,2026-01-07,3074.0,Web
C02411,2025-07-23,2409.0,App
C02412,2025-03-23,1358.0,Web
C02412,2025-05-25,1809.0,Web
C02412,2025-10-19,3627.0,Store
C02412,2025-11-28,5276.0,App
C02413,2025-05-08,7656.0,Web
C02413,2025-05-30,6445.0,App
C02413,2025-07-15,8007.0,App
C02413,2025-07-23,5423.0,App
C02413,2025-08-09,4768.0,App
C02413,2025-08-15,5925.0,App
C02413,2025-09-28,5116.0,Web
C02413,2025-10-08,6571.0,App
C02413,2025-10-15,9274.0,App
C02413,2025-11-22,4417.0,Web
C02413,2026-01-08,6103.0,App
C02413,2026-01-24,15079.0,Web
C02414,2025-07-06,3526.0,Web
C02414,2025-08-03,4318.0,Store
C02414,2025-08-05,3042.0,Web
C02415,2025-07-28,2184.0,Store
C02415,2025-09-06,2263.0,App
C02415,2025-10-11,3865.0,Web
C02416,2025-07-13,4557.0,Web
C02416,2025-07-23,3201.0,App
C02416,2025-08-06,2992.0,Store
C02416,2025-08-18,2322.0,Web
C02416,2025-09-25,3949.0,App
C02416,2025-11-04,4137.0,App
C02416,2025-11-06,6959.0,Store
C02416,2025-11-23,4054.0,Store
C02416,2026-01-02,3804.0,Web
C02416,2026-02-08,4911.0,App
C02416,2026-02-27,4272.0,Web
C02416,2026-03-31,6527.0,Web
C02417,2026-07-23,6057.0,Web
C02417,2026-07-30,5695.0,App
C02418,2025-04-13,2265.0,Web
C02418,2025-07-02,2606.0,Web
C02418,2025-08-09,3034.0,Web
C02419,2025-08-05,2391.0,Web
C02419,2025-08-28,2708.0,App
C02419,2025-10-04,2312.0,Web
C02419,2025-11-01,5240.0,Web
C02419,2026-03-21,4895.0,Web
C02419,2026-05-17,4858.0,App
C02419,2026-06-01,4837.0,Web
C02420,2025-06-05,4622.0,Web
C02420,2025-07-18,1730.0,App
C02420,2025-09-28,4915.0,App
C02420,2025-10-30,4086.0,Web
C02420,2025-12-21,2591.0,Web
C02420,2026-02-01,5069.0,Store
C02420,2026-03-26,3638.0,App
C02421,2025-06-09,5152.0,Web
C02421,2025-06-28,11433.0,App
C02421,2025-08-11,4163.0,App
C02421,2026-01-17,8592.0,Web
C02421,2026-02-11,4086.0,App
C02421,2026-03-28,4026.0,App
C02421,2026-04-06,2357.0,App
C02421,2026-05-18,7311.0,Web
C02421,2026-05-31,4877.0,App
C02421,2026-07-01,4607.0,Web
C02422,2025-05-01,5054.0,App
C02422,2025-08-30,3709.0,Web
C02422,2025-11-02,5400.0,Web
C02422,2025-12-21,7071.0,App
C02422,2026-01-23,3025.0,App
C02422,2026-03-10,4457.0,App
C02422,2026-06-11,4687.0,App
C02423,2025-03-04,4200.0,Web
C02423,2025-05-08,3150.0,Web
C02423,2025-05-26,3238.0,App
C02423,2025-07-10,5279.0,App
C02423,2025-09-13,3308.0,App
C02423,2025-10-24,6427.0,App
C02423,2026-01-30,3135.0,Web
C02423,2026-02-13,1606.0,Web
C02423,2026-03-29,2122.0,App
C02424,2025-07-10,3374.0,Store
C02424,2025-08-04,3365.0,App
C02424,2025-10-18,3276.0,Web
C02424,2025-11-06,4064.0,Web
C02424,2025-11-29,2940.0,Web
C02424,2026-01-08,7847.0,Web
C02424,2026-04-02,6295.0,Web
C02424,2026-05-29,13674.0,App
C02424,2026-07-06,3732.0,Web
C02424,2026-08-07,6512.0,Web
C02424,2026-08-13,2841.0,Web
C02425,2025-06-02,1994.0,App
C02425,2025-09-11,3779.0,App
C02425,2025-09-18,2583.0,Web
C02425,2025-11-28,3403.0,Web
C02425,2026-03-03,3748.0,App
C02425,2026-03-22,2628.0,Web
C02425,2026-06-12,5439.0,Web
C02425,2026-07-01,9436.0,Web
C02425,2026-07-28,1957.0,App
C02425,2026-08-23,4800.0,App
C02426,2025-06-25,2589.0,Web
C02426,2025-10-16,4401.0,Web
C02426,2026-01-04,8932.0,Web
C02426,2026-02-05,7323.0,Web
C02426,2026-02-16,2081.0,App
C02427,2025-04-21,3382.0,App
C02427,2025-05-05,2807.0,App
C02427,2025-06-22,4922.0,Store
C02427,2025-10-01,7784.0,Web
C02427,2026-01-12,8705.0,App
C02427,2026-02-16,2751.0,Web
C02427,2026-03-28,6708.0,Store
C02427,2026-06-04,6350.0,App
C02427,2026-07-10,8032.0,Web
C02428,2025-07-16,1319.0,App
C02428,2025-08-21,2689.0,Store
C02428,2025-09-10,3047.0,Web
C02429,2025-03-31,3217.0,App
C02429,2025-04-29,2461.0,Web
C02429,2025-05-19,1662.0,App
C02430,2025-05-07,3323.0,Web
C02430,2025-09-08,3463.0,Web
C02430,2025-11-09,2480.0,App
C02430,2025-11-13,4897.0,Web
C02430,2025-12-27,2672.0,Web
C02430,2026-01-30,2457.0,App
C02430,2026-03-02,5200.0,Web
C02431,2025-08-14,3046.0,App
C02431,2025-10-01,3472.0,Web
C02431,2025-11-20,3052.0,App
C02431,2026-02-10,6173.0,Web
C02432,2025-08-10,3274.0,App
C02432,2026-01-22,3293.0,Web
C02432,2026-06-02,3585.0,App
C02433,2025-06-04,2095.0,Web
C02433,2025-06-12,3952.0,Web
C02433,2025-07-05,3253.0,Web
C02434,2026-07-17,3135.0,App
C02434,2026-08-05,4896.0,App
C02435,2025-03-17,1889.0,App
C02435,2025-03-25,4586.0,Store
C02435,2025-04-28,5445.0,App
C02436,2025-06-26,2586.0,Web
C02436,2025-08-25,3466.0,Web
C02436,2025-10-26,2232.0,App
C02436,2025-11-10,3913.0,Web
C02436,2026-05-23,3223.0,Web
C02437,2025-06-26,1603.0,App
C02437,2025-07-26,2222.0,Web
C02437,2025-09-11,2416.0,Web
C02438,2025-06-27,1796.0,Web
C02438,2025-07-28,1147.0,Web
C02438,2025-08-14,2519.0,App
C02439,2025-07-04,9555.0,App
C02439,2025-07-29,8973.0,App
C02439,2025-08-10,9328.0,Web
C02439,2025-08-28,9608.0,App
C02439,2025-09-09,5787.0,Web
C02439,2025-09-13,6158.0,Store
C02439,2025-10-13,8918.0,Store
C02439,2025-10-16,10320.0,App
C02439,2025-11-04,6649.0,Web
C02439,2025-11-18,5805.0,Store
C02439,2025-12-12,5738.0,Web
C02439,2025-12-22,5234.0,Web
C02439,2025-12-24,8241.0,Store
C02439,2025-12-30,10395.0,App
C02439,2026-01-02,8284.0,Web
C02439,2026-01-04,6947.0,Web
C02440,2025-08-21,2235.0,Web
C02440,2025-09-12,2518.0,App
C02440,2025-11-12,1918.0,Web
C02440,2026-01-20,681.0,Store
C02441,2025-06-08,5398.0,App
C02441,2025-07-03,1835.0,Store
C02441,2025-11-09,4691.0,Store
C02441,2025-12-22,2365.0,Web
C02442,2025-04-24,4415.0,Web
C02442,2025-05-28,3850.0,Web
C02442,2025-07-17,7690.0,Store
C02442,2025-08-15,6433.0,App
C02442,2025-09-05,8903.0,Web
C02442,2025-10-16,2299.0,App
C02442,2025-12-11,4112.0,Web
C02442,2025-12-31,3847.0,Web
C02442,2026-01-12,5665.0,Web
C02442,2026-03-14,3158.0,Web
C02442,2026-03-15,3341.0,Web
C02442,2026-03-28,4692.0,Store
C02442,2026-04-10,2180.0,Web
C02442,2026-04-29,2064.0,App
C02442,2026-06-27,4408.0,Store
C02443,2026-06-10,2878.0,Store
C02443,2026-07-10,3165.0,Web
C02444,2025-05-20,2911.0,App
C02444,2025-06-15,1863.0,Web
C02444,2025-07-02,1779.0,Web
C02445,2025-05-14,3079.0,Web
C02445,2025-07-18,3988.0,App
C02445,2025-08-02,2962.0,Web
C02446,2025-07-25,2730.0,Web
C02446,2025-09-23,3973.0,App
C02446,2025-10-01,4599.0,Web
C02447,2025-06-09,5503.0,Web
C02447,2025-07-01,7588.0,App
C02447,2025-07-24,4300.0,Web
C02447,2025-08-09,5558.0,Web
C02447,2025-10-04,4215.0,App
C02447,2025-10-10,8105.0,Web
C02447,2025-11-06,10411.0,App
C02447,2025-11-16,6474.0,App
C02447,2025-11-26,11672.0,Web
C02447,2025-12-04,5588.0,Web
C02447,2025-12-13,6391.0,Web
C02447,2025-12-17,10292.0,Web
C02447,2026-01-04,9668.0,App
C02447,2026-01-28,8828.0,App
C02447,2026-02-13,11097.0,Web
C02447,2026-02-14,7390.0,Web
C02447,2026-03-18,8366.0,Web
C02447,2026-03-25,5929.0,Web
C02447,2026-04-07,14766.0,Web
C02447,2026-04-18,6428.0,Web
C02447,2026-05-06,6984.0,App
C02447,2026-05-31,8097.0,Web
C02447,2026-06-08,9504.0,Web
C02447,2026-06-24,9470.0,Web
C02447,2026-07-12,2915.0,Web
C02448,2025-03-28,11499.0,App
C02448,2025-03-31,3814.0,Web
C02448,2025-04-15,6924.0,Web
C02448,2025-05-18,11673.0,Store
C02448,2025-05-29,7234.0,Store
C02448,2025-06-18,5059.0,App
C02448,2025-06-29,6540.0,App
C02448,2025-07-06,13112.0,App
C02448,2025-08-17,10632.0,Web
C02448,2025-08-25,5885.0,Web
C02448,2025-09-04,12072.0,App
C02448,2025-09-18,8817.0,App
C02448,2025-10-03,2897.0,Web
C02448,2025-10-19,6797.0,App
C02448,2025-11-28,13363.0,Web
C02448,2025-12-19,6678.0,App
C02448,2025-12-31,12012.0,Web
C02448,2026-01-16,4270.0,Web
C02448,2026-02-12,4462.0,Store
C02448,2026-02-14,10486.0,Store
C02449,2025-07-11,2441.0,App
C02449,2025-08-27,3360.0,Web
C02450,2025-03-18,2865.0,App
C02450,2025-05-16,3124.0,Web
C02450,2025-06-06,2157.0,App
C02451,2025-03-22,2878.0,Store
C02451,2025-03-28,3681.0,Web
C02451,2025-05-13,2698.0,Web
C02452,2025-03-17,2856.0,Web
C02452,2025-05-27,1897.0,Store
C02452,2025-09-16,4516.0,App
C02452,2025-12-13,2522.0,App
C02452,2026-01-13,2587.0,Web
C02452,2026-02-24,5149.0,App
C02453,2025-06-14,1928.0,App
C02453,2025-07-16,2019.0,App
C02453,2025-08-18,5660.0,Web
C02454,2025-08-15,5997.0,Web
C02454,2025-08-24,1702.0,App
C02454,2025-08-27,3172.0,Web
C02454,2025-09-21,2345.0,App
C02454,2025-10-17,3272.0,Web
C02454,2025-12-10,1466.0,App
C02454,2026-01-15,4638.0,App
C02454,2026-02-26,5861.0,Web
C02454,2026-07-04,5061.0,App
C02455,2025-03-13,2229.0,Store
C02455,2025-04-27,3967.0,App
C02455,2025-05-17,4288.0,Web
C02456,2025-03-21,3518.0,Web
C02456,2025-04-16,1527.0,App
C02456,2025-06-11,1770.0,Web
C02457,2025-06-11,1673.0,Store
C02457,2025-07-13,1283.0,Web
C02457,2025-08-01,1861.0,Web
C02458,2025-05-26,2658.0,Web
C02458,2025-07-08,4703.0,App
C02458,2025-07-12,3677.0,Web
C02458,2025-09-08,5510.0,Web
C02458,2025-10-23,5415.0,Web
C02458,2025-12-24,3566.0,Web
C02458,2026-01-02,2735.0,Store
C02458,2026-04-20,3843.0,Web
C02459,2026-07-17,3887.0,App
C02460,2025-05-04,4260.0,Web
C02460,2025-05-16,2528.0,Web
C02460,2025-06-07,2485.0,Store
C02461,2025-07-12,3970.0,App
C02461,2025-09-24,1604.0,Web
C02461,2025-10-06,5822.0,Web
C02461,2025-10-12,2625.0,Web
C02461,2025-12-28,2847.0,App
C02461,2026-01-02,1771.0,Web
C02461,2026-03-12,3381.0,App
C02461,2026-05-12,1313.0,App
C02461,2026-06-20,1905.0,Store
C02462,2025-08-07,1023.0,Store
C02462,2025-08-27,2435.0,Web
C02462,2025-09-30,2748.0,Store
C02463,2025-07-11,4191.0,Web
C02463,2025-08-24,2465.0,Store
C02463,2025-11-20,4291.0,App
C02463,2026-01-28,8662.0,App
C02463,2026-02-05,4686.0,App
C02463,2026-05-06,3994.0,Store
C02463,2026-05-31,6225.0,App
C02463,2026-07-02,7657.0,Web
C02463,2026-07-09,8017.0,App
C02464,2025-08-02,3755.0,Web
C02464,2025-09-09,4368.0,Web
C02464,2025-10-05,2919.0,Web
C02465,2026-06-14,3420.0,Web
C02465,2026-07-14,1841.0,App
C02466,2025-08-22,2418.0,Store
C02466,2025-10-02,2957.0,App
C02466,2025-12-21,5894.0,App
C02466,2026-05-25,4404.0,App
C02466,2026-06-23,2427.0,App
C02467,2025-09-17,2506.0,App
C02467,2025-10-28,1282.0,Web
C02467,2026-01-26,4604.0,App
C02467,2026-02-25,828.0,Web
C02468,2025-06-25,2141.0,App
C02468,2025-07-09,2886.0,Web
C02468,2025-09-02,3840.0,App
C02469,2025-04-15,5054.0,Web
C02469,2025-05-22,2133.0,Store
C02469,2025-06-29,1867.0,Web
C02470,2026-07-14,3074.0,Web
C02471,2025-04-13,4138.0,Web
C02471,2025-06-05,6014.0,App
C02471,2025-06-13,7111.0,App
C02471,2025-06-25,7446.0,Store
C02471,2025-07-28,7940.0,App
C02471,2025-08-24,5382.0,Web
C02471,2025-09-08,4792.0,Web
C02471,2025-09-30,5965.0,App
C02471,2025-10-15,7521.0,App
C02471,2025-10-30,6347.0,App
C02471,2025-11-10,4753.0,App
C02471,2025-12-09,15255.0,Web
C02472,2025-10-04,2739.0,App
C02472,2026-01-03,2395.0,Web
C02472,2026-03-24,3443.0,Store
C02472,2026-06-08,2646.0,Web
C02473,2025-04-13,3695.0,Web
C02473,2025-10-18,3191.0,App
C02473,2025-10-28,4444.0,Web
C02473,2026-01-11,3095.0,App
C02474,2025-08-05,3596.0,Web
C02475,2025-03-21,6209.0,App
C02475,2025-04-03,5791.0,Store
C02475,2025-04-25,9421.0,Web
C02475,2025-05-18,9810.0,Web
C02475,2025-06-22,6531.0,App
C02475,2025-07-14,4965.0,Web
C02475,2025-08-14,3287.0,Web
C02475,2025-08-18,8506.0,Web
C02475,2025-09-16,8256.0,App
C02475,2025-10-15,3333.0,Web
C02475,2025-11-24,8305.0,Web
C02475,2025-11-27,9394.0,Web
C02475,2026-01-14,2642.0,Web
C02476,2025-03-01,6137.0,App
C02476,2025-03-28,3408.0,App
C02476,2025-07-11,3965.0,Store
C02476,2025-08-10,5986.0,Web
C02476,2025-10-14,6180.0,App
C02476,2025-11-21,1987.0,Store
C02476,2026-01-26,5818.0,Web
C02476,2026-01-30,3292.0,Web
C02476,2026-03-03,5069.0,Web
C02476,2026-05-07,2382.0,App
C02477,2025-06-06,5395.0,Store
C02477,2025-09-10,3977.0,Web
C02477,2025-11-13,4073.0,Web
C02477,2025-12-04,2492.0,App
C02477,2026-01-01,7764.0,Store
C02477,2026-01-26,2412.0,App
C02477,2026-03-18,6588.0,Web
C02477,2026-04-04,3942.0,Web
C02477,2026-07-19,3206.0,Web
C02478,2025-03-26,4306.0,Store
C02478,2025-05-08,7512.0,Web
C02478,2025-07-22,4767.0,App
C02478,2025-08-30,3952.0,Web
C02478,2025-10-30,6244.0,Web
C02478,2025-12-01,3814.0,App
C02478,2025-12-09,5587.0,Store
C02478,2026-03-08,1757.0,Web
C02478,2026-06-09,2291.0,Web
C02478,2026-06-23,4204.0,Web
C02479,2025-05-03,5484.0,Web
C02479,2025-06-19,4005.0,Store
C02479,2025-07-02,8165.0,Web
C02479,2025-07-18,5766.0,Web
C02479,2025-07-26,8469.0,Store
C02479,2025-09-11,7816.0,Store
C02479,2025-10-20,7980.0,App
C02479,2025-11-02,6660.0,App
C02480,2025-09-30,1844.0,App
C02481,2025-05-20,2085.0,App
C02481,2025-06-10,2842.0,Web
C02481,2025-07-20,3351.0,App
C02482,2026-06-27,6159.0,App
C02482,2026-06-30,6508.0,App
C02483,2025-07-09,2402.0,Web
C02483,2025-07-11,2430.0,Web
C02483,2025-08-08,3191.0,Web
C02483,2025-11-03,3939.0,Web
C02483,2026-04-02,4430.0,App
C02483,2026-06-09,5238.0,Web
C02483,2026-07-15,6947.0,Web
C02483,2026-08-04,8311.0,App
C02484,2026-07-31,4212.0,Web
C02485,2025-08-23,1585.0,Store
C02485,2025-11-08,3912.0,Store
C02486,2025-06-18,6042.0,App
C02486,2025-06-22,9798.0,Web
C02486,2025-07-19,6184.0,Web
C02486,2025-08-19,6351.0,Web
C02486,2025-08-30,4381.0,App
C02486,2025-10-10,5986.0,Web
C02486,2025-11-06,16424.0,Web
C02487,2025-06-12,1771.0,Web
C02487,2025-07-28,3487.0,App
C02487,2025-09-06,4236.0,Web
C02487,2025-09-19,2630.0,Web
C02487,2026-02-01,1611.0,Web
C02488,2025-10-01,9610.0,App
C02488,2025-10-25,1463.0,Web
C02488,2025-12-03,2131.0,Store
C02488,2026-02-10,5260.0,Store
C02489,2025-05-14,5571.0,Web
C02489,2025-07-07,5029.0,Web
C02489,2025-07-25,7365.0,Web
C02489,2025-08-20,9006.0,App
C02489,2025-10-03,3878.0,Web
C02489,2025-11-14,4952.0,Web
C02489,2026-02-01,3891.0,Web
C02489,2026-02-11,3135.0,Web
C02489,2026-03-23,4679.0,Web
C02489,2026-03-27,4566.0,App
C02489,2026-04-26,4636.0,Web
C02489,2026-07-04,3967.0,App
C02490,2025-04-21,3538.0,Web
C02490,2025-07-05,4016.0,Web
C02490,2025-08-17,2734.0,App
C02491,2025-07-08,6080.0,Web
C02491,2025-08-16,4890.0,Web
C02491,2025-10-11,2716.0,Web
C02491,2026-01-02,6563.0,Web
C02491,2026-03-04,2486.0,App
C02492,2025-07-04,6801.0,Web
C02492,2025-07-12,7780.0,Web
C02492,2025-07-18,5014.0,Web
C02492,2025-08-28,5514.0,Web
C02492,2025-09-09,5976.0,Store
C02492,2025-09-26,8991.0,Web
C02492,2025-11-01,5568.0,Web
C02493,2025-06-28,4647.0,App
C02493,2025-07-31,3007.0,Store
C02493,2025-09-19,2988.0,Web
C02493,2025-09-25,4016.0,Web
C02493,2025-10-10,4477.0,Web
C02493,2025-12-04,2862.0,App
C02493,2026-01-15,4320.0,App
C02493,2026-03-02,4197.0,App
C02493,2026-04-25,3631.0,Web
C02493,2026-06-27,4165.0,Web
C02494,2025-04-18,1494.0,App
C02494,2025-05-01,4114.0,Store
C02494,2025-06-07,2648.0,Web
C02494,2025-08-05,3943.0,Web
C02494,2025-09-12,1598.0,Web
C02494,2025-12-11,4823.0,Web
C02494,2026-02-07,2167.0,Web
C02495,2025-07-30,3772.0,Web
C02495,2025-08-08,4699.0,Web
C02495,2025-09-10,1866.0,Store
C02495,2025-10-05,3035.0,Store
C02495,2025-10-16,3594.0,Web
C02495,2025-12-17,7172.0,Store
C02495,2026-01-28,7719.0,Web
C02496,2025-04-01,2515.0,Web
C02496,2025-04-30,2780.0,App
C02496,2025-05-11,3458.0,App
C02497,2025-06-02,4416.0,App
C02497,2025-07-30,2326.0,Store
C02497,2025-08-15,2040.0,Store
C02498,2026-08-03,6006.0,Web
C02499,2025-04-06,2641.0,Web
C02499,2025-06-29,2256.0,App
C02499,2025-08-02,2386.0,Web
C02499,2025-10-11,924.0,Web
C02499,2026-01-04,2514.0,App
C02500,2025-04-08,5489.0,Web
C02500,2025-05-16,1294.0,App
C02500,2025-06-27,3967.0,App
C02501,2025-03-22,10181.0,Web
C02501,2025-03-28,7762.0,App
C02501,2025-04-04,7177.0,Web
C02501,2025-04-10,5059.0,Store
C02501,2025-04-18,4855.0,App
C02501,2025-05-02,6112.0,Web
C02501,2025-05-14,8079.0,App
C02501,2025-06-06,8575.0,Store
C02501,2025-06-15,6284.0,Web
C02501,2025-06-26,4768.0,Web
C02501,2025-07-18,5959.0,Web
C02501,2025-08-04,7217.0,Web
C02501,2025-08-16,4356.0,App
C02501,2025-09-25,8022.0,Store
C02501,2025-10-26,13229.0,Web
C02501,2025-12-18,5681.0,Store
C02501,2026-02-02,15799.0,Web
C02501,2026-02-06,5880.0,Store
C02501,2026-02-25,6960.0,Web
C02501,2026-03-11,8911.0,Store
C02501,2026-04-05,7404.0,Store
C02501,2026-05-26,4157.0,Web
C02501,2026-06-20,8214.0,Web
C02501,2026-07-06,7732.0,Web
C02501,2026-07-20,6863.0,Web
C02502,2025-08-09,2104.0,App
C02502,2025-09-05,2755.0,Web
C02502,2025-10-08,2557.0,App
C02503,2025-04-12,3193.0,Web
C02503,2025-07-13,2761.0,Web
C02503,2025-08-23,4568.0,App
C02503,2025-12-13,5428.0,Web
C02503,2025-12-30,2768.0,Web
C02503,2026-03-02,3769.0,Web
C02504,2025-06-13,1288.0,App
C02504,2025-10-07,5685.0,App
C02504,2025-11-20,3050.0,App
C02504,2025-12-06,2287.0,Web
C02505,2026-07-12,2112.0,App
C02506,2025-07-03,2853.0,Store
C02506,2025-08-03,3594.0,Web
C02506,2025-09-13,6297.0,App
C02506,2025-11-01,4523.0,Web
C02506,2025-11-23,4789.0,Web
C02506,2025-12-20,4453.0,Web
C02506,2026-01-11,4526.0,App
C02506,2026-03-23,3719.0,Web
C02506,2026-05-07,3823.0,App
C02506,2026-07-15,4103.0,Web
C02506,2026-08-09,4110.0,Web
C02507,2025-07-30,1795.0,App
C02507,2025-09-21,2365.0,App
C02507,2025-11-08,3960.0,Web
C02507,2025-12-31,2986.0,Web
C02507,2026-01-21,2097.0,Web
C02507,2026-03-07,3050.0,Web
C02507,2026-03-18,5596.0,Web
C02508,2025-09-18,2886.0,Web
C02508,2025-11-02,5054.0,App
C02508,2026-05-27,4792.0,Web
C02509,2025-07-06,3538.0,App
C02509,2025-07-24,3773.0,App
C02509,2025-09-02,2181.0,App
C02510,2025-08-04,4140.0,Web
C02510,2025-08-19,3549.0,Web
C02510,2025-08-30,1901.0,App
C02511,2025-06-04,2292.0,Web
C02511,2025-06-30,2029.0,Web
C02511,2025-07-12,2705.0,Web
C02512,2025-05-19,8871.0,Web
C02512,2025-05-21,4725.0,App
C02512,2025-06-07,18929.0,App
C02512,2025-06-24,4763.0,Web
C02512,2025-07-07,8085.0,Web
C02512,2025-07-28,6562.0,Web
C02512,2025-10-05,6768.0,App
C02512,2025-10-16,8056.0,App
C02512,2025-11-12,8272.0,Web
C02512,2025-11-18,11436.0,Web
C02512,2025-11-21,5603.0,Web
C02512,2025-12-07,8114.0,Web
C02512,2026-01-07,8727.0,Web
C02512,2026-01-23,16076.0,App
C02513,2025-07-05,3519.0,Web
C02513,2025-08-07,2039.0,Web
C02513,2025-09-08,6022.0,Web
C02513,2025-10-19,4109.0,Web
C02513,2025-12-13,3394.0,Web
C02513,2026-06-17,5863.0,App
C02514,2025-08-08,3998.0,App
C02514,2025-08-13,4210.0,Web
C02514,2025-08-20,5233.0,Web
C02514,2025-09-23,5297.0,App
C02514,2025-11-30,3767.0,Web
C02514,2026-01-04,5660.0,Web
C02514,2026-03-30,3837.0,Web
C02514,2026-04-18,3975.0,Web
C02514,2026-05-15,3208.0,Store
C02514,2026-06-23,6984.0,Web
C02514,2026-07-17,6639.0,Store
C02515,2026-07-29,3503.0,Web
C02515,2026-08-07,3499.0,Store
C02516,2025-06-05,2443.0,Web
C02516,2025-12-29,2552.0,Web
C02516,2026-03-26,4241.0,Web
C02516,2026-05-24,2204.0,Web
C02516,2026-07-10,2002.0,Web
C02517,2025-07-23,3908.0,App
C02517,2025-08-30,6786.0,Web
C02517,2025-09-20,9199.0,Web
C02517,2025-11-21,2925.0,Web
C02517,2025-12-04,7106.0,Web
C02517,2025-12-21,11289.0,Store
C02517,2026-01-21,4267.0,Web
C02517,2026-02-10,5662.0,Web
C02517,2026-03-27,6926.0,Web
C02517,2026-04-11,3877.0,Web
C02517,2026-05-22,6751.0,Web
C02517,2026-06-16,4276.0,Web
C02517,2026-07-08,6770.0,Web
C02518,2026-08-02,4974.0,Web
C02519,2025-04-25,1957.0,App
C02519,2025-04-29,1240.0,Web
C02519,2025-06-12,2355.0,App
C02520,2026-07-04,2586.0,Web
C02520,2026-08-01,4534.0,Web
C02521,2025-05-31,2556.0,App
C02521,2025-06-16,4275.0,Web
C02521,2025-06-24,4067.0,Web
C02521,2025-09-04,7476.0,App
C02521,2025-09-23,4912.0,Web
C02521,2025-12-19,6656.0,Web
C02521,2025-12-24,1657.0,App
C02521,2026-01-08,4038.0,Store
C02521,2026-01-14,8329.0,Web
C02521,2026-01-20,2998.0,Web
C02521,2026-02-28,4128.0,Web
C02521,2026-03-30,6456.0,App
C02521,2026-06-19,3772.0,App
C02521,2026-07-23,6312.0,App
C02522,2025-05-06,1837.0,Web
C02522,2025-05-21,1972.0,Web
C02522,2025-06-08,4441.0,Store
C02523,2025-06-30,8707.0,App
C02523,2025-07-07,11938.0,App
C02523,2025-07-15,9521.0,Web
C02523,2025-07-27,7608.0,App
C02523,2025-08-26,6865.0,Store
C02523,2025-10-22,3480.0,Web
C02523,2025-11-01,3697.0,App
C02523,2025-11-22,6770.0,Web
C02523,2025-12-25,5808.0,Web
C02524,2025-07-19,2439.0,Web
C02524,2025-09-05,3777.0,Web
C02524,2025-09-14,1131.0,App
C02525,2025-09-25,6643.0,Web
C02526,2025-08-08,8685.0,Web
C02526,2025-08-23,6317.0,Web
C02526,2025-09-02,3956.0,Web
C02526,2025-09-29,3401.0,App
C02526,2025-10-26,4343.0,Web
C02526,2025-10-30,7305.0,Web
C02526,2025-11-18,3934.0,App
C02526,2025-12-17,3658.0,Store
C02526,2025-12-26,4606.0,Web
C02526,2026-01-10,2793.0,Web
C02526,2026-02-19,7097.0,App
C02526,2026-03-31,5918.0,Web
C02526,2026-06-06,6631.0,Web
C02526,2026-06-11,8034.0,Web
C02526,2026-07-17,3364.0,Web
C02527,2025-06-02,1446.0,Web
C02527,2025-07-28,3101.0,Web
C02527,2026-04-02,1463.0,App
C02527,2026-04-30,2788.0,App
C02527,2026-06-04,3688.0,App
C02527,2026-06-17,1145.0,App
C02528,2025-09-21,3102.0,App
C02528,2026-02-03,5009.0,Web
C02528,2026-04-10,3059.0,App
C02528,2026-05-10,5230.0,Web
C02529,2025-04-04,3633.0,Web
C02529,2025-07-17,1297.0,App
C02529,2025-09-13,2195.0,Web
C02529,2025-12-25,5205.0,Web
C02529,2026-06-13,2359.0,Web
C02530,2025-05-19,3007.0,Web
C02530,2025-08-10,2796.0,Store
C02530,2025-09-29,1964.0,App
C02531,2025-03-23,4492.0,App
C02531,2025-05-05,1739.0,Web
C02531,2025-05-15,1211.0,App
C02532,2025-04-08,2569.0,App
C02532,2025-08-11,4888.0,Web
C02532,2025-08-25,1772.0,Web
C02533,2025-06-15,2307.0,App
C02533,2025-06-24,2850.0,Store
C02533,2025-09-07,3382.0,Store
C02534,2025-06-14,12226.0,App
C02534,2025-07-07,10013.0,Web
C02534,2025-08-03,8788.0,App
C02534,2025-08-08,9941.0,App
C02534,2025-08-14,7823.0,App
C02534,2025-08-31,8989.0,Web
C02534,2025-10-08,9296.0,Web
C02534,2025-11-06,4885.0,App
C02534,2025-11-14,5815.0,App
C02534,2025-12-10,9708.0,App
C02534,2026-01-19,7880.0,Web
C02534,2026-01-28,7478.0,App
C02534,2026-02-07,8339.0,Web
C02534,2026-02-11,3759.0,Web
C02534,2026-02-18,7091.0,Web
C02534,2026-03-06,7113.0,App
C02534,2026-03-15,8014.0,App
C02534,2026-03-19,10149.0,Web
C02534,2026-03-28,6622.0,App
C02534,2026-05-21,12046.0,App
C02534,2026-06-29,5352.0,App
C02534,2026-07-19,9593.0,Web
C02535,2025-06-21,10651.0,Store
C02535,2026-02-20,1833.0,App
C02535,2026-06-29,2348.0,App
C02536,2025-03-10,5981.0,Web
C02536,2025-04-11,6319.0,App
C02536,2025-04-24,6276.0,Web
C02537,2025-06-13,2283.0,App
C02537,2025-06-23,2896.0,Web
C02537,2025-07-10,5460.0,Web
C02537,2025-09-30,3797.0,App
C02537,2026-03-13,2857.0,Web
C02537,2026-04-28,2263.0,Store
C02537,2026-07-25,3007.0,Web
C02538,2025-04-15,11014.0,Web
C02538,2025-04-24,6003.0,Web
C02538,2025-05-09,6200.0,App
C02538,2025-05-16,7235.0,Web
C02538,2025-05-24,4967.0,Web
C02538,2025-06-26,7148.0,Web
C02538,2025-07-22,6958.0,Store
C02538,2025-08-08,10346.0,App
C02538,2025-08-17,10614.0,Web
C02538,2025-09-15,7360.0,Store
C02538,2025-10-26,6192.0,App
C02539,2025-06-10,8009.0,App
C02539,2025-06-21,10161.0,Store
C02539,2025-07-01,9849.0,App
C02539,2025-07-05,9635.0,App
C02539,2025-07-18,14382.0,Web
C02539,2025-07-21,8513.0,Web
C02539,2025-07-27,7325.0,Web
C02539,2025-08-03,7413.0,Store
C02539,2025-08-07,8682.0,App
C02539,2025-08-27,4688.0,Store
C02539,2025-09-13,12280.0,Web
C02539,2025-10-05,6909.0,Web
C02539,2025-10-09,7286.0,Web
C02539,2025-11-07,4769.0,App
C02539,2025-12-07,7819.0,Web
C02539,2026-01-08,4682.0,App
C02539,2026-01-23,4176.0,App
C02539,2026-02-07,5828.0,App
C02539,2026-03-01,6903.0,Web
C02539,2026-04-05,5574.0,Web
C02539,2026-04-19,8316.0,App
C02539,2026-05-01,11558.0,Web
C02539,2026-05-19,8122.0,Web
C02539,2026-06-03,3464.0,Web
C02539,2026-06-06,7476.0,Web
C02539,2026-06-19,9221.0,Web
C02539,2026-07-05,6610.0,Web
C02539,2026-07-25,8403.0,App
C02540,2025-06-17,2581.0,App
C02540,2025-08-19,2165.0,Web
C02540,2025-10-13,3439.0,Web
C02541,2025-04-18,3093.0,App
C02541,2025-04-28,3547.0,App
C02541,2025-05-07,2877.0,Web
C02542,2025-04-07,4833.0,Web
C02542,2025-04-15,5524.0,App
C02542,2025-04-28,3970.0,Web
C02542,2025-05-09,14072.0,App
C02542,2025-05-19,5112.0,Web
C02542,2025-06-11,4624.0,Web
C02542,2025-06-27,6802.0,App
C02542,2025-07-10,7350.0,App
C02542,2025-08-28,8907.0,Web
C02542,2025-09-18,6740.0,Web
C02542,2025-09-19,5562.0,Web
C02542,2025-10-27,6142.0,Web
C02542,2026-01-10,5711.0,App
C02542,2026-01-18,11489.0,Store
C02543,2026-07-07,5369.0,Web
C02544,2026-06-19,3522.0,Web
C02544,2026-06-28,4056.0,Web
C02545,2025-07-07,1440.0,Store
C02545,2025-08-05,2656.0,App
C02545,2025-09-11,2791.0,Web
C02546,2025-03-31,5550.0,Web
C02546,2025-04-04,6446.0,Web
C02546,2025-05-19,5542.0,Web
C02546,2025-05-27,11522.0,Web
C02546,2025-06-26,11011.0,Store
C02546,2025-07-19,4760.0,App
C02546,2025-09-21,8061.0,Store
C02546,2025-09-26,10183.0,Store
C02546,2026-01-01,4043.0,Web
C02546,2026-02-03,11467.0,App
C02547,2025-06-09,2274.0,Web
C02547,2025-08-17,5131.0,Web
C02547,2025-09-22,3534.0,Store
C02547,2026-01-30,3253.0,App
C02548,2025-03-23,3271.0,Web
C02548,2025-04-30,8201.0,Store
C02548,2025-07-01,6076.0,App
C02548,2025-07-25,1763.0,Web
C02548,2025-08-16,4220.0,App
C02548,2025-09-07,10819.0,Web
C02548,2025-10-03,5325.0,Web
C02548,2025-11-28,3454.0,App
C02548,2025-12-22,5961.0,Web
C02548,2026-01-15,1978.0,App
C02548,2026-01-27,5140.0,Web
C02548,2026-02-14,3777.0,Web
C02548,2026-03-30,4695.0,App
C02548,2026-05-15,2711.0,App
C02548,2026-06-17,3886.0,Web
C02549,2026-07-19,5642.0,Web
C02549,2026-07-27,3344.0,Store
C02550,2026-06-24,2680.0,Web
C02550,2026-07-31,3815.0,Web
C02551,2025-03-29,1977.0,App
C02551,2025-04-21,2627.0,App
C02551,2025-05-21,3733.0,Web
C02552,2025-05-29,2892.0,Web
C02552,2025-06-19,3006.0,Web
C02552,2025-06-22,3158.0,Store
C02553,2025-07-10,4065.0,Web
C02553,2025-08-13,3243.0,Web
C02553,2025-09-12,5596.0,Web
C02554,2025-09-19,3917.0,Web
C02554,2025-12-05,3655.0,Web
C02554,2026-02-07,4681.0,Web
C02554,2026-03-03,3394.0,App
C02555,2026-07-20,9116.0,Store
C02555,2026-07-26,2261.0,Store
C02556,2025-05-07,2807.0,App
C02556,2025-06-22,1482.0,Web
C02556,2025-07-18,2668.0,App
C02557,2025-05-31,7865.0,App
C02557,2025-06-11,4366.0,Web
C02557,2025-07-09,16607.0,App
C02557,2025-07-20,6266.0,App
C02557,2025-07-29,7688.0,Web
C02557,2025-08-04,8343.0,Web
C02557,2025-08-30,4985.0,Web
C02557,2025-10-01,10769.0,App
C02557,2025-10-08,8955.0,Web
C02557,2025-11-02,6895.0,Store
C02557,2025-11-10,8670.0,Web
C02557,2025-11-19,7373.0,Web
C02557,2026-01-06,7554.0,Store
C02557,2026-01-09,6006.0,App
C02557,2026-02-20,7920.0,Web
C02557,2026-03-03,8798.0,App
C02557,2026-03-07,5689.0,App
C02557,2026-03-17,8396.0,App
C02557,2026-04-06,3868.0,Web
C02557,2026-04-15,11728.0,Web
C02557,2026-04-29,4948.0,Web
C02557,2026-06-13,4153.0,App
C02557,2026-07-12,6373.0,Web
C02557,2026-08-27,8230.0,Web
C02558,2026-07-03,4258.0,Store
C02558,2026-07-20,1876.0,Web
C02559,2025-07-07,2261.0,Web
C02559,2025-07-21,2777.0,Web
C02559,2025-08-11,2355.0,Web
C02560,2025-06-12,10966.0,Store
C02560,2025-07-18,8309.0,Web
C02560,2025-08-08,9479.0,Web
C02560,2025-08-20,9723.0,Web
C02560,2025-09-11,4978.0,App
C02560,2025-10-06,8072.0,Store
C02560,2025-10-18,7848.0,Web
C02560,2025-11-11,5063.0,Web
C02560,2025-11-12,13006.0,App
C02560,2025-12-25,15070.0,Web
C02560,2026-01-12,6831.0,App
C02560,2026-02-08,9350.0,Web
C02560,2026-03-08,7655.0,App
C02560,2026-05-25,6883.0,Web
C02560,2026-07-28,6675.0,App
C02560,2026-08-09,5016.0,App
C02561,2025-03-08,2004.0,Web
C02561,2025-05-10,1796.0,Web
C02561,2025-05-16,2166.0,Web
C02562,2025-07-16,3945.0,App
C02562,2025-07-26,2373.0,App
C02562,2025-08-09,2770.0,App
C02563,2025-06-28,8528.0,Web
C02563,2025-09-28,3667.0,Web
C02563,2025-10-08,4044.0,App
C02563,2025-12-07,6390.0,App
C02564,2025-07-06,2225.0,Web
C02564,2025-08-18,1474.0,Store
C02564,2025-09-04,2019.0,App
C02565,2025-04-03,2614.0,Web
C02565,2025-05-11,5111.0,Store
C02565,2025-05-28,3090.0,App
C02566,2025-05-01,8711.0,Web
C02566,2025-05-31,8735.0,Web
C02566,2025-06-17,7333.0,Web
C02566,2025-06-26,7863.0,App
C02566,2025-07-13,8913.0,App
C02566,2025-08-16,5934.0,App
C02566,2025-09-19,6278.0,App
C02566,2025-09-28,6389.0,Store
C02566,2025-10-17,8435.0,App
C02566,2025-11-05,8545.0,Web
C02566,2025-11-11,4944.0,App
C02566,2025-11-25,6993.0,Web
C02566,2025-12-11,5770.0,App
C02567,2025-04-13,7795.0,App
C02567,2025-04-21,7574.0,App
C02567,2025-05-16,6198.0,Web
C02567,2025-06-07,8538.0,Store
C02567,2025-07-10,8246.0,Web
C02567,2025-07-19,9545.0,App
C02567,2025-07-30,10094.0,App
C02567,2025-08-07,9980.0,App
C02567,2025-08-10,7812.0,Web
C02567,2025-08-25,7110.0,Web
C02567,2025-10-02,9754.0,Web
C02567,2025-10-16,5644.0,Web
C02567,2025-10-24,3167.0,Web
C02567,2025-10-25,4096.0,App
C02567,2025-11-03,3905.0,Web
C02567,2025-11-14,9161.0,Web
C02567,2025-12-06,7882.0,App
C02567,2026-01-03,9912.0,App
C02567,2026-01-06,9019.0,Web
C02567,2026-01-16,10820.0,App
C02567,2026-02-03,11176.0,Web
C02567,2026-03-04,10476.0,Web
C02567,2026-03-14,10554.0,App
C02567,2026-04-14,13351.0,Web
C02567,2026-05-03,15594.0,App
C02567,2026-05-19,7724.0,App
C02567,2026-05-29,12885.0,App
C02567,2026-06-18,6136.0,App
C02567,2026-06-21,6255.0,Web
C02567,2026-07-05,13444.0,Web
C02567,2026-07-31,7798.0,Web
C02568,2025-04-13,3509.0,Web
C02568,2025-05-16,7006.0,Web
C02568,2025-07-29,6310.0,Web
C02568,2025-10-07,4114.0,App
C02568,2025-10-30,5067.0,Store
C02568,2026-01-10,2940.0,App
C02568,2026-01-26,4212.0,App
C02568,2026-03-01,4488.0,Web
C02568,2026-06-20,2750.0,App
C02568,2026-07-09,2382.0,Web
C02569,2025-04-15,6560.0,Store
C02569,2025-05-11,3407.0,Web
C02569,2025-06-07,2448.0,Web
C02570,2025-06-06,5242.0,Web
C02570,2025-07-12,3982.0,Web
C02570,2025-07-27,2253.0,Web
C02570,2025-10-22,3085.0,Web
C02570,2025-12-26,3528.0,Web
C02571,2025-04-15,4684.0,Web
C02571,2025-05-17,4296.0,Store
C02571,2025-06-03,9621.0,Web
C02571,2025-06-08,7774.0,Web
C02571,2025-07-03,6451.0,App
C02571,2025-07-13,5489.0,App
C02571,2025-07-30,11023.0,Web
C02571,2025-08-01,6957.0,App
C02571,2025-08-11,8377.0,Web
C02571,2025-09-01,5448.0,Web
C02571,2025-09-07,4957.0,App
C02571,2025-09-11,10678.0,App
C02571,2025-09-21,7711.0,Web
C02571,2025-10-11,7949.0,App
C02571,2025-11-10,8392.0,App
C02571,2025-12-08,10583.0,Web
C02571,2026-01-03,11259.0,Web
C02571,2026-02-11,5065.0,Web
C02571,2026-03-14,6838.0,Web
C02571,2026-04-05,5221.0,Web
C02571,2026-04-22,7972.0,App
C02571,2026-05-08,6537.0,Web
C02571,2026-05-19,6716.0,App
C02571,2026-06-02,6926.0,App
C02571,2026-06-10,6800.0,Web
C02571,2026-07-05,18119.0,App
C02571,2026-07-10,3808.0,App
C02571,2026-08-05,7104.0,Web
C02572,2025-05-24,1498.0,Web
C02572,2025-06-04,1800.0,App
C02572,2025-06-23,2441.0,Web
C02573,2025-09-01,2370.0,Web
C02573,2025-12-15,2983.0,Web
C02573,2026-02-20,1882.0,App
C02573,2026-03-25,4121.0,Web
C02574,2025-07-07,9244.0,Web
C02574,2025-11-26,2730.0,Web
C02574,2026-01-25,1445.0,Store
C02574,2026-02-20,1885.0,App
C02575,2025-08-09,1809.0,Web
C02575,2025-09-15,2226.0,App
C02575,2025-09-27,4160.0,Web
C02576,2025-05-29,2712.0,Web
C02576,2025-08-04,2846.0,Web
C02577,2025-06-01,3141.0,Web
C02577,2025-07-05,1743.0,Web
C02577,2025-08-07,2677.0,Web
C02578,2025-03-22,4965.0,Web
C02578,2025-03-29,4098.0,App
C02578,2025-06-27,3794.0,App
C02578,2025-07-12,1343.0,App
C02578,2025-08-04,2597.0,Web
C02578,2025-09-02,965.0,Web
C02578,2025-11-01,1609.0,Web
C02578,2026-02-02,5060.0,App
C02578,2026-04-22,2431.0,Web
C02579,2025-03-21,2629.0,Web
C02579,2025-04-05,2942.0,Web
C02579,2025-05-01,3895.0,Web
C02579,2025-05-15,7847.0,App
C02579,2025-06-01,2174.0,Web
C02579,2025-07-09,5304.0,Store
C02579,2025-08-09,8608.0,App
C02579,2025-09-26,6791.0,Web
C02579,2025-11-14,4569.0,Web
C02579,2026-01-17,4215.0,Web
C02579,2026-02-27,5965.0,Web
C02579,2026-03-24,8438.0,Web
C02579,2026-04-19,6151.0,Web
C02579,2026-05-26,4972.0,Web
C02579,2026-06-25,7490.0,Web
C02580,2025-03-10,6038.0,Web
C02580,2025-06-18,3059.0,Store
C02580,2025-08-30,7090.0,Web
C02580,2025-10-05,5507.0,Web
C02580,2026-01-14,2324.0,App
C02580,2026-02-08,3329.0,Store
C02581,2025-05-10,7375.0,App
C02581,2025-06-27,9417.0,App
C02581,2025-07-03,8284.0,Web
C02581,2025-08-03,6614.0,App
C02581,2025-08-24,4236.0,App
C02581,2025-08-29,5585.0,Web
C02581,2025-10-02,5799.0,App
C02581,2025-10-07,10093.0,Store
C02581,2025-11-02,9965.0,Store
C02581,2025-12-06,8391.0,Web
C02581,2025-12-09,6665.0,Web
C02581,2026-01-11,11874.0,Web
C02581,2026-01-24,9378.0,Web
C02581,2026-02-05,3639.0,App
C02581,2026-02-15,13091.0,App
C02581,2026-03-08,7109.0,Web
C02581,2026-03-16,10458.0,App
C02581,2026-04-29,8872.0,Web
C02581,2026-06-05,4790.0,Store
C02581,2026-06-25,6389.0,Web
C02581,2026-07-16,3834.0,Web
C02581,2026-07-19,5739.0,App
C02581,2026-07-30,7908.0,App
C02581,2026-08-06,7707.0,Web
C02581,2026-08-22,5952.0,Web
C02582,2025-07-22,2654.0,App
C02582,2025-09-09,3241.0,Web
C02582,2026-02-17,6401.0,Web
C02582,2026-03-27,2925.0,Web
C02582,2026-04-05,3037.0,App
C02582,2026-06-04,10374.0,Web
C02583,2025-05-31,2174.0,Store
C02583,2025-07-17,6332.0,App
C02583,2025-07-25,1890.0,Web
C02583,2025-10-30,4885.0,App
C02583,2025-11-08,9850.0,Web
C02583,2025-12-15,8084.0,App
C02583,2026-01-08,5421.0,App
C02583,2026-01-29,3762.0,App
C02583,2026-03-06,4501.0,Web
C02583,2026-05-07,7029.0,Store
C02583,2026-06-23,3366.0,App
C02584,2025-03-03,3005.0,Web
C02584,2025-03-22,3412.0,App
C02584,2025-04-07,3047.0,Store
C02584,2025-08-10,5859.0,App
C02584,2025-09-18,3355.0,Web
C02584,2025-11-03,8048.0,Web
C02584,2025-11-19,6276.0,Web
C02584,2025-12-09,5130.0,Web
C02584,2026-01-01,8751.0,Web
C02584,2026-02-06,3176.0,App
C02584,2026-02-20,4862.0,Web
C02584,2026-03-06,1847.0,Web
C02584,2026-04-13,3737.0,Store
C02584,2026-06-03,2725.0,App
C02584,2026-08-02,6642.0,App
C02585,2025-04-29,6248.0,App
C02585,2025-06-24,6109.0,Web
C02585,2025-06-25,14371.0,Web
C02585,2025-07-22,9015.0,Web
C02585,2025-08-30,9503.0,Web
C02585,2025-09-06,10680.0,Store
C02585,2025-10-22,9923.0,App
C02585,2025-11-13,8229.0,Web
C02585,2025-11-21,8136.0,Web
C02585,2025-12-11,12868.0,Web
C02585,2026-01-03,4984.0,Web
C02585,2026-01-24,5589.0,App
C02585,2026-02-27,9558.0,App
C02585,2026-03-17,8548.0,App
C02585,2026-03-30,6744.0,App
C02585,2026-04-06,17497.0,App
C02585,2026-05-01,5025.0,App
C02585,2026-05-26,7738.0,App
C02585,2026-06-05,8392.0,Web
C02585,2026-06-24,6593.0,Web
C02585,2026-07-05,6016.0,App
C02585,2026-07-15,6822.0,Web
C02586,2025-04-01,7138.0,App
C02586,2025-04-05,5960.0,App
C02586,2025-04-13,12879.0,Web
C02586,2025-04-18,7079.0,App
C02586,2025-05-13,4697.0,App
C02586,2025-05-18,14634.0,Web
C02586,2025-06-07,7977.0,App
C02586,2025-06-12,6963.0,Web
C02586,2025-06-24,12000.0,Store
C02586,2025-07-13,7858.0,Store
C02586,2025-08-10,6856.0,Store
C02586,2025-08-21,4031.0,Web
C02586,2025-09-04,3164.0,App
C02586,2025-09-13,10814.0,Web
C02586,2025-09-25,7833.0,Web
C02586,2025-10-13,6575.0,Web
C02586,2025-11-05,6715.0,App
C02586,2025-12-03,7853.0,Web
C02586,2025-12-25,8810.0,Web
C02587,2026-07-12,2034.0,App
C02588,2025-04-29,5325.0,Web
C02588,2025-07-26,3393.0,Web
C02588,2025-08-17,9235.0,Web
C02588,2025-10-04,6563.0,Web
C02588,2025-11-12,4962.0,Web
C02588,2025-12-25,5211.0,App
C02588,2026-01-27,4225.0,App
C02588,2026-02-18,3514.0,App
C02588,2026-05-14,1760.0,Store
C02588,2026-07-20,6553.0,App
C02589,2025-05-09,3402.0,Store
C02589,2025-05-16,1418.0,App
C02589,2025-06-17,2998.0,Web
C02590,2025-07-15,5266.0,App
C02590,2025-07-19,8400.0,App
C02590,2025-08-10,9164.0,Web
C02590,2025-08-12,7058.0,Web
C02590,2025-08-27,8810.0,Web
C02590,2025-09-28,6424.0,Web
C02590,2025-11-01,6696.0,App
C02590,2025-11-16,8020.0,App
C02591,2025-05-14,5978.0,Web
C02591,2025-06-27,3094.0,App
C02591,2025-10-01,5190.0,App
C02591,2025-11-14,3710.0,Store
C02591,2026-02-16,3069.0,Store
C02592,2025-04-01,2184.0,Store
C02592,2025-08-12,5316.0,Web
C02592,2025-09-08,3955.0,Web
C02592,2025-12-16,2202.0,Web
C02592,2026-02-28,3342.0,Store
C02592,2026-04-13,2751.0,Web
C02593,2025-07-11,1826.0,Web
C02593,2025-08-08,4223.0,Store
C02593,2025-09-09,2305.0,Web
C02594,2025-04-16,9909.0,Store
C02594,2025-04-29,6021.0,Web
C02594,2025-05-15,7410.0,Web
C02594,2025-07-04,2992.0,Store
C02594,2025-08-24,3127.0,Store
C02594,2025-09-10,3386.0,Web
C02594,2025-11-07,4644.0,Web
C02594,2025-11-25,4359.0,Store
C02594,2025-12-24,5129.0,Web
C02594,2026-01-24,8940.0,App
C02594,2026-03-20,4453.0,Web
C02594,2026-05-25,5602.0,App
C02594,2026-06-18,4759.0,App
C02595,2026-07-23,3129.0,Web
C02595,2026-08-01,3992.0,Web
C02596,2025-07-29,2661.0,App
C02596,2025-10-09,3298.0,Web
C02596,2026-02-08,1521.0,Web
C02596,2026-05-26,2179.0,App
C02597,2025-03-07,2498.0,Store
C02597,2025-05-09,3631.0,App
C02597,2025-06-14,3794.0,Web
C02597,2025-06-27,2782.0,App
C02597,2025-07-06,4280.0,App
C02597,2025-08-14,8800.0,Store
C02597,2025-11-28,2776.0,Web
C02597,2025-11-29,2652.0,App
C02597,2026-01-08,6220.0,Web
C02597,2026-02-11,4259.0,Web
C02597,2026-03-27,3962.0,Web
C02597,2026-04-28,7110.0,App
C02598,2025-03-01,6451.0,App
C02598,2025-04-06,8693.0,Store
C02598,2025-04-16,7659.0,App
C02598,2025-05-10,7064.0,Web
C02598,2025-06-12,6468.0,Store
C02598,2025-07-11,9355.0,Store
C02598,2025-07-22,5587.0,Web
C02598,2025-08-20,7873.0,App
C02598,2025-09-21,6384.0,Web
C02598,2025-09-26,8498.0,Web
C02598,2025-10-07,8760.0,Web
C02598,2025-10-23,7317.0,App
C02598,2025-11-04,10165.0,App
C02598,2025-11-10,8969.0,Store
C02598,2025-11-18,6362.0,App
C02598,2025-12-03,7590.0,App
C02598,2025-12-19,7703.0,App
C02598,2026-01-14,9815.0,Web
C02598,2026-01-30,4226.0,App
C02598,2026-02-05,10245.0,Web
C02599,2025-06-18,2635.0,Store
C02599,2025-08-18,3718.0,Web
C02599,2025-09-19,2182.0,Web
C02599,2026-02-28,3173.0,App
C02599,2026-03-17,4228.0,Web
C02599,2026-04-27,12744.0,Web
C02600,2025-09-22,5227.0,App
C02600,2025-12-09,5877.0,Web
C02601,2025-04-24,7201.0,Store
C02601,2025-05-03,5271.0,Web
C02601,2025-05-18,10927.0,Web
C02601,2025-05-24,6684.0,Web
C02601,2025-07-06,6467.0,Web
C02601,2025-07-19,10546.0,Web
C02601,2025-08-01,2398.0,Web
C02601,2025-08-22,6883.0,App
C02601,2025-08-31,4210.0,App
C02601,2025-09-10,8561.0,Web
C02601,2025-09-16,12427.0,Web
C02601,2025-09-23,8385.0,Web
C02601,2025-10-18,14058.0,Web
C02601,2025-11-09,7589.0,Web
C02601,2025-11-21,11692.0,App
C02602,2025-06-17,2409.0,Web
C02602,2025-08-06,4228.0,Web
C02602,2025-08-20,2742.0,App
C02603,2025-07-13,1009.0,Web
C02603,2025-09-02,2867.0,Web
C02603,2025-10-04,1683.0,App
C02604,2025-07-06,1995.0,App
C02604,2025-10-17,5904.0,Web
C02604,2025-11-01,2620.0,App
C02604,2025-11-20,3052.0,Web
C02605,2025-03-31,5523.0,App
C02605,2025-04-07,11991.0,Store
C02605,2025-04-16,4789.0,Web
C02605,2025-04-24,10734.0,Web
C02605,2025-05-10,13111.0,Store
C02605,2025-05-20,6639.0,Web
C02605,2025-05-22,8221.0,Web
C02605,2025-07-12,5586.0,App
C02605,2025-07-15,11161.0,App
C02605,2025-08-05,4759.0,Web
C02605,2025-08-13,10594.0,Web
C02605,2025-08-29,7489.0,App
C02605,2025-09-01,5550.0,Web
C02605,2025-09-19,5849.0,Web
C02605,2025-10-12,8860.0,Web
C02605,2025-10-27,4919.0,Web
C02605,2025-11-11,9044.0,Web
C02605,2025-11-18,7921.0,App
C02605,2025-11-29,6497.0,App
C02605,2025-12-01,8850.0,Web
C02605,2025-12-05,5639.0,Web
C02605,2026-01-01,6769.0,App
C02605,2026-03-12,6513.0,Web
C02605,2026-04-01,4782.0,App
C02605,2026-04-17,6632.0,Store
C02605,2026-04-18,4308.0,Web
C02605,2026-05-03,6133.0,App
C02605,2026-05-08,4071.0,Web
C02605,2026-05-26,5213.0,App
C02605,2026-07-02,5398.0,App
C02605,2026-07-09,8624.0,App
C02605,2026-07-22,5328.0,Web
C02605,2026-08-05,4812.0,App
C02605,2026-08-19,6520.0,Web
C02606,2025-06-15,5056.0,App
C02606,2025-08-02,4371.0,App
C02606,2025-10-18,7552.0,Web
C02606,2026-04-20,15995.0,Web
C02606,2026-04-29,3524.0,App
C02607,2025-07-13,3295.0,App
C02607,2025-07-24,2441.0,Web
C02607,2025-08-16,1956.0,Web
C02608,2026-07-06,2248.0,Web
C02608,2026-07-22,5545.0,Web
C02609,2025-06-06,7075.0,Web
C02609,2025-07-18,6136.0,Web
C02609,2025-08-31,2684.0,Store
C02610,2025-06-21,6083.0,Web
C02610,2025-07-04,12124.0,Web
C02610,2025-07-26,7835.0,App
C02610,2025-08-05,6746.0,App
C02610,2025-08-19,9901.0,Web
C02610,2025-08-27,10218.0,Web
C02610,2025-09-13,8240.0,Web
C02610,2025-09-16,9895.0,Web
C02610,2025-10-18,8571.0,Web
C02610,2025-10-22,7177.0,App
C02610,2025-10-31,9987.0,Web
C02610,2025-11-02,5087.0,Web
C02610,2025-11-08,5051.0,Web
C02610,2025-11-19,8392.0,Web
C02610,2025-12-30,5563.0,Web
C02610,2026-01-09,9405.0,Web
C02610,2026-01-18,7701.0,App
C02610,2026-02-11,14560.0,Web
C02611,2025-09-04,2116.0,Web
C02611,2025-09-24,4990.0,Web
C02611,2026-01-11,2325.0,Web
C02612,2025-08-25,2258.0,App
C02612,2026-01-03,4671.0,App
C02612,2026-01-14,3559.0,App
C02612,2026-04-24,3726.0,Web
C02612,2026-07-03,4059.0,Web
C02612,2026-07-16,3504.0,Web
C02613,2025-07-11,2759.0,Web
C02613,2025-08-17,2177.0,App
C02613,2025-09-24,5805.0,Web
C02614,2025-03-02,3780.0,Web
C02614,2025-05-08,2936.0,App
C02614,2025-06-01,5920.0,App
C02614,2025-09-29,4767.0,Web
C02615,2026-06-29,3104.0,App
C02615,2026-07-19,4659.0,App
C02616,2025-06-10,2204.0,Web
C02616,2025-08-22,2622.0,Web
C02616,2025-09-19,2890.0,Web
C02617,2025-05-19,3762.0,Web
C02617,2025-06-19,5833.0,Web
C02617,2025-07-15,3661.0,Web
C02617,2025-08-17,5392.0,Web
C02617,2025-09-06,2796.0,App
C02617,2025-11-13,6766.0,Web
C02617,2025-11-19,4721.0,Web
C02617,2025-12-14,5174.0,Web
C02617,2026-01-12,4581.0,Store
C02617,2026-02-06,7276.0,Web
C02617,2026-04-09,5215.0,Web
C02617,2026-06-13,6875.0,Web
C02618,2025-08-24,4489.0,Web
C02618,2025-09-27,3417.0,Web
C02618,2025-11-21,5157.0,Web
C02618,2026-02-04,3963.0,Web
C02618,2026-04-22,2645.0,Web
C02618,2026-06-26,3097.0,App
C02619,2025-06-13,3962.0,Store
C02619,2025-07-22,6599.0,Web
C02619,2025-10-16,1150.0,App
C02619,2025-12-02,2084.0,Store
C02619,2025-12-30,3147.0,Web
C02619,2026-03-11,2576.0,App
C02619,2026-04-28,3002.0,Store
C02620,2025-06-06,4720.0,Web
C02620,2025-09-09,2355.0,App
C02620,2025-10-12,3663.0,Web
C02620,2026-01-11,2252.0,Web
C02620,2026-03-15,4876.0,Web
C02621,2025-06-16,2052.0,Web
C02621,2025-09-12,5003.0,App
C02621,2025-09-19,2621.0,Web
C02621,2026-01-31,3961.0,Web
C02622,2025-03-05,4989.0,App
C02622,2025-04-06,3826.0,App
C02622,2025-06-02,3351.0,Web
C02622,2025-06-13,3427.0,Web
C02622,2025-08-08,5462.0,App
C02622,2025-08-26,7842.0,Web
C02622,2025-12-27,3282.0,Web
C02622,2026-03-17,3283.0,Web
C02623,2026-06-13,4064.0,Web
C02623,2026-06-24,6359.0,Web
C02624,2025-07-15,4547.0,Web
C02624,2025-08-14,5572.0,Store
C02624,2025-09-10,2802.0,App
C02624,2026-03-25,1881.0,App
C02625,2025-06-22,1434.0,App
C02625,2025-07-19,5292.0,Web
C02625,2025-08-03,3048.0,App
C02626,2025-04-06,8352.0,Web
C02626,2025-05-17,7859.0,Store
C02626,2025-06-14,8438.0,App
C02626,2025-06-21,3284.0,Web
C02626,2025-07-05,5311.0,App
C02626,2025-07-10,6000.0,App
C02626,2025-08-14,4268.0,Web
C02626,2025-09-14,5188.0,App
C02626,2025-10-06,9211.0,Store
C02626,2025-10-29,8031.0,Web
C02627,2025-07-29,1357.0,Store
C02627,2025-08-05,1849.0,App
C02627,2025-08-25,8030.0,Web
C02628,2026-08-03,3803.0,Web
C02628,2026-08-09,2912.0,App
C02629,2026-06-14,4427.0,App
C02629,2026-07-27,2935.0,Web
C02630,2026-07-21,2463.0,App
C02630,2026-08-12,3302.0,Web
C02631,2025-06-24,5797.0,App
C02631,2025-08-01,6634.0,Web
C02631,2025-08-28,4732.0,App
C02631,2025-10-06,5652.0,App
C02631,2025-10-16,1621.0,App
C02631,2025-12-23,3870.0,Web
C02631,2026-04-05,8199.0,Web
C02631,2026-04-10,3684.0,App
C02631,2026-04-12,5640.0,Store
C02631,2026-05-18,5063.0,App
C02631,2026-05-26,3585.0,App
C02631,2026-06-30,5526.0,App
C02632,2025-05-07,3942.0,App
C02632,2025-08-22,1920.0,Web
C02632,2025-09-06,2137.0,Web
C02633,2025-09-28,3590.0,App
C02633,2025-11-18,1344.0,Web
C02633,2025-12-15,4003.0,Web
C02634,2025-03-19,2346.0,Web
C02634,2025-05-16,1612.0,Web
C02634,2025-06-24,5251.0,Web
C02635,2025-04-14,4691.0,Web
C02635,2025-05-29,2704.0,App
C02635,2025-08-09,2047.0,Web
C02636,2025-06-12,3065.0,App
C02636,2025-07-05,4383.0,App
C02636,2025-08-15,8136.0,App
C02636,2025-10-03,3743.0,Store
C02636,2025-10-13,4421.0,App
C02636,2025-10-25,4137.0,App
C02636,2025-11-09,6554.0,Web
C02636,2025-12-20,7664.0,App
C02637,2025-05-22,1250.0,App
C02637,2025-06-15,2714.0,Web
C02637,2025-07-20,1879.0,App
C02638,2026-07-11,2563.0,Web
C02638,2026-07-18,4683.0,App
C02639,2025-05-16,1742.0,App
C02639,2025-06-17,4343.0,App
C02639,2025-08-25,6525.0,Store
C02639,2025-10-30,2160.0,Web
C02639,2025-12-28,2374.0,App
C02639,2026-01-31,2089.0,Web
C02639,2026-03-14,4572.0,App
C02640,2025-05-31,3696.0,Web
C02640,2025-08-12,6927.0,Web
C02640,2025-08-19,2875.0,Web
C02640,2025-09-05,13244.0,Web
C02640,2025-10-11,2700.0,App
C02640,2025-11-06,6219.0,Web
C02640,2025-11-24,7590.0,Web
C02640,2026-02-01,4960.0,App
C02640,2026-03-21,3053.0,Web
C02640,2026-04-30,3386.0,Store
C02640,2026-05-28,3067.0,App
C02640,2026-07-14,4606.0,App
C02641,2025-06-25,3985.0,App
C02641,2025-11-14,4041.0,App
C02641,2026-01-14,4172.0,App
C02641,2026-03-08,3974.0,App
C02641,2026-05-03,3949.0,Web
C02641,2026-05-07,4861.0,Web
C02641,2026-05-19,3717.0,Web
C02641,2026-06-18,3484.0,Web
C02642,2025-04-24,1274.0,Web
C02642,2025-05-23,2184.0,App
C02643,2025-05-01,2228.0,Web
C02643,2025-06-01,2163.0,Web
C02643,2025-06-18,3222.0,Web
C02644,2025-07-19,1743.0,App
C02644,2025-12-15,5497.0,App
C02644,2026-02-06,1294.0,Web
C02644,2026-05-30,1739.0,App
C02645,2026-08-01,6799.0,App
C02645,2026-08-24,3004.0,App
C02646,2025-06-03,4001.0,Web
C02646,2025-08-31,6415.0,Web
C02646,2026-01-12,2742.0,Store
C02646,2026-05-15,2445.0,Web
C02647,2025-08-02,3869.0,Web
C02647,2025-11-30,7181.0,Web
C02647,2026-01-20,3170.0,Web
C02647,2026-04-30,1604.0,Store
C02647,2026-07-30,2536.0,App
C02648,2025-09-25,2789.0,App
C02648,2025-12-27,912.0,App
C02648,2026-01-20,1691.0,Store
C02648,2026-03-31,1840.0,Web
C02648,2026-06-16,1434.0,Web
C02648,2026-06-27,3383.0,Web
C02648,2026-07-07,3225.0,Web
C02649,2025-03-29,2108.0,Web
C02649,2025-04-07,2050.0,Web
C02649,2025-04-09,1743.0,Web
C02650,2025-08-27,2940.0,App
C02650,2026-01-05,2444.0,Web
C02650,2026-01-13,8137.0,Web
C02650,2026-01-20,4783.0,App
C02650,2026-05-09,5133.0,App
C02651,2025-06-13,1960.0,Web
C02651,2025-11-01,3044.0,Web
C02651,2025-11-24,2722.0,Web
C02651,2026-02-15,5646.0,Web
C02652,2025-04-01,8108.0,Web
C02652,2025-04-07,7420.0,Web
C02652,2025-04-19,7553.0,Web
C02652,2025-04-22,5974.0,App
C02652,2025-05-14,7061.0,App
C02652,2025-05-26,7582.0,Web
C02652,2025-05-28,9323.0,Web
C02652,2025-06-19,9098.0,App
C02652,2025-07-16,11041.0,App
C02652,2025-07-29,5446.0,App
C02652,2025-08-30,7514.0,App
C02652,2025-09-12,6675.0,Web
C02652,2025-09-22,9508.0,App
C02652,2025-09-28,4076.0,Web
C02653,2025-05-09,3200.0,App
C02653,2025-08-28,4647.0,App
C02653,2025-09-25,2715.0,Web
C02653,2026-02-03,1613.0,Web
C02654,2025-08-10,7558.0,App
C02654,2025-09-12,2478.0,Web
C02654,2025-10-13,5413.0,App
C02654,2026-03-21,4815.0,Web
C02654,2026-06-12,2267.0,App
C02654,2026-07-11,3204.0,App
C02655,2025-07-07,2791.0,App
C02655,2025-07-25,4165.0,Web
C02655,2025-07-30,2598.0,App
C02656,2025-04-28,2087.0,Web
C02656,2025-08-27,3138.0,Web
C02656,2026-01-23,6836.0,Web
C02656,2026-02-14,2982.0,Store
C02656,2026-04-22,4549.0,App
C02656,2026-05-26,2286.0,Store
C02656,2026-05-31,3951.0,Web
C02656,2026-07-23,3470.0,App
C02657,2025-07-03,6609.0,App
C02657,2025-08-13,10211.0,App
C02657,2025-09-16,5164.0,App
C02657,2025-10-11,4709.0,Web
C02657,2025-11-05,7105.0,App
C02657,2025-11-20,5532.0,App
C02657,2025-12-09,7803.0,App
C02657,2025-12-17,13683.0,App
C02658,2025-07-24,2611.0,Web
C02658,2025-09-03,3442.0,Web
C02658,2025-10-21,4982.0,App
C02659,2025-07-30,5038.0,App
C02659,2025-08-21,3536.0,App
C02659,2025-10-05,4917.0,Web
C02659,2025-10-13,2944.0,Store
C02659,2025-12-18,4236.0,Web
C02659,2026-01-15,5736.0,Web
C02659,2026-02-19,5988.0,App
C02659,2026-02-24,5761.0,Web
C02659,2026-03-11,3820.0,App
C02659,2026-04-07,4857.0,Web
C02660,2026-07-27,3899.0,Web
C02660,2026-08-09,2436.0,App
C02661,2025-03-14,1346.0,Web
C02661,2025-05-24,2969.0,Web
C02661,2025-08-05,5779.0,Store
C02661,2026-02-06,3928.0,App
C02662,2025-04-14,7005.0,Web
C02662,2025-04-21,5509.0,App
C02662,2025-04-22,6984.0,Web
C02662,2025-05-01,9706.0,Web
C02662,2025-05-22,6718.0,Web
C02662,2025-06-13,7561.0,App
C02662,2025-07-09,12428.0,Web
C02662,2025-08-01,4624.0,Web
C02662,2025-08-23,5077.0,Web
C02662,2025-09-02,7832.0,App
C02662,2025-09-11,3870.0,Web
C02662,2025-09-20,8433.0,Web
C02662,2025-10-03,5327.0,Web
C02662,2025-10-31,6019.0,Web
C02662,2025-11-03,9484.0,App
C02662,2025-11-21,4542.0,App
C02662,2025-12-05,3510.0,Web
C02662,2026-01-09,3359.0,App
C02663,2025-03-20,3188.0,Web
C02663,2025-04-05,5990.0,Store
C02663,2025-06-07,5447.0,Store
C02663,2025-07-02,5087.0,App
C02663,2025-07-20,8116.0,Web
C02663,2025-08-09,4991.0,Web
C02663,2025-08-12,4139.0,App
C02663,2025-09-10,5487.0,Web
C02663,2025-10-26,9154.0,App
C02664,2026-06-15,2621.0,Web
C02664,2026-06-17,3590.0,App
C02665,2025-07-20,2371.0,Web
C02665,2025-08-28,3022.0,App
C02665,2025-09-27,7398.0,Store
C02666,2025-08-11,2303.0,App
C02666,2025-10-12,1564.0,Web
C02666,2026-03-05,3795.0,App
C02667,2025-03-20,2605.0,Web
C02667,2025-07-11,2220.0,App
C02667,2025-10-19,4232.0,Web
C02667,2026-01-22,3891.0,Web
C02667,2026-02-22,2350.0,Web
C02667,2026-02-28,6576.0,Web
C02668,2025-06-15,4352.0,Web
C02668,2025-07-27,6679.0,App
C02668,2025-08-08,4464.0,Store
C02668,2025-09-27,8987.0,App
C02668,2025-11-02,11203.0,Web
C02668,2025-12-19,5029.0,Web
C02668,2026-04-06,4029.0,Web
C02668,2026-04-28,4458.0,Store
C02668,2026-05-10,6991.0,Store
C02668,2026-06-19,6487.0,App
C02669,2025-07-23,2074.0,App
C02669,2025-08-06,3893.0,Web
C02669,2025-10-02,1838.0,App
C02670,2025-07-06,4319.0,App
C02670,2025-08-03,2689.0,App
C02670,2025-08-13,2847.0,App
C02671,2025-03-21,4094.0,App
C02671,2025-06-12,4872.0,Web
C02671,2025-06-24,1712.0,Web
C02672,2025-05-02,7594.0,Store
C02672,2025-06-14,5610.0,Web
C02672,2025-07-10,6677.0,Web
C02672,2025-07-13,9929.0,App
C02672,2025-08-10,7780.0,Web
C02672,2025-08-29,6737.0,Web
C02672,2025-09-02,5072.0,Web
C02672,2025-11-01,8961.0,Web
C02673,2025-03-27,6083.0,App
C02673,2025-04-06,5523.0,Web
C02673,2025-05-17,4978.0,Web
C02673,2025-06-09,9556.0,Store
C02673,2025-07-24,15621.0,App
C02673,2025-08-04,7069.0,App
C02673,2025-09-05,3789.0,App
C02673,2025-10-12,4893.0,Web
C02673,2025-10-16,5266.0,Store
C02673,2025-10-27,7308.0,Web
C02674,2025-04-22,1614.0,Web
C02674,2025-05-31,2583.0,App
C02674,2025-06-26,2549.0,Web
C02675,2025-04-08,4054.0,Web
C02675,2025-04-28,2675.0,Store
C02675,2025-06-16,2374.0,Web
C02676,2025-08-06,6726.0,Web
C02676,2025-09-28,3327.0,Web
C02677,2025-06-01,3127.0,App
C02677,2025-06-22,1932.0,Web
C02677,2025-07-28,3677.0,App
C02678,2025-05-20,4733.0,Web
C02678,2025-10-08,2823.0,App
C02678,2026-03-04,2719.0,App
C02679,2025-08-21,825.0,App
C02679,2026-02-03,2652.0,Store
C02680,2026-06-25,2765.0,Web
C02680,2026-06-30,1094.0,Web
C02681,2025-05-30,2021.0,Web
C02681,2025-09-19,4415.0,Web
C02681,2025-10-05,3010.0,App
C02681,2025-12-24,1634.0,App
C02681,2026-01-13,2401.0,App
C02681,2026-02-09,1839.0,App
C02682,2025-05-08,5852.0,App
C02682,2025-07-16,4681.0,App
C02682,2025-10-14,3267.0,Web
C02682,2025-12-02,2259.0,Web
C02682,2025-12-30,2737.0,Web
C02682,2026-02-27,2421.0,App
C02683,2025-04-16,4680.0,Web
C02683,2025-05-14,4709.0,Web
C02683,2025-06-07,11977.0,Web
C02683,2025-06-26,3774.0,Store
C02683,2025-09-23,3294.0,App
C02683,2025-10-13,5719.0,Web
C02683,2025-12-25,6946.0,App
C02683,2026-01-20,2688.0,Store
C02683,2026-02-06,5395.0,Web
C02683,2026-02-28,2894.0,Web
C02683,2026-03-08,2685.0,Web
C02683,2026-04-15,4223.0,App
C02683,2026-06-15,3540.0,Web
C02684,2025-03-25,2764.0,App
C02684,2025-06-28,1595.0,Store
C02684,2025-08-31,4276.0,Web
C02685,2026-06-16,1966.0,Web
C02685,2026-08-12,7148.0,Web
C02686,2025-05-20,2814.0,Web
C02686,2025-06-10,1518.0,Web
C02686,2025-08-11,2610.0,Store
C02686,2025-09-30,3458.0,Web
C02686,2025-11-01,2599.0,Web
C02686,2026-04-24,4900.0,Web
C02686,2026-05-26,2006.0,Web
C02687,2026-06-13,1569.0,App
C02687,2026-06-21,3130.0,Web
C02688,2025-05-28,2006.0,Web
C02688,2025-06-15,1541.0,App
C02688,2025-06-20,4083.0,Web
C02689,2026-06-11,2696.0,Web
C02689,2026-07-23,5292.0,Web
C02690,2025-04-18,2277.0,App
C02690,2025-05-19,3409.0,App
C02690,2025-06-10,2416.0,Web
C02691,2025-08-10,2895.0,App
C02691,2025-12-01,6040.0,Web
C02691,2026-01-04,9000.0,Web
C02691,2026-02-08,3926.0,Web
C02692,2025-05-05,4923.0,App
C02692,2025-05-28,7950.0,Web
C02692,2025-07-02,5664.0,Web
C02692,2025-07-11,3897.0,Web
C02692,2025-09-04,15898.0,Web
C02692,2025-10-12,6785.0,App
C02692,2025-11-09,6092.0,App
C02692,2025-11-25,9504.0,App
C02692,2025-12-02,16145.0,App
C02692,2025-12-16,7745.0,Web
C02693,2025-08-17,3544.0,Web
C02693,2025-09-17,7826.0,Web
C02693,2025-11-08,4765.0,Store
C02693,2025-11-25,3265.0,App
C02693,2026-02-06,3669.0,App
C02693,2026-03-04,2870.0,Store
C02693,2026-04-25,2542.0,Web
C02693,2026-07-28,4706.0,Web
C02694,2025-08-31,2808.0,Web
C02694,2026-02-24,6099.0,Web
C02694,2026-05-27,4944.0,Web
C02695,2025-04-13,2131.0,Web
C02695,2025-07-24,5275.0,Web
C02695,2025-08-01,2789.0,App
C02695,2025-08-24,9860.0,Web
C02695,2025-12-17,3616.0,Web
C02695,2026-01-01,1417.0,Web
C02695,2026-01-26,2689.0,Web
C02695,2026-05-14,1798.0,Web
C02696,2025-03-21,1165.0,Web
C02696,2025-06-02,3122.0,Web
C02696,2025-07-31,3887.0,App
C02696,2025-08-12,5134.0,App
C02696,2025-09-14,4615.0,App
C02696,2025-10-05,1718.0,Web
C02696,2025-11-06,3941.0,App
C02696,2025-12-01,2463.0,App
C02696,2026-02-03,3596.0,Web
C02696,2026-03-01,4008.0,App
C02696,2026-05-29,5009.0,Web
C02697,2025-03-05,7348.0,App
C02697,2025-05-24,3101.0,App
C02697,2025-06-21,2049.0,App
C02697,2025-07-28,3705.0,Web
C02697,2025-10-09,6591.0,App
C02697,2025-12-20,4690.0,Web
C02697,2026-01-17,3453.0,App
C02697,2026-04-10,1328.0,Store
C02698,2025-04-01,9121.0,App
C02698,2025-04-06,4014.0,Web
C02698,2025-04-25,8394.0,Web
C02698,2025-05-12,11318.0,Web
C02698,2025-06-05,3344.0,App
C02698,2025-07-10,5008.0,App
C02698,2025-08-12,9286.0,Web
C02698,2025-10-08,10570.0,Web
C02698,2025-11-20,7994.0,Web
C02698,2025-12-12,8768.0,App
C02698,2025-12-27,12156.0,App
C02698,2026-01-13,6286.0,App
C02698,2026-02-10,5411.0,Web
C02698,2026-02-20,6890.0,App
C02698,2026-03-04,8000.0,Web
C02698,2026-03-27,8401.0,Store
C02698,2026-04-01,9860.0,App
C02698,2026-04-10,13479.0,Web
C02698,2026-04-17,8027.0,Web
C02698,2026-05-23,4855.0,App
C02698,2026-05-28,5744.0,App
C02698,2026-06-08,7896.0,Web
C02698,2026-06-17,12517.0,Web
C02698,2026-06-29,9461.0,Web
C02698,2026-07-20,5511.0,Web
C02698,2026-08-08,5992.0,Web
C02699,2025-04-19,7840.0,Web
C02699,2025-04-24,5658.0,App
C02699,2025-05-03,6264.0,App
C02699,2025-05-13,8144.0,Web
C02699,2025-06-05,3804.0,App
C02699,2025-06-09,4960.0,Store
C02699,2025-09-14,7149.0,Store
C02699,2025-10-02,3817.0,Web
C02699,2025-10-05,6201.0,App
C02700,2025-08-11,2128.0,App
C02700,2026-01-10,6181.0,App
C02700,2026-04-26,2766.0,Web
C02700,2026-07-29,1400.0,App
C02701,2025-03-17,1986.0,Web
C02701,2025-04-19,2117.0,App
C02701,2025-04-30,3705.0,Web
C02702,2025-03-04,2662.0,Web
C02702,2025-03-28,1630.0,Store
C02702,2025-05-03,2126.0,Web
C02703,2025-03-26,8177.0,Store
C02703,2025-04-09,9633.0,Web
C02703,2025-05-23,4756.0,Web
C02703,2025-06-05,8096.0,App
C02703,2025-06-16,5889.0,Store
C02703,2025-06-19,10668.0,Web
C02703,2025-07-01,6266.0,App
C02703,2025-08-04,6237.0,Web
C02703,2025-09-24,5214.0,Web
C02703,2025-10-17,6885.0,App
C02703,2025-10-28,8495.0,Web
C02703,2025-12-11,7199.0,Web
C02704,2025-09-08,1944.0,Web
C02704,2025-10-03,4776.0,App
C02704,2025-10-27,1683.0,Web
C02704,2026-01-12,4339.0,Web
C02704,2026-01-25,4114.0,Web
C02704,2026-02-25,7194.0,App
C02704,2026-03-03,3812.0,Store
C02704,2026-06-06,2847.0,Web
C02704,2026-07-12,3122.0,App
C02704,2026-08-16,8279.0,App
C02705,2025-07-17,2668.0,Web
C02705,2025-10-01,8793.0,Web
C02705,2026-04-06,3319.0,Web
C02705,2026-07-07,6300.0,App
C02705,2026-07-29,6112.0,Web
C02706,2025-07-02,4878.0,Web
C02706,2025-08-23,3168.0,Web
C02706,2025-09-25,3859.0,Web
C02707,2025-07-12,2112.0,Web
C02707,2025-09-27,9391.0,App
C02707,2025-12-11,3922.0,App
C02707,2026-01-07,8653.0,Store
C02707,2026-02-27,1926.0,App
C02708,2026-07-31,1747.0,Web
C02709,2025-03-22,5879.0,Web
C02709,2025-04-20,3533.0,App
C02709,2025-05-15,2146.0,App
C02709,2025-07-03,8550.0,Web
C02709,2025-07-16,5819.0,Web
C02709,2025-08-20,3946.0,App
C02709,2025-09-21,10134.0,Web
C02709,2025-10-30,4581.0,Web
C02709,2025-12-13,7487.0,Web
C02709,2026-04-29,2401.0,App
C02709,2026-06-09,4048.0,App
C02710,2025-05-08,2967.0,Web
C02710,2025-06-05,3336.0,Web
C02710,2025-07-11,2024.0,Web
C02711,2025-04-23,3511.0,Web
C02711,2025-05-28,3333.0,App
C02711,2025-10-26,5905.0,App
C02711,2025-11-22,1439.0,Web
C02711,2025-12-04,5260.0,Web
C02711,2025-12-24,5270.0,Web
C02711,2026-02-24,2479.0,Web
C02712,2026-06-26,3022.0,Web
C02712,2026-07-17,3155.0,Web
C02713,2026-07-10,3936.0,Web
C02714,2025-06-19,3315.0,App
C02714,2025-06-30,5324.0,Web
C02714,2025-07-19,3543.0,Web
C02714,2025-08-04,5733.0,Web
C02714,2025-08-13,3539.0,Web
C02714,2025-09-04,4428.0,App
C02714,2025-10-07,5981.0,Web
C02714,2025-10-15,3838.0,Web
C02714,2025-12-24,2791.0,Store
C02714,2026-01-13,3873.0,App
C02714,2026-02-08,3099.0,Web
C02714,2026-03-25,3784.0,Web
C02714,2026-04-25,4625.0,Web
C02714,2026-05-07,4624.0,App
C02714,2026-05-30,6624.0,Web
C02714,2026-06-05,3372.0,Web
C02715,2025-09-25,10227.0,Web
C02715,2025-10-25,1110.0,Web
C02715,2025-12-18,3580.0,Web
C02715,2026-01-12,2123.0,Web
C02715,2026-02-26,3215.0,Web
C02715,2026-03-28,2214.0,App
C02715,2026-04-26,2328.0,App
C02715,2026-05-15,3563.0,App
C02715,2026-07-06,2898.0,Web
C02716,2026-08-02,7051.0,Web
C02717,2025-04-30,1695.0,Store
C02717,2025-05-09,1686.0,Web
C02717,2025-06-13,1834.0,Web
C02718,2025-04-26,2448.0,Web
C02718,2025-05-24,1700.0,App
C02718,2025-08-03,2383.0,Web
C02718,2026-02-20,2657.0,Web
C02718,2026-05-17,2132.0,Web
C02719,2025-05-08,8511.0,Web
C02719,2025-05-12,9601.0,App
C02719,2025-05-19,7775.0,Web
C02719,2025-05-29,5879.0,Web
C02719,2025-06-03,9485.0,App
C02719,2025-06-12,7338.0,Web
C02719,2025-07-10,11708.0,Store
C02719,2025-07-24,11564.0,Web
C02719,2025-08-20,9231.0,App
C02719,2025-09-23,10647.0,Web
C02719,2025-10-02,8942.0,Web
C02719,2025-10-22,8971.0,Web
C02719,2025-11-02,6029.0,Web
C02719,2025-11-10,8223.0,Web
C02719,2025-11-21,8794.0,Web
C02719,2026-01-01,8559.0,Web
C02719,2026-01-27,8279.0,Web
C02719,2026-03-01,8102.0,App
C02719,2026-03-11,15591.0,Web
C02719,2026-03-16,7891.0,App
C02719,2026-04-04,9761.0,Store
C02719,2026-05-16,7609.0,Store
C02719,2026-05-27,8480.0,App
C02719,2026-07-01,5602.0,Web
C02719,2026-08-05,6165.0,Store
C02720,2025-08-07,2024.0,Web
C02720,2025-08-21,2346.0,Web
C02720,2025-09-19,3204.0,Web
C02721,2025-05-19,2274.0,App
C02721,2025-09-14,3206.0,App
C02722,2025-07-17,4401.0,Web
C02722,2025-09-15,4631.0,Store
C02722,2025-11-21,2826.0,Web
C02723,2025-06-25,10610.0,App
C02723,2025-07-05,6680.0,Web
C02723,2025-08-22,4412.0,Web
C02723,2025-10-28,9262.0,Store
C02723,2025-11-09,5494.0,Web
C02723,2025-11-30,6836.0,App
C02723,2025-12-06,4951.0,Store
C02723,2025-12-10,10563.0,Web
C02723,2025-12-30,9499.0,Store
C02723,2026-01-09,4318.0,App
C02723,2026-01-13,7310.0,App
C02723,2026-02-14,10155.0,Web
C02724,2025-03-25,17881.0,Web
C02724,2025-04-08,6847.0,App
C02724,2025-04-24,14564.0,Web
C02724,2025-06-02,8960.0,Web
C02724,2025-06-08,5006.0,App
C02724,2025-07-03,3877.0,Web
C02724,2025-07-25,6517.0,Web
C02724,2025-08-16,8892.0,Web
C02724,2025-09-09,6429.0,App
C02724,2025-09-25,7351.0,Web
C02724,2025-10-23,13799.0,Web
C02724,2025-10-24,7168.0,Web
C02724,2025-11-20,14030.0,App
C02725,2025-07-18,2914.0,Web
C02725,2025-08-04,3421.0,Web
C02725,2025-11-12,2251.0,Web
C02725,2026-01-03,5761.0,App
C02725,2026-02-02,3345.0,Store
C02725,2026-03-03,7541.0,Web
C02725,2026-03-12,5457.0,Web
C02725,2026-04-15,4274.0,App
C02725,2026-08-04,3419.0,Web
C02726,2025-03-15,3382.0,Web
C02726,2025-05-29,2103.0,Web
C02726,2025-08-01,1462.0,Web
C02726,2025-09-07,2340.0,Store
C02726,2025-11-13,2377.0,Web
C02726,2026-05-16,4028.0,Web
C02726,2026-07-20,2162.0,App
C02727,2025-06-10,7431.0,Web
C02727,2025-06-25,4045.0,App
C02727,2025-10-11,3576.0,App
C02727,2025-11-08,1618.0,App
C02727,2025-12-22,3689.0,App
C02727,2026-02-27,3050.0,Web
C02728,2025-03-11,2494.0,Web
C02728,2025-04-17,3434.0,App
C02728,2025-06-04,7505.0,Web
C02728,2025-06-30,5896.0,App
C02728,2025-10-10,3490.0,Web
C02728,2025-12-02,6796.0,Store
C02728,2026-01-17,6824.0,Web
C02728,2026-02-10,11234.0,Store
C02728,2026-03-01,4233.0,Web
C02728,2026-05-31,3525.0,Web
C02728,2026-06-11,4349.0,Store
C02729,2025-04-08,5105.0,Web
C02729,2025-05-09,7026.0,Web
C02729,2025-05-20,6788.0,Web
C02729,2025-05-30,13748.0,Web
C02729,2025-06-08,13517.0,App
C02729,2025-06-16,12038.0,App
C02729,2025-07-17,6579.0,App
C02729,2025-08-08,4299.0,Web
C02729,2025-08-21,7525.0,App
C02729,2025-09-03,6469.0,Store
C02729,2025-09-29,7150.0,Web
C02729,2025-10-28,8206.0,App
C02729,2025-11-19,9024.0,Web
C02730,2025-04-27,9024.0,Web
C02730,2025-05-08,6994.0,Web
C02730,2025-06-14,2155.0,Store
C02730,2025-08-17,2987.0,Web
C02730,2025-08-27,3208.0,Store
C02730,2025-09-24,5615.0,App
C02730,2025-10-21,2781.0,Web
C02730,2025-12-16,5796.0,App
C02730,2026-01-09,3594.0,Web
C02730,2026-03-07,2208.0,Web
C02731,2025-03-20,3709.0,Web
C02731,2025-05-01,12642.0,App
C02731,2025-05-15,15804.0,Web
C02731,2025-06-26,13053.0,Web
C02731,2025-07-09,6646.0,App
C02731,2025-07-19,9515.0,Web
C02731,2025-07-26,5444.0,Web
C02731,2025-07-30,10986.0,App
C02731,2025-08-29,6137.0,App
C02731,2025-09-06,6025.0,Web
C02731,2025-10-03,7303.0,App
C02731,2025-10-05,6185.0,Web
C02731,2025-10-09,9732.0,Store
C02731,2025-11-09,5580.0,App
C02731,2025-11-21,18611.0,App
C02731,2025-12-11,9124.0,App
C02731,2025-12-27,6658.0,Web
C02731,2026-01-02,5346.0,Web
C02731,2026-01-24,6750.0,Web
C02731,2026-01-30,6996.0,App
C02731,2026-03-16,6843.0,Store
C02731,2026-04-09,6327.0,Web
C02731,2026-05-14,5642.0,Store
C02731,2026-05-20,10336.0,Web
C02731,2026-05-30,12339.0,Web
C02731,2026-07-02,5565.0,Web
C02731,2026-07-09,7396.0,Web
C02731,2026-08-01,4009.0,App
C02731,2026-08-12,6216.0,Web
C02732,2026-07-21,3717.0,Store
C02732,2026-08-12,5426.0,Web
C02733,2025-08-01,1872.0,Web
C02733,2025-09-08,2649.0,Web
C02733,2025-10-27,2958.0,App
C02734,2026-06-30,6183.0,App
C02734,2026-07-16,2260.0,Web
C02735,2026-06-21,2886.0,Web
C02735,2026-07-13,3728.0,Web
C02736,2025-04-18,2880.0,Web
C02736,2025-05-25,5127.0,Web
C02736,2025-07-20,1923.0,App
C02737,2025-07-13,5071.0,App
C02737,2025-07-27,5660.0,Web
C02737,2025-08-20,3990.0,App
C02737,2025-09-28,5059.0,Web
C02737,2025-11-03,11706.0,Web
C02737,2025-12-23,3799.0,Web
C02737,2026-02-06,2962.0,Web
C02737,2026-03-14,10703.0,Web
C02737,2026-04-08,5107.0,App
C02737,2026-04-14,7502.0,Web
C02737,2026-05-27,2447.0,Web
C02738,2025-05-10,4412.0,Web
C02738,2025-07-07,4324.0,Web
C02738,2025-07-22,3211.0,App
C02739,2025-04-10,2705.0,Web
C02739,2025-08-20,1886.0,Web
C02739,2025-10-22,2510.0,Store
C02739,2025-12-08,1307.0,App
C02739,2026-01-09,8188.0,App
C02739,2026-04-20,5451.0,Web
C02740,2025-03-17,1871.0,Web
C02740,2025-04-19,4104.0,Store
C02740,2025-06-02,1554.0,Store
C02741,2025-06-02,6988.0,App
C02741,2025-07-13,6629.0,App
C02741,2025-10-15,2809.0,App
C02741,2025-10-18,8006.0,App
C02741,2026-01-21,2822.0,App
C02741,2026-02-02,2578.0,App
C02741,2026-05-11,3298.0,App
C02741,2026-05-24,3346.0,Store
C02741,2026-06-12,4019.0,App
C02741,2026-07-07,2963.0,Web
C02742,2025-03-03,1898.0,Web
C02742,2025-04-09,2815.0,Web
C02742,2025-06-07,14197.0,App
C02742,2025-09-27,2220.0,Web
C02742,2025-12-02,3389.0,Web
C02742,2026-01-22,3801.0,Web
C02742,2026-05-23,3209.0,Web
C02743,2025-03-25,3226.0,Web
C02743,2025-05-24,3189.0,App
C02743,2025-05-25,4384.0,App
C02743,2025-07-28,2636.0,App
C02743,2025-09-18,4821.0,Web
C02743,2025-10-26,6182.0,Web
C02743,2025-11-06,4942.0,Store
C02743,2025-11-19,3453.0,Web
C02743,2025-11-29,6637.0,Web
C02743,2025-12-20,4311.0,Web
C02743,2026-01-07,3365.0,Web
C02743,2026-03-22,5118.0,Web
C02743,2026-04-06,7473.0,Web
C02743,2026-05-31,3661.0,Web
C02744,2025-07-02,1435.0,Web
C02744,2025-10-20,1792.0,App
C02744,2025-10-27,4451.0,Store
C02744,2025-12-22,1906.0,App
C02744,2026-01-25,2271.0,App
C02744,2026-05-18,3359.0,App
C02745,2025-03-06,8635.0,App
C02745,2025-05-25,7013.0,Web
C02745,2025-05-28,5801.0,Web
C02745,2025-06-06,2290.0,Store
C02745,2025-07-13,9220.0,Store
C02745,2025-08-21,5678.0,App
C02745,2025-11-01,6496.0,App
C02746,2025-06-19,2474.0,Web
C02746,2025-06-27,3852.0,Web
C02746,2025-09-06,4946.0,Web
C02746,2026-02-10,4041.0,Web
C02747,2026-07-19,2487.0,App
C02747,2026-08-24,5636.0,Web
C02748,2025-03-27,8252.0,Web
C02748,2025-06-19,6045.0,Web
C02748,2025-07-15,4863.0,App
C02748,2025-08-04,6719.0,App
C02748,2025-08-30,3676.0,App
C02748,2025-09-04,5554.0,Web
C02748,2025-10-26,3291.0,App
C02748,2025-11-05,3615.0,App
C02748,2025-11-30,3198.0,Web
C02748,2026-02-07,3228.0,App
C02748,2026-03-11,2304.0,Web
C02748,2026-03-15,11467.0,Store
C02748,2026-06-22,2854.0,Web
C02749,2025-07-07,2699.0,Web
C02749,2025-08-01,3657.0,Web
C02749,2025-08-21,4520.0,Web
C02750,2025-04-08,4864.0,App
C02750,2025-04-17,5962.0,App
C02750,2025-05-29,6843.0,Store
C02750,2025-06-07,8583.0,Store
C02750,2025-06-11,9013.0,Web
C02750,2025-06-15,5189.0,App
C02750,2025-07-04,8011.0,App
C02750,2025-07-14,10117.0,Web
C02750,2025-08-17,4909.0,App
C02750,2025-09-02,7931.0,Web
C02750,2025-09-18,6070.0,Web
C02750,2025-10-10,4540.0,App
C02750,2025-11-15,10609.0,Web
C02750,2025-11-26,8857.0,App
C02750,2025-12-02,5495.0,App
C02750,2025-12-22,10370.0,Web
C02750,2026-01-24,15802.0,App
C02750,2026-02-04,7809.0,App
C02750,2026-02-16,4638.0,Web
C02750,2026-02-28,6772.0,App
C02750,2026-03-06,3816.0,Web
C02750,2026-03-10,7215.0,Web
C02750,2026-03-18,6578.0,Store
C02750,2026-03-25,9893.0,Web
C02750,2026-04-13,6104.0,Web
C02750,2026-04-27,10294.0,Store
C02750,2026-05-26,5686.0,Web
C02750,2026-06-03,7218.0,Web
C02750,2026-06-14,4600.0,Web
C02750,2026-07-13,5177.0,App
C02751,2026-06-14,4977.0,Store
C02751,2026-07-23,5830.0,Store
C02752,2025-07-23,3476.0,Web
C02752,2025-08-30,4565.0,App
C02752,2026-01-05,4078.0,App
C02752,2026-02-11,1891.0,Web
C02753,2025-08-10,4147.0,Web
C02753,2025-11-30,3954.0,Web
C02753,2025-12-25,9614.0,App
C02753,2026-01-19,7367.0,Web
C02753,2026-01-23,4186.0,Web
C02754,2025-06-21,3129.0,App
C02754,2025-08-01,3146.0,Web
C02754,2025-11-18,4290.0,Web
C02754,2026-01-28,3751.0,App
C02754,2026-02-22,3369.0,Web
C02754,2026-04-16,4806.0,Store
C02754,2026-05-01,4873.0,App
C02754,2026-05-24,2805.0,Web
C02755,2025-08-11,3493.0,Web
C02755,2025-09-27,3809.0,App
C02755,2025-12-23,1440.0,Store
C02755,2026-01-19,1884.0,Web
C02756,2025-09-14,1760.0,App
C02756,2025-10-01,1090.0,App
C02756,2025-11-05,3553.0,Web
C02756,2025-11-24,2017.0,Web
C02756,2026-05-07,4700.0,Web
C02756,2026-05-18,4383.0,Web
C02757,2025-05-29,3081.0,Web
C02757,2025-07-28,1743.0,Store
C02757,2025-09-01,3729.0,Web
C02757,2025-11-27,2881.0,Web
C02758,2025-07-21,2344.0,Web
C02758,2025-09-13,4361.0,App
C02758,2025-10-28,6237.0,App
C02759,2025-08-09,1420.0,Web
C02759,2025-08-21,1431.0,Web
C02759,2025-09-12,3869.0,Web
C02760,2025-07-28,2373.0,Web
C02760,2025-09-14,2896.0,Web
C02761,2025-06-28,1954.0,Web
C02761,2025-08-17,3776.0,App
C02761,2025-09-10,2628.0,App
C02762,2025-08-07,2809.0,App
C02762,2025-11-09,2613.0,App
C02762,2025-12-07,3318.0,Web
C02762,2026-03-08,4344.0,Web
C02762,2026-05-07,5182.0,App
C02763,2025-08-03,2048.0,Web
C02763,2025-08-09,5019.0,Store
C02763,2025-09-10,5573.0,Web
C02763,2025-11-26,3607.0,Web
C02763,2026-01-09,6649.0,App
C02763,2026-02-10,7545.0,Web
C02763,2026-02-18,2945.0,Web
C02763,2026-03-06,11628.0,Web
C02763,2026-05-29,5739.0,App
C02763,2026-07-12,8584.0,Store
C02764,2026-07-19,5167.0,App
C02764,2026-07-28,7200.0,Web
C02765,2025-08-05,4305.0,Web
C02765,2025-09-07,6278.0,App
C02765,2025-10-01,5834.0,Web
C02765,2025-11-10,4344.0,Web
C02765,2026-01-29,5075.0,Web
C02765,2026-02-19,4363.0,Web
C02765,2026-03-05,4720.0,Web
C02765,2026-03-18,4981.0,Web
C02765,2026-06-09,6930.0,Web
C02765,2026-06-15,5576.0,Web
C02766,2025-03-22,4663.0,App
C02766,2025-06-22,2229.0,App
C02766,2025-09-21,1318.0,Web
C02766,2025-12-03,4891.0,Web
C02767,2025-04-03,9035.0,Web
C02767,2025-04-14,4442.0,Web
C02767,2025-04-27,8346.0,Web
C02767,2025-05-19,6109.0,Store
C02767,2025-06-06,8699.0,Store
C02767,2025-06-16,8557.0,App
C02767,2025-06-23,7553.0,App
C02767,2025-07-24,4938.0,App
C02767,2025-08-05,5720.0,Web
C02767,2025-09-04,8505.0,Web
C02767,2025-09-19,7572.0,Web
C02767,2025-10-02,13448.0,App
C02767,2025-11-02,7463.0,App
C02767,2025-11-09,9330.0,App
C02767,2025-11-20,6176.0,Web
C02767,2025-12-11,5264.0,App
C02768,2025-04-17,1277.0,Web
C02768,2025-04-29,3263.0,Web
C02768,2025-06-17,2511.0,Web
C02769,2025-06-28,2152.0,Web
C02769,2025-07-15,3308.0,Web
C02769,2025-11-09,2160.0,Web
C02769,2025-11-15,6726.0,Web
C02769,2025-12-12,2288.0,Store
C02769,2025-12-27,4398.0,Store
C02769,2026-04-03,4705.0,App
C02769,2026-05-17,1682.0,Web
C02770,2025-03-22,2364.0,App
C02770,2025-08-04,6527.0,Web
C02770,2025-11-14,1843.0,Web
C02770,2025-12-29,2620.0,App
C02771,2025-04-24,5979.0,Web
C02771,2025-05-29,7101.0,Store
C02771,2025-07-19,3313.0,Web
C02771,2025-09-22,4551.0,Web
C02771,2025-09-25,3736.0,Web
C02771,2025-10-23,3895.0,Web
C02771,2025-11-19,2392.0,App
C02771,2026-01-05,5445.0,App
C02771,2026-01-10,14526.0,Web
C02771,2026-03-15,5455.0,Web
C02771,2026-03-27,11531.0,Web
C02771,2026-05-03,7736.0,App
C02771,2026-06-20,3416.0,Web
C02771,2026-07-02,5469.0,Web
C02772,2025-06-19,2124.0,App
C02772,2025-08-13,1474.0,Web
C02772,2025-10-16,5375.0,Web
C02772,2025-11-09,3733.0,App
C02772,2025-12-20,4546.0,Web
C02772,2026-06-09,3899.0,App
C02773,2025-04-19,1904.0,App
C02773,2025-05-02,3888.0,Web
C02773,2025-09-25,2534.0,App
C02774,2025-04-30,9850.0,Store
C02774,2025-05-07,5764.0,Web
C02774,2025-05-21,5405.0,App
C02774,2025-06-15,6366.0,Web
C02774,2025-06-18,6483.0,App
C02774,2025-06-19,4893.0,Web
C02774,2025-07-03,5712.0,App
C02774,2025-07-22,10703.0,App
C02774,2025-08-05,12920.0,Web
C02774,2025-08-23,5477.0,Web
C02774,2025-09-06,17680.0,App
C02774,2025-09-14,4553.0,Web
C02774,2025-10-14,4970.0,Web
C02774,2025-10-30,3887.0,Web
C02774,2025-11-13,3998.0,Web
C02774,2025-11-23,11219.0,Web
C02774,2025-12-15,6359.0,App
C02774,2026-01-05,7402.0,App
C02774,2026-01-25,6624.0,Web
C02774,2026-02-06,4701.0,App
C02774,2026-03-01,4029.0,Web
C02774,2026-03-08,3382.0,Web
C02774,2026-03-27,6600.0,App
C02774,2026-04-04,8406.0,Web
C02774,2026-04-17,5174.0,App
C02774,2026-04-22,3247.0,App
C02774,2026-05-01,9901.0,App
C02774,2026-05-10,10378.0,Web
C02774,2026-06-19,4357.0,Web
C02774,2026-08-12,4677.0,App
C02774,2026-08-29,9343.0,App
C02775,2025-06-29,1200.0,Web
C02775,2025-08-29,3622.0,App
C02775,2026-02-26,2127.0,App
C02775,2026-03-17,3351.0,Store
C02776,2025-05-21,9213.0,App
C02776,2025-06-12,3323.0,Store
C02776,2025-08-20,7999.0,Store
C02776,2025-09-07,5921.0,Web
C02776,2025-10-18,5787.0,Web
C02776,2025-11-07,6491.0,App
C02776,2025-11-30,5528.0,Store
C02777,2025-05-24,5826.0,Web
C02777,2025-07-19,1495.0,Web
C02777,2025-08-13,1870.0,Web
C02778,2025-05-04,3247.0,Web
C02778,2025-06-04,4027.0,Web
C02778,2025-07-14,1896.0,App
C02779,2026-07-31,3721.0,App
C02779,2026-08-14,4242.0,App
C02780,2025-03-28,3172.0,App
C02780,2025-06-25,4612.0,Web
C02780,2025-07-26,4843.0,Web
C02780,2025-08-11,4235.0,Web
C02780,2025-08-22,3615.0,App
C02780,2025-11-26,3082.0,App
C02780,2026-03-08,6136.0,Web
C02780,2026-03-25,3479.0,Web
C02780,2026-06-24,6370.0,Web
C02781,2025-08-03,5558.0,App
C02781,2025-09-18,4325.0,Web
C02781,2025-10-02,6384.0,App
C02781,2025-10-26,4475.0,App
C02781,2025-10-31,4440.0,App
C02781,2025-12-06,4503.0,Web
C02781,2025-12-10,4939.0,Web
C02781,2026-01-26,4658.0,Web
C02781,2026-02-25,5471.0,App
C02781,2026-04-01,8171.0,App
C02781,2026-04-07,6817.0,App
C02781,2026-07-06,9317.0,App
C02782,2025-03-14,2985.0,Web
C02782,2025-03-27,5298.0,App
C02782,2025-05-04,2370.0,App
C02782,2025-05-12,2405.0,Web
C02782,2025-05-25,3326.0,App
C02782,2025-07-20,5406.0,Web
C02782,2025-08-24,3257.0,App
C02782,2025-10-16,4798.0,Web
C02782,2025-11-28,6230.0,App
C02782,2026-01-01,5573.0,App
C02782,2026-03-15,9215.0,Web
C02782,2026-06-08,4928.0,App
C02782,2026-07-09,8160.0,App
C02782,2026-07-23,5925.0,App
C02783,2025-05-22,3215.0,Web
C02783,2025-06-06,3923.0,App
C02783,2025-07-11,1839.0,Web
C02784,2025-04-07,5120.0,Web
C02784,2025-04-27,8109.0,Web
C02784,2025-05-31,6543.0,Store
C02784,2025-06-17,7391.0,App
C02784,2025-06-25,7999.0,App
C02784,2025-07-12,4490.0,App
C02784,2025-07-29,3291.0,Web
C02784,2025-08-16,9079.0,Web
C02784,2025-09-14,4270.0,App
C02784,2025-09-27,5902.0,Web
C02784,2025-10-12,6639.0,Web
C02784,2025-10-30,6852.0,Web
C02784,2025-12-12,9276.0,App
C02785,2026-07-05,2340.0,App
C02785,2026-07-30,3835.0,Web
C02786,2025-04-19,3325.0,App
C02786,2025-04-22,3171.0,App
C02786,2025-05-01,2326.0,Web
C02787,2025-07-17,4559.0,App
C02787,2025-08-20,2631.0,Web
C02787,2025-09-17,3568.0,App
C02788,2025-05-19,8924.0,Web
C02788,2025-08-05,2722.0,Web
C02788,2025-08-15,1341.0,Web
C02789,2025-03-15,1545.0,Web
C02789,2025-07-04,4888.0,Web
C02789,2025-11-03,6043.0,Web
C02789,2025-11-26,4382.0,Store
C02789,2026-04-16,2923.0,App
C02789,2026-04-18,4024.0,Web
C02790,2025-03-16,6034.0,Web
C02790,2025-04-01,7036.0,Web
C02790,2025-04-23,6301.0,Web
C02790,2025-06-16,5432.0,App
C02790,2025-07-02,5647.0,App
C02790,2025-07-09,7707.0,Web
C02790,2025-08-01,6413.0,App
C02790,2025-08-15,6181.0,Web
C02790,2025-09-12,4671.0,Web
C02790,2025-10-09,15707.0,Web
C02790,2025-10-29,7424.0,App
C02790,2025-11-08,12251.0,Web
C02790,2025-11-26,6394.0,App
C02790,2025-12-21,7362.0,Web
C02790,2026-01-01,8428.0,Store
C02790,2026-01-17,6761.0,Web
C02791,2025-09-18,3440.0,Web
C02791,2025-12-13,3017.0,Web
C02792,2025-07-22,3631.0,Web
C02792,2025-09-24,3335.0,Web
C02792,2025-11-10,2884.0,Web
C02792,2025-12-24,1940.0,App
C02792,2026-02-01,6464.0,App
C02792,2026-02-24,5033.0,App
C02792,2026-04-03,10771.0,Store
C02792,2026-06-09,2577.0,Store
C02793,2025-09-24,2290.0,Web
C02793,2025-10-07,3448.0,Web
C02793,2025-11-01,3456.0,Web
C02793,2025-12-24,3332.0,Store
C02793,2026-01-29,3469.0,Web
C02793,2026-03-08,2973.0,Store
C02793,2026-05-09,2999.0,App
C02794,2025-08-18,794.0,Web
C02794,2025-12-29,3213.0,App
C02794,2026-05-15,1733.0,App
C02795,2025-06-03,2943.0,Web
C02795,2025-09-04,2919.0,Web
C02795,2025-10-02,2743.0,Web
C02795,2025-12-24,9314.0,Web
C02796,2025-04-10,2563.0,Store
C02796,2025-05-11,2266.0,App
C02796,2025-05-19,3811.0,App
C02797,2025-03-11,2711.0,Web
C02797,2025-04-08,5362.0,Store
C02797,2025-04-20,5474.0,Web
C02798,2025-06-26,5418.0,Store
C02798,2025-06-30,7935.0,Web
C02798,2025-07-10,4932.0,Web
C02798,2025-08-10,4188.0,App
C02798,2025-08-22,8956.0,Web
C02798,2025-09-22,3284.0,Web
C02798,2025-11-29,7576.0,Web
C02798,2025-12-22,7632.0,Web
C02798,2025-12-30,9785.0,Web
C02798,2026-02-02,8358.0,App
C02799,2025-03-13,2872.0,App
C02799,2025-04-22,5411.0,App
C02799,2025-05-12,3013.0,Web
C02800,2025-03-21,2588.0,App
C02800,2025-04-17,2363.0,Web
C02800,2025-06-02,5086.0,Web
C02800,2025-07-10,4215.0,Web
C02800,2025-11-17,2980.0,Web
C02800,2025-12-15,2013.0,App
C02800,2025-12-27,3293.0,Store
C02800,2026-03-23,3445.0,Web
C02801,2025-07-26,3905.0,App
C02801,2025-11-11,5467.0,App
C02801,2026-03-02,6646.0,Web
C02802,2025-05-12,2271.0,Web
C02802,2025-07-19,3139.0,Store
C02802,2025-08-06,1407.0,Web
C02803,2025-06-02,4522.0,Web
C02803,2025-07-04,5915.0,App
C02803,2025-08-29,5538.0,App
C02803,2025-10-06,4784.0,Store
C02803,2025-12-02,2564.0,Web
C02803,2026-01-20,2971.0,Web
C02803,2026-03-22,3981.0,Web
C02803,2026-04-29,4692.0,Web
C02803,2026-06-06,2883.0,Web
C02804,2025-03-15,3723.0,App
C02804,2025-05-11,3281.0,Web
C02804,2025-06-16,3445.0,App
C02805,2025-04-28,6337.0,App
C02805,2025-08-16,2957.0,Web
C02805,2025-10-21,5395.0,Web
C02805,2025-11-15,4016.0,Web
C02805,2025-11-27,8084.0,App
C02805,2025-12-11,4108.0,Web
C02805,2025-12-29,4532.0,Store
C02805,2026-01-24,3594.0,App
C02805,2026-02-09,5596.0,Web
C02805,2026-03-14,4585.0,App
C02805,2026-04-01,7609.0,Store
C02805,2026-05-11,5221.0,Web
C02805,2026-06-20,12268.0,App
C02805,2026-07-16,4364.0,App
C02806,2026-07-23,2733.0,App
C02806,2026-08-19,2647.0,App
C02807,2026-07-03,8218.0,Web
C02807,2026-07-28,6806.0,Web
C02808,2025-09-08,6097.0,Web
C02808,2026-01-05,7519.0,App
C02809,2025-07-21,3789.0,Web
C02809,2025-09-16,6363.0,Web
C02809,2025-12-20,3796.0,App
C02809,2026-01-04,5055.0,Web
C02809,2026-02-28,5444.0,Web
C02809,2026-03-16,4820.0,Store
C02809,2026-03-22,5476.0,Web
C02809,2026-04-14,5479.0,Store
C02809,2026-06-05,5049.0,Store
C02810,2025-03-23,5323.0,App
C02810,2025-05-14,4450.0,App
C02810,2025-07-10,6467.0,Web
C02810,2025-08-17,6770.0,Web
C02810,2025-08-23,3499.0,Web
C02810,2025-10-20,2425.0,App
C02810,2025-10-27,4376.0,App
C02810,2025-11-12,3661.0,Web
C02810,2026-01-27,3473.0,App
C02810,2026-02-20,2309.0,Web
C02810,2026-03-24,3923.0,Web
C02810,2026-04-07,4695.0,App
C02810,2026-04-21,3644.0,App
C02810,2026-06-20,4526.0,Web
C02811,2025-05-25,6964.0,Web
C02811,2025-06-10,7305.0,Store
C02811,2025-07-18,7277.0,App
C02811,2025-08-21,8151.0,Web
C02811,2025-08-22,11260.0,Store
C02811,2025-09-05,8334.0,Web
C02811,2025-09-25,6840.0,App
C02811,2025-10-18,6426.0,App
C02811,2025-11-11,7906.0,Web
C02811,2025-12-03,6373.0,App
C02811,2026-01-10,4038.0,Web
C02811,2026-01-18,11238.0,App
C02811,2026-02-07,7197.0,Web
C02811,2026-03-03,7066.0,Web
C02811,2026-03-14,12068.0,Web
C02811,2026-03-29,6288.0,Web
C02811,2026-03-31,8735.0,Web
C02811,2026-04-09,7513.0,App
C02811,2026-04-14,8489.0,Store
C02811,2026-05-01,6105.0,App
C02811,2026-05-14,10324.0,App
C02811,2026-05-29,14010.0,Web
C02811,2026-06-25,5421.0,Web
C02811,2026-07-05,9816.0,App
C02811,2026-08-05,7849.0,Store
C02812,2025-05-21,1430.0,Store
C02812,2025-10-14,2814.0,Web
C02812,2025-12-25,4085.0,Store
C02812,2026-02-11,2778.0,Web
C02813,2025-03-01,3312.0,Store
C02813,2025-05-29,1388.0,Store
C02813,2025-07-17,1482.0,Web
C02814,2025-05-09,7222.0,App
C02814,2025-05-24,11792.0,Web
C02814,2025-06-07,3944.0,Web
C02814,2025-07-01,10353.0,Store
C02814,2025-07-18,5689.0,Web
C02814,2025-09-04,7927.0,Web
C02814,2025-09-19,7691.0,Web
C02814,2025-10-06,6084.0,Web
C02814,2025-11-14,8389.0,App
C02814,2025-11-19,6639.0,Web
C02814,2025-11-25,10722.0,Store
C02814,2025-12-01,5754.0,Web
C02814,2026-01-04,5217.0,App
C02814,2026-01-22,7822.0,Web
C02814,2026-03-18,7336.0,App
C02814,2026-04-10,12769.0,Web
C02814,2026-04-27,7457.0,Store
C02814,2026-05-01,7521.0,App
C02814,2026-05-07,4928.0,Web
C02814,2026-05-18,8049.0,Web
C02814,2026-07-17,5045.0,Web
C02814,2026-08-03,7046.0,Web
C02815,2025-05-28,6721.0,Store
C02815,2025-06-09,6388.0,Store
C02815,2025-06-20,7135.0,Store
C02815,2025-07-06,7536.0,Web
C02815,2025-07-11,8151.0,Store
C02815,2025-07-14,5900.0,Store
C02815,2025-07-21,5494.0,Store
C02815,2025-08-06,4588.0,Web
C02815,2025-08-11,6126.0,Web
C02815,2025-09-17,4162.0,App
C02815,2025-09-29,4808.0,Web
C02815,2025-10-26,6912.0,Web
C02815,2025-11-03,9232.0,Web
C02815,2025-11-07,6684.0,App
C02815,2025-11-08,15110.0,Web
C02815,2025-11-19,8368.0,Web
C02815,2025-11-27,8080.0,App
C02815,2025-12-05,5063.0,Web
C02815,2025-12-08,9223.0,Web
C02815,2025-12-22,9207.0,Web
C02815,2026-01-06,5400.0,App
C02815,2026-01-28,7629.0,Web
C02815,2026-02-11,12854.0,App
C02815,2026-03-07,8245.0,App
C02815,2026-05-06,10132.0,Web
C02815,2026-05-28,6685.0,Web
C02815,2026-06-14,4071.0,Web
C02815,2026-07-02,8905.0,Web
C02815,2026-07-12,7120.0,Web
C02815,2026-07-20,8188.0,Web
C02815,2026-08-01,7651.0,App
C02815,2026-08-09,5716.0,Web
C02815,2026-08-19,7694.0,Web
C02815,2026-08-26,6025.0,Store
C02816,2025-06-12,1348.0,Web
C02816,2025-06-30,3014.0,App
C02817,2026-06-30,7061.0,App
C02817,2026-07-19,5015.0,App
C02818,2025-03-07,4553.0,Store
C02818,2025-05-27,2797.0,App
C02819,2025-05-07,7914.0,Web
C02819,2025-05-18,8606.0,Web
C02819,2025-05-27,5784.0,Web
C02819,2025-07-10,9779.0,Store
C02819,2025-08-05,6866.0,App
C02819,2025-08-20,6598.0,Web
C02819,2025-09-12,4559.0,Web
C02819,2025-09-30,8233.0,App
C02819,2025-10-20,7936.0,Store
C02819,2025-11-23,9151.0,Web
C02819,2025-11-29,4344.0,Web
C02819,2025-12-16,9072.0,App
C02819,2025-12-20,6628.0,Web
C02819,2026-01-10,5154.0,App
C02820,2025-04-07,1800.0,Web
C02820,2025-06-13,1886.0,Web
C02820,2025-07-07,1868.0,Web
C02820,2025-09-12,1575.0,Web
C02820,2025-11-18,4061.0,Web
C02820,2025-12-08,3409.0,Web
C02820,2026-02-18,1783.0,Web
C02820,2026-06-18,1369.0,Web
C02821,2026-06-26,9303.0,Web
C02821,2026-07-07,5196.0,Web
C02822,2025-05-12,2445.0,App
C02822,2025-05-21,2533.0,App
C02822,2025-06-15,4588.0,App
C02823,2025-05-01,11756.0,App
C02823,2025-05-04,9258.0,Web
C02823,2025-05-22,3116.0,Store
C02823,2025-06-01,5213.0,Web
C02823,2025-06-22,6571.0,App
C02823,2025-07-16,5498.0,Web
C02823,2025-08-02,4158.0,Store
C02823,2025-08-18,4762.0,Web
C02823,2025-09-02,4996.0,Web
C02823,2025-10-04,3355.0,App
C02823,2025-10-31,4782.0,App
C02823,2025-11-25,2628.0,App
C02823,2026-02-27,11197.0,Web
C02823,2026-04-05,3762.0,Web
C02823,2026-05-18,5469.0,Web
C02823,2026-06-20,4829.0,App
C02823,2026-06-29,4642.0,Web
C02823,2026-07-02,5646.0,App
C02823,2026-07-19,6938.0,Web
C02823,2026-08-16,4617.0,Web
C02824,2025-08-04,3274.0,Web
C02824,2025-10-12,3515.0,Web
C02824,2026-02-05,5077.0,App
C02824,2026-02-28,4119.0,Store
C02825,2025-08-10,2619.0,App
C02825,2025-11-15,1212.0,Web
C02825,2025-12-22,2471.0,App
C02825,2026-03-25,2261.0,App
C02826,2025-06-29,2520.0,Web
C02826,2025-08-23,3776.0,Web
C02826,2025-11-09,4137.0,App
C02826,2026-05-15,5686.0,Web
C02826,2026-07-07,2242.0,Web
C02827,2025-04-16,1532.0,App
C02827,2025-05-17,4011.0,Web
C02827,2025-07-02,2212.0,Web
C02828,2026-07-06,3627.0,App
C02828,2026-07-26,1794.0,Web
C02829,2025-07-08,2800.0,Web
C02829,2025-09-28,4364.0,Web
C02829,2026-01-07,4026.0,Web
C02830,2025-06-01,3332.0,Web
C02830,2025-07-22,2194.0,Web
C02830,2026-01-05,2596.0,Web
C02830,2026-03-22,4807.0,Web
C02831,2026-07-15,1858.0,App
C02831,2026-08-01,2941.0,Web
C02832,2025-07-25,3438.0,App
C02832,2025-09-11,3057.0,Web
C02832,2025-09-23,3312.0,Web
C02833,2025-06-27,4248.0,Web
C02834,2025-03-25,5188.0,Web
C02834,2025-04-28,1978.0,App
C02834,2025-05-20,3700.0,Web
C02834,2025-06-17,7200.0,Web
C02834,2025-10-31,1938.0,App
C02835,2025-04-06,2450.0,Web
C02835,2025-06-14,2241.0,App
C02835,2025-07-05,2588.0,Web
C02836,2025-03-29,3595.0,Store
C02836,2025-04-27,2244.0,Web
C02836,2025-06-04,1757.0,Web
C02837,2025-04-12,4085.0,App
C02837,2025-05-31,4455.0,Web
C02837,2025-07-08,2344.0,Web
C02838,2026-07-19,1241.0,App
C02839,2025-05-11,5963.0,Web
C02839,2025-05-19,9784.0,App
C02839,2025-05-25,7701.0,Web
C02839,2025-08-22,10386.0,App
C02839,2025-10-04,9281.0,App
C02839,2025-10-17,6358.0,Web
C02839,2025-10-25,14696.0,Web
C02839,2025-11-22,5166.0,App
C02839,2025-12-08,2447.0,Web
C02840,2025-05-25,7536.0,Web
C02840,2025-06-17,7295.0,Web
C02840,2025-08-07,8505.0,Web
C02840,2025-08-27,11275.0,Web
C02840,2025-10-03,10298.0,Web
C02840,2025-10-30,8442.0,Web
C02840,2025-11-11,9573.0,Web
C02840,2025-11-29,10031.0,App
C02840,2026-01-07,5169.0,Web
C02840,2026-01-11,9081.0,Web
C02840,2026-01-29,4795.0,Web
C02840,2026-02-03,10969.0,Web
C02840,2026-02-11,10123.0,Web
C02840,2026-03-23,7688.0,Web
C02840,2026-03-30,7053.0,App
C02840,2026-04-02,11255.0,App
C02840,2026-04-19,8282.0,Web
C02840,2026-05-12,8235.0,App
C02840,2026-05-14,8460.0,App
C02840,2026-07-08,8683.0,Web
C02840,2026-07-22,11331.0,App
C02840,2026-08-16,4285.0,Web
C02840,2026-08-23,7229.0,Web
C02841,2025-06-25,1802.0,Web
C02841,2025-07-25,12062.0,App
C02841,2025-11-10,2966.0,App
C02841,2026-01-08,2142.0,App
C02841,2026-03-09,4465.0,App
C02842,2025-05-22,9992.0,App
C02842,2025-06-06,8573.0,Web
C02842,2025-06-16,11087.0,Web
C02842,2025-06-22,8441.0,App
C02842,2025-07-11,6954.0,Web
C02842,2025-08-08,10064.0,Web
C02842,2025-09-25,5304.0,Web
C02842,2025-11-28,3806.0,Web
C02843,2025-05-11,9592.0,Web
C02843,2025-05-29,6531.0,Web
C02843,2025-06-01,12544.0,Web
C02843,2025-06-10,6022.0,App
C02843,2025-06-23,5257.0,Web
C02843,2025-08-23,11281.0,App
C02843,2025-08-31,5666.0,App
C02843,2025-09-14,4822.0,Store
C02843,2025-10-06,4771.0,Web
C02843,2025-10-08,5928.0,Web
C02843,2025-10-30,6429.0,Web
C02843,2025-11-20,8162.0,Web
C02844,2026-07-08,5462.0,App
C02845,2026-07-22,3322.0,Web
C02845,2026-08-04,6201.0,Web
C02846,2025-07-05,2837.0,App
C02846,2025-08-29,4750.0,Web
C02846,2025-09-01,3796.0,App
C02847,2026-06-19,4764.0,App
C02847,2026-07-01,1258.0,Web
C02848,2025-04-27,4245.0,App
C02848,2025-07-09,7747.0,App
C02848,2025-07-15,5516.0,App
C02848,2025-09-12,5428.0,Web
C02848,2025-10-15,3280.0,Web
C02848,2025-11-03,6011.0,Web
C02848,2025-11-27,4169.0,App
C02848,2026-01-12,9716.0,Web
C02848,2026-01-24,4613.0,Web
C02848,2026-03-27,4292.0,Web
C02848,2026-05-24,7695.0,Web
C02848,2026-06-12,4774.0,Web
C02849,2025-06-25,1687.0,App
C02849,2025-11-02,3687.0,Web
C02849,2025-11-29,3671.0,App
C02850,2025-05-04,6850.0,Web
C02850,2025-06-13,4407.0,Store
C02850,2025-07-06,7387.0,Web
C02850,2025-07-08,7525.0,Web
C02850,2025-08-03,9861.0,Web
C02850,2025-08-05,7716.0,App
C02850,2025-08-16,5465.0,Web
C02850,2025-09-15,6014.0,Web
C02850,2025-11-08,7583.0,Web
C02850,2025-12-28,5634.0,App
C02851,2025-04-06,5495.0,Web
C02851,2025-04-23,10155.0,Web
C02851,2025-06-10,7884.0,Store
C02851,2025-06-23,5205.0,Store
C02851,2025-08-23,6249.0,Web
C02851,2025-09-08,9209.0,App
C02851,2025-10-28,3810.0,App
C02851,2025-11-26,6969.0,Store
C02851,2025-12-12,9453.0,App
C02851,2025-12-23,7695.0,Web
C02852,2025-07-13,7098.0,Web
C02852,2025-08-01,6514.0,App
C02852,2025-08-06,5293.0,Web
C02852,2025-08-12,8944.0,Web
C02852,2025-11-11,3068.0,App
C02852,2025-11-18,7305.0,Web
C02852,2025-12-05,7639.0,App
C02853,2025-09-17,2415.0,Store
C02853,2026-01-30,6775.0,Web
C02854,2026-07-20,5360.0,Web
C02855,2025-03-01,1969.0,Web
C02855,2025-03-20,2248.0,Web
C02855,2025-04-17,2680.0,Web
C02855,2025-08-24,3831.0,Web
C02855,2025-12-27,2951.0,Web
C02855,2026-01-08,5473.0,App
C02855,2026-03-02,4183.0,App
C02856,2025-10-02,2304.0,Store
C02856,2025-10-28,6591.0,Web
C02857,2025-07-14,3081.0,Store
C02857,2025-07-27,3985.0,Web
C02857,2025-08-02,2046.0,Store
C02858,2025-04-05,8353.0,Web
C02858,2025-04-17,5047.0,App
C02858,2025-04-19,6366.0,Web
C02858,2025-06-10,10560.0,Web
C02858,2025-06-19,5749.0,Web
C02858,2025-07-07,7396.0,Web
C02858,2025-07-16,8140.0,Web
C02858,2025-07-25,6533.0,Web
C02858,2025-08-18,5125.0,Web
C02858,2025-09-02,7704.0,Web
C02858,2025-09-13,15807.0,Store
C02858,2025-10-05,5993.0,App
C02858,2025-10-20,5849.0,Web
C02858,2025-11-07,9145.0,App
C02858,2025-11-13,16246.0,App
C02858,2025-11-21,5239.0,Web
C02859,2025-07-15,1653.0,Web
C02859,2025-08-27,3397.0,App
C02859,2025-10-15,2757.0,Web
C02859,2025-12-15,9694.0,App
C02859,2026-05-11,1949.0,App
C02859,2026-08-01,3950.0,Store
C02860,2025-06-26,2614.0,Web
C02860,2025-06-29,1711.0,App
C02860,2025-07-20,4126.0,App
C02861,2025-04-30,4813.0,App
C02861,2025-07-03,8325.0,App
C02861,2025-08-20,9752.0,Web
C02861,2025-09-03,4450.0,App
C02861,2025-09-16,7745.0,App
C02861,2025-10-16,7704.0,App
C02861,2025-11-10,6256.0,Web
C02861,2025-11-18,6245.0,Web
C02861,2025-12-09,10321.0,App
C02861,2025-12-25,15158.0,Web
C02861,2026-01-02,11181.0,Store
C02861,2026-01-16,8574.0,Web
C02862,2025-06-17,2694.0,Web
C02862,2025-07-27,3593.0,Web
C02862,2025-08-06,2120.0,Web
C02863,2026-06-10,3275.0,Web
C02863,2026-06-19,7232.0,App
C02864,2025-04-14,3025.0,Web
C02864,2025-05-24,3703.0,App
C02864,2025-07-04,3870.0,App
C02864,2025-10-26,5020.0,App
C02864,2026-01-12,4637.0,App
C02864,2026-02-07,4260.0,Web
C02864,2026-04-09,4481.0,App
C02864,2026-05-08,5044.0,Web
C02864,2026-06-14,3396.0,Web
C02865,2025-06-06,7132.0,Store
C02865,2025-06-30,6814.0,Web
C02865,2025-07-24,11109.0,Web
C02865,2025-08-04,3893.0,Web
C02865,2025-08-24,8997.0,App
C02865,2025-09-14,4259.0,App
C02865,2025-11-16,8644.0,Web
C02865,2025-11-21,6743.0,Web
C02865,2025-11-25,6971.0,App
C02865,2025-12-18,12553.0,App
C02866,2025-03-06,1993.0,Web
C02866,2025-04-11,6153.0,Web
C02866,2025-05-05,2798.0,Web
C02866,2025-06-08,4255.0,Store
C02866,2025-09-21,3819.0,Web
C02866,2025-10-23,7200.0,App
C02866,2025-12-08,6881.0,Web
C02866,2026-01-23,2686.0,Store
C02866,2026-02-05,2082.0,Web
C02866,2026-06-04,2519.0,Web
C02866,2026-06-19,5472.0,App
C02866,2026-07-26,1853.0,App
C02867,2025-04-11,14041.0,Web
C02867,2025-04-18,7147.0,App
C02867,2025-04-22,7102.0,Web
C02867,2025-05-19,9692.0,Web
C02867,2025-06-13,8223.0,App
C02867,2025-06-24,7125.0,Web
C02867,2025-07-08,9133.0,App
C02867,2025-09-03,5625.0,Store
C02867,2025-10-22,10416.0,Web
C02868,2025-06-07,2429.0,Web
C02868,2025-06-20,2747.0,Web
C02868,2025-08-03,1583.0,App
C02869,2025-03-02,3475.0,Web
C02869,2025-04-05,5857.0,Store
C02869,2025-06-15,1884.0,Web
C02869,2025-08-30,6279.0,Web
C02869,2026-01-19,2868.0,Web
C02869,2026-02-19,3451.0,App
C02870,2025-05-16,7567.0,Web
C02870,2025-06-09,5063.0,Store
C02870,2025-07-07,9890.0,Store
C02870,2025-08-09,6443.0,Web
C02870,2025-08-17,5915.0,Web
C02870,2025-08-29,12144.0,Web
C02870,2025-09-07,6678.0,Web
C02870,2025-09-19,11322.0,App
C02870,2025-10-07,9091.0,Web
C02870,2025-10-24,7779.0,Web
C02870,2025-10-31,9402.0,App
C02870,2025-11-13,9908.0,App
C02870,2025-11-18,7077.0,Web
C02870,2025-11-19,6615.0,Web
C02870,2025-11-27,10159.0,App
C02870,2026-01-05,19898.0,Web
C02870,2026-02-05,4266.0,App
C02870,2026-02-26,5093.0,App
C02870,2026-03-23,5371.0,Web
C02870,2026-04-02,6717.0,App
C02870,2026-04-08,5350.0,Web
C02870,2026-05-06,9322.0,Web
C02870,2026-05-14,4533.0,Web
C02870,2026-05-25,6479.0,Store
C02870,2026-06-09,6327.0,Web
C02870,2026-06-23,10658.0,Web
C02870,2026-07-07,7397.0,Web
C02870,2026-07-14,4709.0,App
C02870,2026-07-30,8348.0,Web
C02870,2026-08-21,5441.0,App
C02871,2025-03-19,2984.0,Web
C02871,2025-03-27,3042.0,App
C02871,2025-04-11,1791.0,App
C02872,2025-07-06,2032.0,Web
C02872,2025-07-18,4079.0,Web
C02872,2025-08-08,1876.0,Web
C02873,2025-05-24,8430.0,Web
C02873,2025-06-03,7276.0,App
C02873,2025-06-21,8217.0,App
C02873,2025-07-07,3332.0,Web
C02873,2025-07-31,12330.0,Web
C02873,2025-08-19,11957.0,App
C02873,2025-08-26,11663.0,Web
C02873,2025-09-09,7870.0,App
C02873,2025-09-17,9191.0,Web
C02873,2025-10-21,7903.0,Web
C02873,2025-12-01,8424.0,Web
C02873,2025-12-09,12146.0,Web
C02873,2026-01-23,4049.0,Web
C02873,2026-02-17,8775.0,Web
C02873,2026-03-04,5621.0,Web
C02873,2026-05-01,5028.0,App
C02873,2026-05-16,7198.0,Web
C02873,2026-05-19,4854.0,App
C02873,2026-05-28,4850.0,Web
C02873,2026-06-07,4207.0,App
C02873,2026-07-03,6357.0,Web
C02873,2026-07-05,9064.0,App
C02873,2026-07-27,10045.0,App
C02874,2026-06-21,2403.0,Web
C02874,2026-06-29,2485.0,App
C02875,2025-05-15,4206.0,App
C02875,2025-07-03,3499.0,App
C02875,2025-08-04,7350.0,Web
C02875,2025-09-06,3529.0,Web
C02875,2025-11-18,5328.0,Web
C02875,2025-11-25,6458.0,Store
C02875,2026-02-03,4248.0,Web
C02875,2026-02-28,6463.0,Web
C02875,2026-04-23,6030.0,App
C02875,2026-04-27,4967.0,Web
C02875,2026-07-04,3973.0,Web
C02876,2026-07-20,5046.0,Web
C02876,2026-08-18,5304.0,Web
C02877,2026-07-28,7412.0,App
C02877,2026-08-09,2153.0,Store
C02878,2025-03-16,6385.0,App
C02878,2025-04-16,11849.0,App
C02878,2025-05-29,3731.0,Web
C02878,2025-06-17,4511.0,Web
C02878,2025-07-29,7438.0,Web
C02878,2025-08-25,8315.0,Web
C02878,2025-09-22,6349.0,Web
C02878,2025-10-05,10582.0,App
C02878,2025-11-09,6512.0,App
C02879,2025-03-06,4770.0,Web
C02879,2025-04-16,1852.0,App
C02879,2025-05-13,1997.0,App
C02880,2025-05-11,4831.0,App
C02880,2025-05-15,7091.0,Store
C02880,2025-06-03,5039.0,Web
C02880,2025-08-12,4234.0,Web
C02880,2025-09-25,10194.0,Web
C02880,2025-10-14,3317.0,Web
C02880,2025-10-19,12269.0,App
C02880,2025-11-15,9182.0,Web
C02880,2025-12-20,12696.0,App
C02880,2025-12-30,13478.0,Web
C02880,2026-01-16,11152.0,App
C02880,2026-01-18,6478.0,Store
C02880,2026-02-08,6057.0,Web
C02880,2026-02-22,7830.0,Store
C02880,2026-03-01,10656.0,App
C02880,2026-03-13,14597.0,Web
C02880,2026-03-22,5294.0,Web
C02880,2026-04-03,9997.0,Web
C02880,2026-04-17,7631.0,App
C02880,2026-04-25,7637.0,App
C02880,2026-05-19,9448.0,Web
C02880,2026-06-12,3056.0,Web
C02880,2026-06-18,7600.0,Store
C02880,2026-08-10,4881.0,Store
C02880,2026-08-17,9732.0,App
C02881,2025-03-24,2298.0,App
C02881,2025-04-01,2762.0,Web
C02881,2025-04-07,3180.0,Web
C02881,2025-05-22,5301.0,Web
C02881,2025-05-28,3885.0,Web
C02881,2025-06-23,2898.0,Web
C02881,2025-07-02,4071.0,Web
C02881,2025-09-02,4045.0,Web
C02881,2025-09-05,6638.0,App
C02881,2025-11-05,4150.0,Store
C02881,2025-12-07,8282.0,App
C02881,2026-01-18,2037.0,Web
C02881,2026-02-16,5542.0,Web
C02881,2026-03-06,10690.0,App
C02881,2026-05-25,4372.0,Store
C02881,2026-06-26,4128.0,Store
C02881,2026-07-05,3541.0,App
C02882,2025-05-12,4994.0,App
C02882,2025-06-22,8705.0,App
C02882,2025-06-29,3114.0,App
C02882,2025-09-07,6038.0,App
C02882,2025-09-19,6464.0,App
C02882,2026-01-05,4323.0,Web
C02882,2026-03-14,7547.0,Web
C02882,2026-04-12,6721.0,App
C02882,2026-05-07,6451.0,App
C02882,2026-06-10,2776.0,App
C02883,2025-05-14,2779.0,App
C02883,2025-06-17,5159.0,App
C02883,2025-07-08,2469.0,Web
C02884,2026-06-25,3818.0,App
C02884,2026-07-30,2736.0,Web
C02885,2025-03-03,3229.0,App
C02885,2025-03-30,3125.0,Web
C02885,2025-04-14,4379.0,Web
C02886,2026-07-09,3586.0,Web
C02886,2026-07-24,2835.0,App
C02887,2025-03-28,5068.0,App
C02887,2025-05-16,9963.0,App
C02887,2025-05-20,8039.0,App
C02887,2025-06-01,7041.0,Web
C02887,2025-06-03,8321.0,App
C02887,2025-06-10,8193.0,App
C02887,2025-06-24,7795.0,Web
C02887,2025-07-31,4066.0,App
C02887,2025-08-06,7908.0,App
C02887,2025-09-03,7023.0,Web
C02887,2025-09-20,8498.0,App
C02887,2025-10-03,7389.0,App
C02887,2025-10-29,15848.0,Web
C02887,2025-11-06,7022.0,Web
C02887,2025-11-12,4413.0,Web
C02887,2025-12-11,7273.0,Web
C02887,2025-12-26,6441.0,App
C02887,2026-01-09,8094.0,Store
C02887,2026-01-25,6430.0,App
C02887,2026-03-04,9395.0,Web
C02887,2026-03-19,7490.0,Web
C02887,2026-04-01,8518.0,Web
C02887,2026-04-09,12601.0,Web
C02887,2026-06-09,7705.0,App
C02887,2026-06-12,4719.0,Store
C02887,2026-06-28,6362.0,Web
C02887,2026-07-13,4646.0,Web
C02887,2026-07-21,6122.0,Web
C02887,2026-08-09,2199.0,Web
C02888,2025-03-09,2084.0,Web
C02888,2025-08-17,1867.0,Web
C02888,2025-09-12,3344.0,Web
C02888,2025-10-03,2516.0,Store
C02888,2025-12-26,2704.0,Web
C02888,2026-01-07,3400.0,Web
C02888,2026-03-14,2300.0,Web
C02888,2026-04-17,4609.0,Web
C02888,2026-06-14,3545.0,App
C02889,2025-04-11,6219.0,Web
C02889,2025-05-22,6263.0,Web
C02889,2025-06-16,10614.0,App
C02889,2025-07-08,4631.0,Web
C02889,2025-08-01,3560.0,App
C02889,2025-08-21,4523.0,App
C02889,2025-09-01,3123.0,Web
C02889,2025-10-13,3494.0,Web
C02889,2025-12-08,4630.0,Web
C02889,2025-12-18,5611.0,Web
C02889,2026-01-19,3300.0,App
C02889,2026-04-02,2724.0,Web
C02889,2026-08-10,6126.0,Web
C02889,2026-08-21,3244.0,Store
C02890,2025-05-13,12100.0,Web
C02890,2025-06-23,3830.0,App
C02890,2025-10-18,3839.0,Web
C02890,2025-11-05,7812.0,Web
C02890,2025-12-20,6824.0,Web
C02890,2026-01-30,4266.0,Web
C02890,2026-02-24,4447.0,Web
C02890,2026-04-10,6897.0,App
C02890,2026-04-27,5002.0,App
C02891,2025-06-23,2496.0,Web
C02891,2025-09-27,4263.0,Web
C02891,2025-11-11,11472.0,App
C02891,2025-11-28,5339.0,App
C02891,2025-12-22,4489.0,Web
C02891,2026-01-13,3748.0,Web
C02891,2026-02-02,4069.0,Web
C02891,2026-03-03,7477.0,Web
C02891,2026-03-19,3311.0,Web
C02891,2026-05-13,4680.0,App
C02892,2025-07-18,780.0,Web
C02892,2025-07-28,4704.0,Web
C02892,2025-08-08,4656.0,Web
C02892,2025-11-15,3234.0,Web
C02892,2025-12-11,3352.0,App
C02892,2025-12-22,4506.0,Web
C02893,2025-05-17,2843.0,App
C02893,2025-06-22,3748.0,Store
C02893,2025-07-06,3261.0,Store
C02894,2025-08-11,3525.0,Store
C02894,2025-08-18,2757.0,Web
C02894,2025-09-10,2141.0,Web
C02895,2025-04-13,3789.0,App
C02895,2025-04-21,3104.0,App
C02895,2025-05-03,3978.0,Web
C02895,2025-08-23,2225.0,Web
C02895,2025-09-01,4427.0,App
C02895,2025-11-08,2305.0,Store
C02895,2025-11-28,3587.0,Store
C02895,2025-12-31,2802.0,App
C02895,2026-01-07,2745.0,Store
C02895,2026-03-23,6338.0,Web
C02895,2026-04-21,2069.0,Web
C02895,2026-05-27,3845.0,Web
C02895,2026-07-22,2549.0,App
C02896,2025-05-26,5248.0,App
C02896,2025-05-29,5130.0,App
C02896,2025-06-24,4971.0,App
C02896,2025-08-04,3005.0,App
C02896,2025-10-21,12753.0,Web
C02896,2025-11-17,5534.0,Web
C02896,2026-01-03,6253.0,Web
C02896,2026-02-03,5893.0,Web
C02896,2026-02-20,4399.0,Web
C02896,2026-03-21,3093.0,App
C02896,2026-04-04,4227.0,Web
C02896,2026-05-01,3146.0,Web
C02896,2026-06-09,2511.0,App
C02896,2026-07-26,10633.0,Web
C02896,2026-08-27,6387.0,Web
C02897,2025-08-29,1668.0,Web
C02897,2025-11-20,2433.0,App
C02897,2026-04-06,5366.0,Web
C02898,2026-07-07,1818.0,App
C02898,2026-07-23,2629.0,Web
C02899,2025-07-18,2150.0,Web
C02899,2025-08-14,2634.0,App
C02899,2025-10-08,3178.0,Web
C02900,2025-04-08,5019.0,Web
C02900,2025-04-26,5261.0,App
C02900,2025-06-04,5772.0,Web
C02900,2025-06-16,6772.0,Web
C02900,2025-06-20,5648.0,Store
C02900,2025-07-02,5690.0,Web
C02900,2025-07-04,9688.0,Store
C02900,2025-07-17,6854.0,Web
C02900,2025-08-17,9341.0,Web
C02900,2025-09-08,7066.0,Web
C02900,2025-09-20,5498.0,Web
C02900,2025-10-06,10394.0,Web
C02900,2025-10-31,6125.0,App
C02900,2025-11-12,7942.0,Web
C02900,2025-12-07,9124.0,Web
C02900,2025-12-14,6602.0,App
C02900,2026-01-07,6456.0,Store
C02901,2025-05-10,6510.0,App
C02901,2025-05-21,5563.0,Web
C02901,2025-06-08,8017.0,Store
C02901,2025-07-13,14629.0,Store
C02901,2025-07-29,10670.0,App
C02901,2025-08-15,6311.0,Web
C02901,2025-09-03,8825.0,App
C02901,2025-10-15,10861.0,Store
C02901,2025-10-29,3991.0,Web
C02902,2025-06-14,3954.0,Web
C02902,2025-07-24,1410.0,App
C02902,2025-12-20,1966.0,Web
C02902,2026-02-03,2004.0,Web
C02902,2026-02-26,7372.0,App
C02902,2026-04-28,5096.0,Web
C02902,2026-05-24,5830.0,Web
C02902,2026-06-23,2259.0,App
C02902,2026-08-10,1586.0,Web
C02903,2025-05-04,4069.0,Web
C02903,2025-05-20,4254.0,Web
C02903,2025-07-11,2684.0,Web
C02903,2025-08-10,3943.0,Web
C02903,2025-08-25,3050.0,Web
C02903,2025-09-10,7657.0,Web
C02903,2025-11-16,3133.0,Web
C02903,2025-11-25,7337.0,Web
C02903,2025-12-10,3952.0,Web
C02903,2026-04-12,2140.0,Web
C02903,2026-04-22,3543.0,App
C02903,2026-07-23,2774.0,Web
C02904,2025-04-17,1499.0,Web
C02904,2025-05-14,3852.0,App
C02904,2025-07-13,2130.0,Web
C02904,2025-09-29,3847.0,Web
C02904,2025-10-31,1732.0,Web
C02904,2026-01-28,2999.0,App
C02905,2025-05-10,4938.0,App
C02905,2025-05-19,5948.0,Web
C02905,2025-05-26,6263.0,Store
C02905,2025-06-14,6183.0,Web
C02905,2025-07-05,7759.0,Web
C02905,2025-07-15,11695.0,Web
C02905,2025-08-20,7949.0,App
C02905,2025-10-24,3524.0,Web
C02905,2025-10-31,7859.0,Web
C02905,2025-11-15,3676.0,Web
C02905,2025-11-23,5485.0,Store
C02905,2025-12-21,12702.0,Web
C02906,2025-04-15,2385.0,Web
C02906,2025-05-30,4168.0,App
C02906,2025-07-19,5532.0,Web
C02907,2025-03-15,5330.0,Web
C02907,2025-05-12,4898.0,Web
C02907,2025-07-07,4075.0,Web
C02907,2025-09-07,3711.0,App
C02907,2025-10-29,4903.0,Web
C02907,2025-12-27,4747.0,App
C02907,2026-02-15,4843.0,App
C02907,2026-03-10,4798.0,App
C02907,2026-05-18,3066.0,Web
C02907,2026-07-03,2197.0,Web
C02908,2025-06-26,4559.0,Web
C02908,2025-08-01,5643.0,App
C02908,2025-09-15,5789.0,App
C02908,2025-09-26,5284.0,Web
C02908,2025-12-31,6802.0,App
C02908,2026-03-02,1757.0,Web
C02908,2026-03-22,3091.0,Web
C02908,2026-04-07,5505.0,Web
C02908,2026-04-26,4626.0,Store
C02908,2026-06-02,3270.0,Web
C02908,2026-07-13,5495.0,Web
C02908,2026-07-18,6193.0,Store
C02908,2026-07-27,3410.0,App
C02909,2025-08-09,2211.0,Store
C02909,2025-12-13,4043.0,Store
C02909,2026-01-11,1390.0,Web
C02909,2026-01-15,4907.0,Web
C02909,2026-01-18,5373.0,Web
C02910,2025-04-20,3523.0,Web
C02910,2025-04-27,3080.0,Store
C02910,2025-05-11,2814.0,Store
C02911,2025-10-01,5648.0,Web
C02911,2025-12-07,763.0,App
C02911,2026-02-17,1486.0,App
C02911,2026-04-28,8050.0,Store
C02911,2026-06-16,2489.0,Store
C02912,2025-07-14,2760.0,Store
C02912,2025-09-15,4285.0,App
C02912,2025-10-22,4987.0,App
C02912,2025-11-13,3485.0,Web
C02912,2025-11-21,6157.0,Web
C02912,2025-12-21,2427.0,Web
C02912,2026-02-03,4953.0,Web
C02912,2026-02-27,10030.0,App
C02912,2026-06-15,5863.0,Web
C02913,2025-07-09,1142.0,Web
C02913,2025-10-24,1393.0,Web
C02913,2025-10-28,1372.0,Web
C02914,2025-05-13,3292.0,App
C02914,2025-06-05,2448.0,Web
C02914,2025-08-20,4384.0,Store
C02915,2025-07-11,2490.0,Web
C02915,2025-08-04,3078.0,Web
C02915,2025-08-28,5036.0,Web
C02916,2025-03-07,3164.0,Web
C02916,2025-03-11,7612.0,App
C02916,2025-05-03,3373.0,App
C02916,2025-06-19,3442.0,Web
C02916,2025-09-14,4163.0,Web
C02916,2025-10-10,2283.0,App
C02916,2025-10-18,3267.0,Web
C02916,2025-11-04,9652.0,App
C02916,2025-11-18,6102.0,Web
C02916,2026-01-11,5855.0,Web
C02916,2026-02-20,5889.0,App
C02916,2026-04-20,5895.0,Web
C02916,2026-05-05,3896.0,Web
C02916,2026-05-15,4464.0,App
C02917,2026-07-23,2684.0,Web
C02917,2026-08-04,3979.0,App
C02918,2025-09-26,1350.0,App
C02918,2025-12-09,2938.0,App
C02918,2026-02-17,5356.0,Web
C02918,2026-04-29,6553.0,Web
C02918,2026-06-26,940.0,Web
C02919,2025-03-14,4794.0,Web
C02919,2025-03-21,6677.0,Web
C02919,2025-04-17,7044.0,Web
C02919,2025-05-18,7838.0,App
C02919,2025-06-08,10486.0,Web
C02919,2025-06-16,5383.0,App
C02919,2025-07-07,6524.0,Store
C02919,2025-08-06,11904.0,Web
C02919,2025-08-20,9895.0,App
C02919,2025-09-08,5373.0,Web
C02919,2025-10-27,7230.0,Web
C02919,2025-11-11,8703.0,Web
C02919,2025-11-25,10265.0,App
C02919,2025-12-24,8415.0,Store
C02919,2026-02-28,8684.0,App
C02919,2026-03-07,8757.0,Web
C02919,2026-03-29,7643.0,App
C02919,2026-04-23,4324.0,Web
C02919,2026-05-22,6310.0,App
C02919,2026-06-12,11602.0,Web
C02919,2026-06-16,10174.0,App
C02919,2026-06-25,7485.0,App
C02919,2026-07-24,6910.0,App
C02919,2026-08-06,5804.0,Web
C02920,2025-04-13,3705.0,Store
C02920,2025-05-19,3619.0,Store
C02920,2025-09-07,1585.0,Web
C02920,2025-09-20,1063.0,Store
C02920,2025-11-30,1718.0,App
C02920,2025-12-04,2759.0,Web
C02920,2025-12-22,9477.0,Web
C02921,2025-04-27,3405.0,Web
C02921,2025-08-17,2977.0,Store
C02921,2025-11-11,4041.0,Store
C02922,2025-03-05,5099.0,Store
C02922,2025-03-13,7596.0,App
C02922,2025-03-21,4985.0,Web
C02922,2025-04-07,9869.0,Web
C02922,2025-04-16,7638.0,App
C02922,2025-05-13,13812.0,Web
C02922,2025-05-22,7468.0,Web
C02922,2025-06-15,4330.0,Store
C02922,2025-07-07,8439.0,App
C02922,2025-08-03,6407.0,App
C02922,2025-09-19,10500.0,Web
C02922,2025-10-09,5832.0,App
C02922,2025-10-20,11657.0,App
C02922,2025-11-10,4627.0,Web
C02922,2025-11-21,12334.0,App
C02922,2025-11-29,4654.0,Store
C02922,2025-12-02,5712.0,Store
C02922,2025-12-09,9544.0,Web
C02922,2025-12-16,15921.0,Web
C02922,2025-12-26,7751.0,Web
C02922,2025-12-29,4604.0,App
C02922,2026-01-24,3320.0,Store
C02922,2026-02-10,10501.0,App
C02922,2026-02-26,13395.0,App
C02922,2026-02-28,11031.0,App
C02922,2026-03-15,7981.0,Web
C02922,2026-05-05,5759.0,Web
C02922,2026-05-19,9002.0,App
C02922,2026-06-02,8504.0,App
C02922,2026-07-08,15032.0,Web
C02922,2026-07-27,9016.0,Web
C02922,2026-08-15,10257.0,Web
C02923,2025-03-16,3372.0,App
C02923,2025-05-07,5358.0,App
C02923,2025-06-26,3439.0,Web
C02923,2025-08-13,2162.0,Web
C02923,2025-10-22,4279.0,Web
C02923,2026-01-22,12156.0,App
C02923,2026-02-27,2197.0,Web
C02923,2026-06-06,6536.0,Web
C02924,2025-03-07,3930.0,App
C02924,2025-03-24,2585.0,Web
C02924,2025-04-09,1545.0,Web
C02925,2025-06-28,9088.0,App
C02925,2025-08-21,2506.0,Web
C02925,2025-10-16,4491.0,Web
C02925,2025-11-13,4308.0,Web
C02925,2025-11-18,3161.0,App
C02925,2025-12-31,3808.0,Web
C02925,2026-01-13,3994.0,Web
C02925,2026-03-08,7121.0,Web
C02925,2026-04-09,2664.0,App
C02925,2026-05-20,5125.0,App
C02925,2026-08-02,3408.0,App
C02926,2025-03-17,2970.0,Web
C02926,2025-05-16,3785.0,Web
C02926,2025-05-23,1864.0,App
C02927,2025-07-16,1237.0,Store
C02927,2025-08-22,3515.0,Web
C02927,2025-10-05,1940.0,Web
C02928,2025-06-06,3688.0,Web
C02928,2025-06-24,5568.0,App
C02928,2025-08-13,2823.0,Web
C02929,2025-07-05,10078.0,Web
C02929,2025-07-18,7594.0,Web
C02929,2025-07-29,6160.0,Web
C02929,2025-08-27,10349.0,Web
C02929,2025-09-13,14005.0,App
C02929,2025-09-28,4189.0,Web
C02929,2025-10-15,5975.0,Web
C02929,2025-11-10,6944.0,App
C02930,2025-03-30,3943.0,Web
C02930,2025-04-11,1374.0,Web
C02930,2025-04-15,2074.0,Web
C02931,2025-03-21,1241.0,App
C02931,2025-03-28,4602.0,Web
C02931,2025-05-23,4754.0,Web
C02932,2026-07-29,3464.0,App
C02933,2025-04-09,1077.0,Web
C02933,2025-06-14,3785.0,Web
C02933,2025-07-30,2904.0,Web
C02934,2025-03-30,6182.0,Store
C02934,2025-06-21,2080.0,Store
C02934,2025-09-30,4900.0,Web
C02934,2025-10-18,2050.0,Web
C02935,2025-05-01,3282.0,Web
C02935,2025-05-14,4039.0,Web
C02936,2025-04-11,3327.0,Web
C02936,2025-06-01,2032.0,Web
C02936,2025-06-25,2440.0,Web
C02937,2026-07-15,2807.0,Web
C02938,2025-04-06,6412.0,Web
C02938,2025-04-28,4079.0,App
C02938,2025-06-11,2453.0,Web
C02938,2025-06-22,3000.0,App
C02938,2025-07-08,4085.0,Store
C02938,2025-07-25,1937.0,App
C02938,2025-09-08,5781.0,App
C02938,2025-10-10,5452.0,App
C02938,2025-11-03,5711.0,App
C02938,2025-11-23,6649.0,Web
C02938,2026-02-21,2243.0,Web
C02938,2026-03-21,3361.0,Web
C02938,2026-04-26,2904.0,Web
C02938,2026-05-09,3672.0,Web
C02938,2026-06-25,3475.0,App
C02939,2026-06-16,2623.0,Web
C02939,2026-07-07,6416.0,Web
C02940,2025-03-08,7443.0,App
C02940,2025-03-13,6192.0,App
C02940,2025-03-19,10508.0,App
C02940,2025-03-28,10535.0,Web
C02940,2025-05-19,10378.0,Web
C02940,2025-06-13,12053.0,Web
C02940,2025-07-23,3870.0,Web
C02940,2025-07-26,10081.0,App
C02940,2025-08-04,7742.0,Web
C02940,2025-09-11,7892.0,Store
C02940,2025-10-28,6306.0,Web
C02940,2025-11-24,6495.0,App
C02940,2025-12-29,6907.0,Web
C02940,2026-01-12,7894.0,Web
C02940,2026-01-20,3489.0,App
C02940,2026-02-22,9680.0,App
C02940,2026-03-12,10603.0,Web
C02940,2026-05-15,8867.0,App
C02940,2026-05-18,9253.0,Store
C02940,2026-06-03,10552.0,Web
C02940,2026-06-18,8173.0,Web
C02940,2026-08-02,16168.0,App
C02941,2025-04-22,2923.0,Web
C02941,2025-04-28,2098.0,Web
C02941,2025-07-29,4434.0,Web
C02941,2026-02-09,2338.0,Web
C02942,2026-07-02,5538.0,Web
C02942,2026-07-11,2725.0,App
C02943,2025-04-30,3055.0,App
C02943,2025-08-15,6581.0,Web
C02943,2025-10-16,1235.0,App
C02943,2025-10-19,5276.0,Web
C02943,2025-11-24,2819.0,Web
C02943,2025-12-10,2110.0,Store
C02943,2026-02-19,4514.0,Web
C02944,2025-06-03,6913.0,Web
C02944,2025-07-23,6434.0,Web
C02944,2025-08-08,7328.0,Web
C02944,2025-11-10,4399.0,App
C02944,2025-12-11,4198.0,Web
C02944,2026-03-08,5929.0,Web
C02944,2026-03-28,7746.0,Web
C02944,2026-04-09,4571.0,Store
C02944,2026-05-01,2469.0,App
C02944,2026-06-25,3846.0,Store
C02945,2026-06-21,2981.0,Web
C02945,2026-07-15,7768.0,App
C02946,2025-06-15,7543.0,Web
C02946,2025-07-15,14018.0,App
C02946,2025-07-23,10016.0,Web
C02946,2025-08-12,7664.0,Web
C02946,2025-09-22,4207.0,App
C02946,2025-10-24,4607.0,Store
C02946,2025-11-17,2903.0,App
C02946,2025-11-22,6351.0,Web
C02946,2025-12-18,8554.0,Store
C02947,2026-06-14,3233.0,Web
C02947,2026-06-28,6386.0,App
C02948,2025-07-01,3100.0,App
C02948,2025-10-08,6729.0,Web
C02948,2026-01-13,3332.0,Web
C02948,2026-05-19,1180.0,App
C02948,2026-06-13,1956.0,Store
C02948,2026-07-19,2411.0,Web
C02949,2025-03-02,3088.0,Web
C02950,2025-05-07,2660.0,Web
C02950,2025-07-26,2254.0,Store
C02950,2025-09-15,3276.0,Web
C02950,2025-12-22,2969.0,Web
C02950,2026-01-14,2475.0,Web
C02951,2025-07-04,7965.0,Web
C02951,2025-07-29,3846.0,Web
C02951,2025-08-03,6604.0,Web
C02951,2025-09-16,4734.0,Web
C02951,2025-10-06,3382.0,Web
C02951,2025-12-07,10984.0,App
C02951,2025-12-26,7568.0,Web
C02951,2026-01-22,4237.0,Web
C02951,2026-03-12,6672.0,Web
C02951,2026-04-29,4587.0,App
C02951,2026-04-30,4139.0,App
C02951,2026-05-16,3486.0,Web
C02951,2026-06-15,4595.0,Web
C02951,2026-06-20,5231.0,App
C02951,2026-06-29,5029.0,Web
C02951,2026-08-16,5823.0,App
C02952,2025-03-08,2294.0,Web
C02952,2025-08-12,2698.0,App
C02952,2025-10-23,5073.0,Web
C02952,2025-12-16,2746.0,Web
C02952,2026-02-16,1739.0,App
C02952,2026-02-22,2530.0,Web
C02953,2025-06-27,3867.0,Web
C02953,2025-09-11,7694.0,Store
C02953,2025-09-27,4946.0,App
C02953,2025-11-13,6427.0,Web
C02953,2025-12-30,4392.0,App
C02953,2026-04-27,3464.0,Store
C02953,2026-06-26,9506.0,Store
C02954,2025-06-07,5560.0,Store
C02954,2025-11-03,4418.0,App
C02954,2026-01-15,4527.0,Web
C02954,2026-03-04,3663.0,App
C02954,2026-05-17,4451.0,App
C02954,2026-05-29,1993.0,App
C02955,2025-08-10,3571.0,App
C02955,2025-08-19,2733.0,App
C02955,2025-09-25,3019.0,App
C02956,2026-07-25,2442.0,App
C02956,2026-07-28,4202.0,Web
C02957,2025-04-20,1943.0,Web
C02957,2025-05-31,5583.0,Web
C02957,2025-06-06,3014.0,Store
C02957,2025-07-28,4391.0,Web
C02957,2025-08-22,2959.0,App
C02957,2025-09-11,5025.0,Web
C02957,2025-09-27,3010.0,App
C02957,2025-10-16,2155.0,Web
C02957,2025-11-18,2902.0,Web
C02957,2025-12-05,7274.0,Web
C02957,2026-01-17,6024.0,App
C02957,2026-02-02,7655.0,Web
C02957,2026-04-09,2104.0,Web
C02957,2026-07-02,9393.0,Web
C02957,2026-08-01,11959.0,Web
C02958,2025-03-23,9016.0,Web
C02958,2025-04-25,10295.0,Web
C02958,2025-05-03,10102.0,App
C02958,2025-05-12,8155.0,Web
C02958,2025-05-17,6722.0,Store
C02958,2025-06-08,6862.0,Web
C02958,2025-06-19,4621.0,App
C02958,2025-07-05,6038.0,Web
C02958,2025-07-13,6793.0,App
C02958,2025-07-29,5670.0,Web
C02958,2025-08-27,7920.0,Web
C02958,2025-09-06,12683.0,Web
C02958,2025-09-26,13502.0,Web
C02958,2025-10-11,6131.0,Web
C02958,2025-11-03,13935.0,Web
C02958,2025-11-27,11179.0,Web
C02958,2025-12-01,5896.0,Web
C02958,2025-12-29,8956.0,Web
C02958,2026-01-13,7466.0,App
C02958,2026-02-07,3658.0,Web
C02958,2026-02-08,4809.0,Web
C02958,2026-03-03,9642.0,App
C02958,2026-03-11,4368.0,Store
C02958,2026-03-29,14140.0,Web
C02958,2026-04-19,10681.0,Web
C02958,2026-06-09,9555.0,Web
C02958,2026-06-26,4360.0,Web
C02958,2026-07-12,10850.0,Web
C02958,2026-07-18,10531.0,App
C02958,2026-08-01,10311.0,Web
C02958,2026-08-08,10457.0,Web
C02959,2026-07-01,3209.0,Web
C02959,2026-08-22,5976.0,Web
C02960,2025-03-16,4075.0,App
C02960,2025-06-28,2624.0,Web
C02960,2025-08-09,3992.0,Web
C02960,2025-10-23,2327.0,Web
C02960,2025-12-18,4677.0,App
C02960,2026-02-12,6369.0,Store
C02960,2026-05-09,1944.0,Web
C02960,2026-07-01,4180.0,Web
C02960,2026-07-29,2803.0,App
C02960,2026-08-10,4814.0,App
C02961,2025-05-27,2198.0,Store
C02961,2025-06-10,5742.0,Web
C02961,2025-07-14,2097.0,Web
C02961,2025-09-03,3123.0,Web
C02961,2026-03-06,3055.0,Store
C02962,2025-05-07,4005.0,Web
C02962,2025-06-27,4339.0,App
C02962,2025-11-05,5023.0,Web
C02962,2026-02-23,1250.0,Web
C02962,2026-05-27,2230.0,Web
C02963,2025-05-31,4015.0,App
C02963,2025-07-05,4484.0,Web
C02963,2025-07-23,2982.0,Web
C02963,2025-09-11,4945.0,Web
C02963,2025-10-20,10989.0,Web
C02963,2025-11-12,3893.0,Store
C02963,2025-12-05,3337.0,App
C02963,2025-12-11,5579.0,App
C02963,2025-12-22,6217.0,Web
C02963,2026-01-01,4811.0,Web
C02963,2026-01-10,4079.0,App
C02963,2026-03-05,5763.0,Store
C02963,2026-03-09,2567.0,Web
C02963,2026-03-12,3796.0,Store
C02964,2025-05-17,1459.0,Store
C02964,2025-06-09,6093.0,App
C02964,2025-09-05,2057.0,Store
C02965,2026-06-16,7867.0,App
C02965,2026-07-27,5817.0,Web
C02966,2025-05-25,2888.0,Web
C02966,2025-06-17,1877.0,Web
C02966,2025-08-02,5546.0,Web
C02967,2026-06-12,2290.0,App
C02967,2026-07-03,4619.0,Store
C02968,2026-08-02,4569.0,App
C02969,2025-03-24,4312.0,Store
C02969,2025-04-19,1877.0,Store
C02969,2025-06-11,3434.0,Web
C02970,2025-03-08,3059.0,Web
C02970,2025-04-03,5827.0,Web
C02970,2025-04-10,7239.0,App
C02970,2025-05-06,5452.0,App
C02970,2025-05-28,3387.0,Web
C02970,2025-06-29,1948.0,Web
C02970,2025-08-04,5681.0,Web
C02970,2025-09-08,4390.0,App
C02970,2025-09-29,3299.0,Web
C02970,2025-11-02,2466.0,Web
C02970,2025-12-07,5046.0,Web
C02970,2026-02-09,3702.0,Web
C02970,2026-02-19,4931.0,Web
C02970,2026-03-14,6644.0,Web
C02970,2026-03-30,3515.0,Web
C02970,2026-06-03,10771.0,Web
C02970,2026-06-09,4415.0,Store
C02971,2025-03-03,2211.0,Web
C02971,2025-06-06,2512.0,App
C02971,2025-07-12,2245.0,Web
C02972,2025-06-23,6651.0,Web
C02972,2025-07-29,2482.0,Web
C02972,2025-09-10,3232.0,Web
C02973,2025-07-22,3494.0,Web
C02973,2025-09-27,6490.0,App
C02973,2025-11-21,6997.0,Web
C02973,2025-12-15,4597.0,Web
C02973,2026-01-08,8753.0,App
C02973,2026-03-22,7299.0,App
C02973,2026-04-17,6045.0,App
C02973,2026-05-04,5301.0,Web
C02973,2026-06-23,2333.0,Web
C02974,2025-06-16,2895.0,Web
C02974,2025-08-30,5241.0,Web
C02974,2025-11-19,2834.0,Web
C02974,2026-03-21,1710.0,Web
C02974,2026-04-19,5529.0,Store
C02974,2026-07-23,3173.0,App
C02975,2025-07-06,2865.0,Web
C02975,2025-07-28,3183.0,Store
C02975,2025-08-19,4290.0,App
C02976,2025-09-25,2372.0,App
C02976,2025-11-05,5129.0,Store
C02976,2026-02-03,3420.0,Web
C02976,2026-02-18,2946.0,Store
C02977,2025-05-17,4251.0,Web
C02977,2025-09-15,2930.0,Store
C02978,2025-06-07,1778.0,App
C02978,2025-08-21,3972.0,Web
C02978,2025-09-01,1778.0,Web
C02978,2025-10-11,4057.0,Web
C02978,2025-12-12,4705.0,Web
C02979,2025-06-08,2979.0,App
C02979,2026-02-22,2391.0,Store
C02979,2026-05-10,2124.0,App
C02980,2025-03-23,2668.0,App
C02980,2025-04-23,2266.0,Web
C02980,2025-04-25,4862.0,Web
C02980,2025-06-03,3113.0,Web
C02980,2025-08-02,3162.0,Web
C02980,2026-04-16,2762.0,Web
C02981,2025-04-27,2061.0,App
C02981,2025-07-19,2637.0,App
C02981,2025-09-16,2551.0,App
C02982,2026-07-25,4211.0,App
C02982,2026-08-10,3864.0,App
C02983,2025-05-23,2501.0,App
C02983,2025-06-14,4420.0,App
C02983,2025-06-26,3402.0,App
C02983,2025-08-12,3637.0,Web
C02983,2025-08-26,6565.0,App
C02983,2025-09-04,6001.0,App
C02983,2025-09-11,3988.0,App
C02983,2025-10-29,6932.0,App
C02983,2025-11-11,7120.0,Web
C02983,2025-11-27,7974.0,Web
C02983,2026-02-01,8606.0,App
C02983,2026-02-07,4252.0,Web
C02983,2026-03-04,7193.0,Web
C02983,2026-03-22,4084.0,Store
C02983,2026-05-22,7500.0,Store
C02983,2026-06-15,4198.0,Web
C02983,2026-07-02,4651.0,Web
C02983,2026-07-29,3090.0,App
C02984,2025-07-07,2892.0,Web
C02984,2025-08-03,4358.0,Web
C02984,2025-09-27,3388.0,Web
C02985,2025-05-17,4523.0,Web
C02985,2025-06-25,2027.0,Web
C02985,2025-10-01,9179.0,Web
C02985,2025-12-23,3344.0,App
C02985,2026-03-06,8437.0,Store
C02985,2026-04-05,3047.0,Web
C02985,2026-05-02,3134.0,App
C02985,2026-05-13,6450.0,Web
C02986,2026-06-12,2262.0,App
C02986,2026-07-21,3619.0,Web
C02987,2025-04-05,4090.0,App
C02987,2025-04-24,7034.0,Web
C02987,2025-06-17,2863.0,Web
C02987,2025-08-18,3365.0,App
C02987,2025-09-05,3665.0,App
C02987,2025-10-25,2189.0,App
C02987,2025-10-31,6990.0,App
C02987,2025-11-25,3304.0,Web
C02987,2025-12-23,4864.0,App
C02987,2026-01-19,3623.0,Store
C02987,2026-02-16,5298.0,Web
C02987,2026-05-07,10360.0,Store
C02987,2026-05-30,3964.0,Store
C02988,2025-05-03,3560.0,Web
C02988,2025-06-29,1633.0,App
C02988,2025-07-18,2642.0,Web
C02989,2025-03-27,3387.0,Web
C02989,2025-04-07,9776.0,Web
C02989,2025-05-01,6821.0,App
C02989,2025-06-07,5060.0,Store
C02989,2025-07-30,6326.0,Web
C02989,2025-09-06,5626.0,App
C02989,2025-09-19,5009.0,Store
C02989,2025-10-12,4266.0,Store
C02989,2025-11-18,7727.0,App
C02989,2026-01-17,2558.0,Web
C02989,2026-05-01,5025.0,Web
C02989,2026-06-25,8526.0,Web
C02990,2025-07-22,2436.0,Web
C02990,2025-08-17,2967.0,Web
C02990,2025-09-04,1908.0,Store
C02991,2025-06-03,2116.0,Web
C02991,2025-06-21,6642.0,App
C02991,2025-08-05,1863.0,App
C02991,2026-01-23,2842.0,Web
C02991,2026-01-31,2920.0,Web
C02991,2026-04-20,4245.0,Web
C02991,2026-05-15,2161.0,App
C02992,2025-04-07,2364.0,Web
C02992,2025-06-30,3644.0,App
C02992,2025-10-30,3854.0,Web
C02992,2025-12-21,2120.0,App
C02993,2026-06-24,11095.0,Store
C02994,2025-05-15,2324.0,App
C02994,2025-08-07,1647.0,Web
C02994,2025-08-19,2435.0,Web
C02995,2025-03-01,1800.0,App
C02995,2025-08-01,1658.0,Web
C02995,2025-09-27,5233.0,Store
C02996,2025-05-20,3424.0,Web
C02996,2025-06-16,3950.0,App
C02996,2025-07-06,1729.0,Web
C02997,2025-03-10,1555.0,Web
C02997,2025-04-07,7004.0,Web
C02997,2025-04-24,1397.0,Web
C02998,2026-07-15,4304.0,App
C02998,2026-07-30,5773.0,Web
C02999,2025-05-30,3309.0,App
C02999,2025-06-27,3243.0,App
C02999,2025-07-16,2314.0,Web
C02999,2025-08-12,3212.0,App
C02999,2025-09-07,4640.0,Web
C02999,2025-11-26,2846.0,Web
C02999,2026-01-24,2034.0,App
C02999,2026-03-14,2575.0,App
C02999,2026-05-25,4259.0,Web
C02999,2026-06-28,1615.0,App
C02999,2026-07-20,4155.0,App
C03000,2025-06-14,5484.0,App
C03000,2025-07-13,20067.0,App
C03000,2025-09-01,7705.0,Web
C03000,2025-10-16,6071.0,Web
C03000,2025-10-29,2230.0,Web
C03000,2025-11-04,4927.0,Web
C03000,2025-12-25,8102.0,Store
C03000,2025-12-30,5701.0,Store
C03000,2026-01-27,7263.0,App
C03000,2026-02-24,5628.0,Store
C03000,2026-03-29,6927.0,Store
C03000,2026-05-27,2312.0,Web
C03000,2026-07-19,8886.0,Web
